legacy_id,municipio_ibge,cidade,cidade_normalizada,uf,titulo,cabecalho,conteudo_original,status,alerta,endereco,bairro,cep_principal,observacoes,telefones,emails,cnpjs,ceps,enderecos,latitude_municipio,longitude_municipio,geo_latitude,geo_longitude,geo_source,geo_label,ativo
1,1504208,Marabá,MARABA,PA,DISTRIBUIDORA MUNDIAL,MARABA/PA,"MARABA/PA

DISTRIBUIDORA MUNDIAL

RUA PEDRO MARINHO, 2315 - CIDADE NOVA

CEP: 68501-710

(094)3324-2772

divino_rebobinadoramundial@hotmail.com",NORMAL,,"RUA PEDRO MARINHO, 2315 - CIDADE NOVA, Marabá/PA",,68501-710,,"[""(094)3324-2772""]","[""divino_rebobinadoramundial@hotmail.com""]",[],"[""68501-710""]","[""RUA PEDRO MARINHO, 2315 - CIDADE NOVA, Marabá/PA""]",-5.38075,-49.1327,,,municipality,Marabá/PA,True
2,3519600,Ibitinga,IBITINGA,SP,16 98174-3670 Kiyoshi Katata,IBITINGA – SP,"IBITINGA – SP

16 98174-3670 Kiyoshi Katata

CENTRAL COM. E SERV DE MOTORES ELETRICOS LTDA – ME (CENTRAL ELETROMOTORES)

CNPJ; 37.346.996/0001-00
RUA JOAO RODRIGUES JOTA, 432, SANTOS DUMONT
ITUMBIARA - GO
CEP 75503-970
centraleletromotores@hotmail.com

64-3431-5891 / 64-99966-3559

SONIA MARIA DE JESUS SANTOS

JOSE QUINTILIANO LEÃO, 92 - CENTRO
QUIRINOPOLIS - GO
Telefones: (64) 3651.5204 | (64) 98453.8670
refrigeracao7@hotmail.com",NORMAL,,"RUA JOAO RODRIGUES JOTA, 432, SANTOS DUMONT, Ibitinga/SP",,75503-970,,"[""16 98174-3670"",""64-3431-5891"",""64-99966-3559"",""(64) 3651.5204"",""(64) 98453.8670""]","[""centraleletromotores@hotmail.com"",""refrigeracao7@hotmail.com""]","[""37.346.996/0001-00""]","[""75503-970""]","[""RUA JOAO RODRIGUES JOTA, 432, SANTOS DUMONT, Ibitinga/SP""]",-21.7562,-48.8319,,,municipality,Ibitinga/SP,True
3,1302603,Manaus,MANAUS,AM,FRANCISCO SEBASTIAO LEONARDO BORGES – TEKMAC,MANAUS AMAZONAS,"MANAUS AMAZONAS

FRANCISCO SEBASTIAO LEONARDO BORGES – TEKMAC

CNPJ: 43.653.191/0001-01

leoborges1934@gmail.com

92 99206-2054 LEONARDO

RUA BETULA, 44 – CIDADE DE DEUS

CEP: 69099-268 MANAUS – AM",NORMAL,,"RUA BETULA, 44 – CIDADE DE DEUS, Manaus/AM",,69099-268,,"[""92 99206-2054""]","[""leoborges1934@gmail.com""]","[""43.653.191/0001-01""]","[""69099-268""]","[""RUA BETULA, 44 – CIDADE DE DEUS, Manaus/AM""]",-3.11866,-60.0212,,,municipality,Manaus/AM,True
4,1302603,Manaus,MANAUS,AM,R B BARRETO DE CASTRO – ME (RBC BARRETO),AMAZONAS MANAUS,"AMAZONAS MANAUS

R B BARRETO DE CASTRO – ME (RBC BARRETO)

CNPJ: 24.635.693/0001-57

rbcassistenciatecnica@gmail.com

92 99456-4441 BERNARDO

RUA PROF. AURORA REGO, 51 - MONTE DAS OLIVEIRAS

CEP: 69092-504 MANAUS – AM",NORMAL,,"RUA PROF. AURORA REGO, 51 - MONTE DAS OLIVEIRAS, Manaus/AM",,69092-504,,"[""92 99456-4441""]","[""rbcassistenciatecnica@gmail.com""]","[""24.635.693/0001-57""]","[""69092-504""]","[""RUA PROF. AURORA REGO, 51 - MONTE DAS OLIVEIRAS, Manaus/AM""]",-3.11866,-60.0212,,,municipality,Manaus/AM,True
5,1302603,Manaus,MANAUS,AM,64.086.542 MARIA LUANA ALMEIDA LEMOS,AMAZONAS MANAUS,"AMAZONAS MANAUS

64.086.542 MARIA LUANA ALMEIDA LEMOS

CNPJ: 64.086.542/0001-01

mlalemos71@gmail.com

92 99203-7756 ROBERTO LEMOS

RUA LIRIO, 8 QD B CONJ FLAMANAL – PLANALTO

CEP: 69044-025 MANAUS - AM",NORMAL,,"RUA LIRIO, 8 QD B CONJ FLAMANAL – PLANALTO, Manaus/AM",,69044-025,,"[""92 99203-7756""]","[""mlalemos71@gmail.com""]","[""64.086.542/0001-01""]","[""69044-025""]","[""RUA LIRIO, 8 QD B CONJ FLAMANAL – PLANALTO, Manaus/AM""]",-3.11866,-60.0212,,,municipality,Manaus/AM,True
6,3119302,Coromandel,COROMANDEL,MG,ANDERSON RICARDO DE OLIVEIRA – ELETROMECANICA OLIVEIRA,MINAS GERAIS COROMANDEL,"MINAS GERAIS COROMANDEL

ANDERSON RICARDO DE OLIVEIRA – ELETROMECANICA OLIVEIRA

CNPJ: 11.321.252/0001-39

andersonricardo@hotmail.com

34 998130831 GABRIEL

AV. JOSE CAETANO FILHO, 268 – SANTA MARIA

CEP: 38550-000 COROMANDEL – MG",NORMAL,,"AV. JOSE CAETANO FILHO, 268 – SANTA MARIA, Coromandel/MG",,38550-000,,"[""34 998130831""]","[""andersonricardo@hotmail.com""]","[""11.321.252/0001-39""]","[""38550-000""]","[""AV. JOSE CAETANO FILHO, 268 – SANTA MARIA, Coromandel/MG""]",-18.4734,-47.1933,,,municipality,Coromandel/MG,True
7,3122702,Dom Silvério,DOM SILVERIO,MG,LUCAS PAINS – PAINS SERVICE,MINAS GERAIS DOM SILVÉRIO,"MINAS GERAIS DOM SILVÉRIO

LUCAS PAINS – PAINS SERVICE

31 98454-7588

lucaspainsservice@gmail.com",NORMAL,,,,,,"[""31 98454-7588""]","[""lucaspainsservice@gmail.com""]",[],[],[],-20.1627,-42.9627,,,municipality,Dom Silvério/MG,True
8,3107406,Bom Despacho,BOM DESPACHO,MG,RONILSON JOSE DE ASSIS – ALFA INSTALAÇÕES COMERCIAIS,BOM DESPACHO – MINAS GERAIS,"BOM DESPACHO – MINAS GERAIS

RONILSON JOSE DE ASSIS – ALFA INSTALAÇÕES COMERCIAIS

CNPJ: 48.908.846/0001-50

assisronilson@yahoo.co.br

37 99946-5559

AVENIDA DAS PALMEIRAS, 377 – BAIRRO SÃO JOÃO

CEP: 35634-002 BOM DESPACHO MG",NORMAL,,"AVENIDA DAS PALMEIRAS, 377 – BAIRRO SÃO JOÃO, Bom Despacho/MG",,35634-002,,"[""37 99946-5559""]","[""assisronilson@yahoo.co.br""]","[""48.908.846/0001-50""]","[""35634-002""]","[""AVENIDA DAS PALMEIRAS, 377 – BAIRRO SÃO JOÃO, Bom Despacho/MG""]",-19.7386,-45.2622,,,municipality,Bom Despacho/MG,True
9,3107406,Bom Despacho,BOM DESPACHO,MG,SIDNEY DE OLIVEIRA PINTO – ORION INSTALAÇÕES ELETRICAS,BOM DESPACHO – MINAS GERAIS,"BOM DESPACHO – MINAS GERAIS

SIDNEY DE OLIVEIRA PINTO – ORION INSTALAÇÕES ELETRICAS

CNPJ: 17.122.676/0001-50

sidney_bd@hotmail.com / orion@topsdebd.com.br

37 98824-5053 / 99112-5476 / 99959.7053 SIDNEY

RUA FAUSTINO TEIXEIRA, 840 – OZANAN

CEP: 35636-172 Bom Despacho - MG",NORMAL,,"RUA FAUSTINO TEIXEIRA, 840 – OZANAN, Bom Despacho/MG",,35636-172,,"[""37 98824-5053"",""99112-5476"",""99959.7053""]","[""sidney_bd@hotmail.com"",""orion@topsdebd.com.br""]","[""17.122.676/0001-50""]","[""35636-172""]","[""RUA FAUSTINO TEIXEIRA, 840 – OZANAN, Bom Despacho/MG""]",-19.7386,-45.2622,,,municipality,Bom Despacho/MG,True
10,3107406,Bom Despacho,BOM DESPACHO,MG,Reparo Balanças e Máquinas,Bom Despacho - Minas Gerais  - (assistência Gural)​​,"Bom Despacho - Minas Gerais  - (assistência Gural)​​

Reparo Balanças e Máquinas

(37)99985-0700

Rua do Rosario, 1244, Jardim América

CEP 35633162

Bom Despacho

MG

(X)MECÂNICA (X)ELETRÔNICA

DEISON TROJAHN SAUERESSIG (MAQGELAR)

(51)3722-2420

maqgelar_consertos@hotmail.com

ENDEREÇO: RUA APARICIO BORGES, nº 22 – DREWS",NORMAL,,"Rua do Rosario, 1244, Jardim América, Bom Despacho/MG",,35633162,,"[""(37)99985-0700"",""(51)3722-2420""]","[""maqgelar_consertos@hotmail.com""]",[],"[""35633162""]","[""Rua do Rosario, 1244, Jardim América, Bom Despacho/MG"",""RUA APARICIO BORGES, nº 22 – DREWS, Bom Despacho/MG""]",-19.7386,-45.2622,,,municipality,Bom Despacho/MG,True
11,4303004,Cachoeira do Sul,CACHOEIRA DO SUL,RS,CIBELE XAVIER DA CONCEIÇÃO (SUPER ASSISTENCIA TECNICA),CACHOEIRA DO SUL – RS,"CACHOEIRA DO SUL – RS

CIBELE XAVIER DA CONCEIÇÃO (SUPER ASSISTENCIA TECNICA)

ci_nirdo@hotmail.com

49 99988-3726 onildo

AV. ANTONIO FRANCISCO GHIZONI, S/N – TRAÇADO",NORMAL,,"AV. ANTONIO FRANCISCO GHIZONI, S/N – TRAÇADO, Cachoeira do Sul/RS",,,,"[""49 99988-3726""]","[""ci_nirdo@hotmail.com""]",[],[],"[""AV. ANTONIO FRANCISCO GHIZONI, S/N – TRAÇADO, Cachoeira do Sul/RS""]",-30.033,-52.8928,,,municipality,Cachoeira do Sul/RS,True
12,4218905,Urubici,URUBICI,SC,Rita de Cássia,URUBICI – SC,"URUBICI – SC

Rita de Cássia
Gerente Administrativa
Rua Belgrado, 27 B – Jardim Olinda II
28911-040 - Cabo Frio / RJ

OLIVEIRA E ALBERTO ELETROELETRONICA LTDA -   Home Service Balanças & Cia
CNPJ 03.506.213/0001-88

(22)2644-3774 – 22 99211-3296 GILVAN

(22) 2643-8212 / 99235-2399 RIRA

home.service@uol.com.br

RUA BELGRADO, 27 B - Bairro: JD OLINDA II

CEP: 28911-040 - CABO FRIO – RJ

Rua Luiza de Souza Serpa, 27 B - Jardim Olinda

CEP: 28911-040 Cabo Frio - RJ

R.O. DA SILVA OFICINA MECANICA – ME       verificar

(22)2643-5388

r.o.dasilvaoficina@hotmail.com

ENDEREÇO: RUA CURITIBA, nº 96 - Bairro: JD OLINDA",CONSULTAR_ANTES,VERIFICAR,"Rua Belgrado, 27 B – Jardim Olinda II, Urubici/SC",,28911-040,,"[""(22)2644-3774"",""22 99211-3296"",""(22) 2643-8212"",""99235-2399"",""(22)2643-5388""]","[""home.service@uol.com.br"",""r.o.dasilvaoficina@hotmail.com""]","[""03.506.213/0001-88""]","[""28911-040""]","[""Rua Belgrado, 27 B – Jardim Olinda II, Urubici/SC"",""RUA BELGRADO, 27 B - Bairro: JD OLINDA II, Urubici/SC"",""Rua Luiza de Souza Serpa, 27 B - Jardim Olinda, Urubici/SC"",""R.O. DA SILVA OFICINA MECANICA – ME verificar, Urubici/SC""]",-28.0157,-49.5925,,,municipality,Urubici/SC,True
13,3300704,Cabo Frio,CABO FRIO,RJ,CENTRALMAQ-MAQUINAS E EQUIPAMENTOS LTDA ---- VERIFICAR,CABO FRIO – RJ,"CABO FRIO – RJ

CENTRALMAQ-MAQUINAS E EQUIPAMENTOS LTDA   ---- VERIFICAR

(82)3223-2410

assistencia@centerfrios.com

ENDEREÇO: CJ JOAO SAMPAIO I, nº 247 Bairro: PETROPOLIS",CONSULTAR_ANTES,VERIFICAR,"CJ JOAO SAMPAIO I, nº 247 Bairro: PETROPOLIS, Cabo Frio/RJ",,,,"[""(82)3223-2410""]","[""assistencia@centerfrios.com""]",[],[],"[""CJ JOAO SAMPAIO I, nº 247 Bairro: PETROPOLIS, Cabo Frio/RJ""]",-22.8894,-42.0286,,,municipality,Cabo Frio/RJ,True
14,2704302,Maceió,MACEIO,AL,(082)99346-4774 - Emanoel,"MACEIO – ALAGOAS 
**54.379.394 EMANOEL ESDRAS DAS NEVES SILVA** - JOPEB MANUTENCAO DE EQUIPAMENTOS LTDA","MACEIO – ALAGOAS 
**54.379.394 EMANOEL ESDRAS DAS NEVES SILVA** - JOPEB MANUTENCAO DE EQUIPAMENTOS LTDA

(082)99346-4774 - Emanoel

assistenciamcz@jopeb.com.br

Rua Senador Rui Palmeira, 1257E - Feitosa
CEP: 57043-200",NORMAL,,"Rua Senador Rui Palmeira, 1257E - Feitosa, Maceió/AL",,57043-200,,[],"[""assistenciamcz@jopeb.com.br""]",[],"[""57043-200""]","[""Rua Senador Rui Palmeira, 1257E - Feitosa, Maceió/AL""]",-9.66599,-35.735,,,municipality,Maceió/AL,True
15,2704302,Maceió,MACEIO,AL,Assistências em Maceió/AL,MACEIO – ALAGOAS,"MACEIO – ALAGOAS

Felipe do Ponto Certo Refrigeração / fone (82) 9 8888-0778",NORMAL,,,,,,"[""8888-0778""]",[],[],[],[],-9.66599,-35.735,,,municipality,Maceió/AL,True
16,2704302,Maceió,MACEIO,AL,Nome da empresa: TECPECAS DE ALAGOAS LTDA,MACEIO ALAGOAS,"MACEIO ALAGOAS

Nome da empresa: TECPECAS DE ALAGOAS LTDA

Telefone: 82 3326-6205 / 82 99622-2445

Lucas soares

e-mail: garantia.tecpecas@outlook.com

Endereço: Rua 16 de Setembro, 180 - Levada",NORMAL,,"Rua 16 de Setembro, 180 - Levada, Maceió/AL",,,,"[""82 3326-6205"",""82 99622-2445""]","[""garantia.tecpecas@outlook.com""]",[],[],"[""Rua 16 de Setembro, 180 - Levada, Maceió/AL""]",-9.66599,-35.735,,,municipality,Maceió/AL,True
17,2707701,Rio Largo,RIO LARGO,AL,CENTRAL MAQUINAS LTDA,RIO LARGO ALAGOAS,"RIO LARGO ALAGOAS

CENTRAL MAQUINAS LTDA

CNPJ: 41.683.016/0001-23

cassianorepresentacoes@outlook.com.br

TEL: 82 99353-4628 MIGUEL",NORMAL,,,,,,"[""82 99353-4628""]","[""cassianorepresentacoes@outlook.com.br""]","[""41.683.016/0001-23""]",[],[],-9.47783,-35.8394,,,municipality,Rio Largo/AL,True
18,2707701,Rio Largo,RIO LARGO,AL,CENTRAL DO AÇOUGUEIRO LTDA,RIO LARGO ALAGOAS,"RIO LARGO ALAGOAS

CENTRAL DO AÇOUGUEIRO LTDA

CNPJ: 29.158.674/0001-09

centraldoacougueiro.adm@gmail.com

82 98103-8212 ELISANGELA

LOT CIDADE JARDIM I, S/N – QD 98 LT 24 – PREF. ANTONIO L DE SOUZA

CEP: 57100-000 RIO LARGO - AL",NORMAL,,,,57100-000,,"[""82 98103-8212""]","[""centraldoacougueiro.adm@gmail.com""]","[""29.158.674/0001-09""]","[""57100-000""]",[],-9.47783,-35.8394,,,municipality,Rio Largo/AL,True
19,2700300,Arapiraca,ARAPIRACA,AL,STAR BALANÇAS LTDA,ARAPIRACA ALAGOAS,"ARAPIRACA ALAGOAS

STAR BALANÇAS LTDA

CNPJ: 12.639.693/0001-46

starbalancas@live.com

82 98234-3702 ANNYELLY

RUA SÃO FRANCISCO, 1180 – OURO PRETO

CEP: 57301-110 ARAPIRACA -AL",NORMAL,,"RUA SÃO FRANCISCO, 1180 – OURO PRETO, Arapiraca/AL",,57301-110,,"[""82 98234-3702""]","[""starbalancas@live.com""]","[""12.639.693/0001-46""]","[""57301-110""]","[""RUA SÃO FRANCISCO, 1180 – OURO PRETO, Arapiraca/AL""]",-9.75487,-36.6615,,,municipality,Arapiraca/AL,True
20,2700300,Arapiraca,ARAPIRACA,AL,CARDOSO & MARTINS COM. DE MAQ. E EQUIP. LTDA – STAR BALANCAS MAQ. E EQUIP.,ARAPIRACA ALAGOAS,"ARAPIRACA ALAGOAS

CARDOSO & MARTINS COM. DE MAQ. E EQUIP. LTDA – STAR BALANCAS MAQ. E EQUIP.

CNPJ: 32.893.498/0001-55

starbalancas@live.com

82 98234-3702 ANNYELLY

ROD AL-220, 2150 B – DEP. NEZINHO

CEP: 57307-610 ARAPIRACA – AL",NORMAL,,"ROD AL-220, 2150 B – DEP. NEZINHO, Arapiraca/AL",,57307-610,,"[""82 98234-3702""]","[""starbalancas@live.com""]","[""32.893.498/0001-55""]","[""57307-610""]","[""ROD AL-220, 2150 B – DEP. NEZINHO, Arapiraca/AL""]",-9.75487,-36.6615,,,municipality,Arapiraca/AL,True
21,2700300,Arapiraca,ARAPIRACA,AL,WAGNER DE OLIVEIRA SILVA PEREIRA (WTEC SOLUÇÕES TECNICAS),ARAPIRACA ALAGOAS,"ARAPIRACA ALAGOAS

WAGNER DE OLIVEIRA SILVA PEREIRA (WTEC SOLUÇÕES TECNICAS)

CNPJ: 43.381.312/0001-03

wtec_solucoestecnicas@hotmail.com

82 98133-8821 WAGNER

RUA MARIA ALVES DOS SANTOS, 124 – SENADOR NILO COELHO

CEP.: 57309-341 ARAPIRACA – AL",NORMAL,,"RUA MARIA ALVES DOS SANTOS, 124 – SENADOR NILO COELHO, Arapiraca/AL",,57309-341,,"[""82 98133-8821""]","[""wtec_solucoestecnicas@hotmail.com""]","[""43.381.312/0001-03""]","[""57309-341""]","[""RUA MARIA ALVES DOS SANTOS, 124 – SENADOR NILO COELHO, Arapiraca/AL""]",-9.75487,-36.6615,,,municipality,Arapiraca/AL,True
22,2700300,Arapiraca,ARAPIRACA,AL,52.714.406 BRUNA HAYARY TENORIO DE MELO – WBTEC ASSISTENCIA TECNICA,ARAPIRACA ALAGOAS,"ARAPIRACA ALAGOAS

52.714.406 BRUNA HAYARY TENORIO DE MELO – WBTEC ASSISTENCIA TECNICA

CNPJ: 52.714.406/0001-30

wbtecassistencia@gmail.com

82 99421-1102 NAYARA / 82 99620-1941 WALTER

RUA MONSENHOR MACEDO, 69 – QD 0027 – CENTRO

CEP: 57300-370 ARAPIRACA – AL",NORMAL,,"RUA MONSENHOR MACEDO, 69 – QD 0027 – CENTRO, Arapiraca/AL",,57300-370,,"[""82 99421-1102"",""82 99620-1941""]","[""wbtecassistencia@gmail.com""]","[""52.714.406/0001-30""]","[""57300-370""]","[""RUA MONSENHOR MACEDO, 69 – QD 0027 – CENTRO, Arapiraca/AL""]",-9.75487,-36.6615,,,municipality,Arapiraca/AL,True
23,2706307,Palmeira dos Índios,PALMEIRA DOS INDIOS,AL,WBTEC ASSISTENCIA TECNICA LTDA,PALMEIRA DOS INDIOS – ALAGOAS,"PALMEIRA DOS INDIOS – ALAGOAS

WBTEC ASSISTENCIA TECNICA LTDA

CNPJ: 46.024.305/0001-34

wbtecassistencia@gmail.com

82 99421-1102 NAYARA / 82 99620-1941 WALTER

AV. MUNIZ FALCAO, 139 C – JOSE MAIA COSTA

CEP: 57602-490 PALMEIRA DOS INDIOS – AL

Oliveira Soluções Em Elétrica E Refrigeração (TIFLUX)

12 99617-9387",NORMAL,,"AV. MUNIZ FALCAO, 139 C – JOSE MAIA COSTA, Palmeira dos Índios/AL",,57602-490,,"[""82 99421-1102"",""82 99620-1941"",""12 99617-9387""]","[""wbtecassistencia@gmail.com""]","[""46.024.305/0001-34""]","[""57602-490""]","[""AV. MUNIZ FALCAO, 139 C – JOSE MAIA COSTA, Palmeira dos Índios/AL""]",-9.40568,-36.6328,,,municipality,Palmeira dos Índios/AL,True
24,3544301,Roseira,ROSEIRA,SP,Fernando Elétrica (TIFLUX),ROSEIRA – SP,"ROSEIRA – SP

Fernando Elétrica (TIFLUX)
33 99957-3448",NORMAL,,,,,,"[""33 99957-3448""]",[],[],[],[],-22.8938,-45.307,,,municipality,Roseira/SP,True
25,3101102,Aimorés,AIMORES,MG,Adailton - PIABINHA (TIFLUX),Aimorés MG,"Aimorés MG

Adailton - PIABINHA  (TIFLUX)
Adailton Borges

38 99956-8042",NORMAL,,,,,,"[""38 99956-8042""]",[],[],[],[],-19.5007,-41.0746,,,municipality,Aimorés/MG,True
26,3109204,Buenópolis,BUENOPOLIS,MG,Pedro Mimaquinas Mariana (INDICAÇÃO THIAGO),Buenópolis MG,"Buenópolis MG

Pedro Mimaquinas Mariana (INDICAÇÃO THIAGO)

31 98588-7313 PEDRO

Refrigeracao Mimaquinas

31 98371-8119 HENRIQUE

Rua do Catete 133, Centro",NORMAL,,"Rua do Catete 133, Centro, Buenópolis/MG",,,,"[""31 98588-7313"",""31 98371-8119""]",[],[],[],"[""Rua do Catete 133, Centro, Buenópolis/MG""]",-17.8744,-44.1775,,,municipality,Buenópolis/MG,True
27,3140001,Mariana,MARIANA,MG,REFRIGERACAO MIMAQUINAS LTDA,MARIANA – MG,"MARIANA – MG

REFRIGERACAO MIMAQUINAS LTDA

CNPJ: 37.414.964/0001-96

refrigeracao@mimaquinas.com.br

Telefone: 31 98371-8119 HENRIQUE

Endereço: Rua Conego Amando, 527 São Jose",NORMAL,,"Rua Conego Amando, 527 São Jose, Mariana/MG",,,,"[""31 98371-8119""]","[""refrigeracao@mimaquinas.com.br""]","[""37.414.964/0001-96""]",[],"[""Rua Conego Amando, 527 São Jose, Mariana/MG""]",-20.3765,-43.414,,,municipality,Mariana/MG,True
28,3140001,Mariana,MARIANA,MG,MARCELO TADEU PAIVA MONTEIRO (M.M REPAROS ELETRICOS E INSTALAÇÕES),MARIANA – MG,"MARIANA – MG

CEP: 35426-060

MARCELO TADEU PAIVA MONTEIRO (M.M REPAROS ELETRICOS E INSTALAÇÕES)

CNPJ: 17.589.346/0001-70

marcelojimmy83@hotmail.com

32 99817-8373 MARCELO

RUA ANTENOR PRUDENCIO SILVA, 175 – BELA VISTA

ALEM PARAIBA – MG

CEP: 36660-000

CLAUDIO WAGNER DA SILVA (ASTEC EQUIPAMENTOS)

CNPJ: 22.699.396/0001-40

claudiowagnerdasilva@yahoo.com.br

32 99952-3023",NORMAL,,"RUA ANTENOR PRUDENCIO SILVA, 175 – BELA VISTA, Mariana/MG",,35426-060,,"[""32 99817-8373"",""32 99952-3023""]","[""marcelojimmy83@hotmail.com"",""claudiowagnerdasilva@yahoo.com.br""]","[""17.589.346/0001-70"",""22.699.396/0001-40""]","[""35426-060"",""36660-000""]","[""RUA ANTENOR PRUDENCIO SILVA, 175 – BELA VISTA, Mariana/MG""]",-20.3765,-43.414,,,municipality,Mariana/MG,True
29,3162500,São João del Rei,SAO JOAO DEL REI,MG,Maycon Mathias (TIFLUX),SÃO JOÃO DEL REI – MG,"SÃO JOÃO DEL REI – MG

RUA MARIO DE CASTRO LOPES, 75 B – BAIRRO SOLAR DA SERRA

CEP: 36302-611

RUA SEBASTIÃO MARTINS FERREIRA, 43 - BAIRRO SOLAR DA SERRA

CEP: 36302-624

Maycon Mathias (TIFLUX) 
44 99984-0906",NORMAL,,"RUA MARIO DE CASTRO LOPES, 75 B – BAIRRO SOLAR DA SERRA, São João del Rei/MG",,36302-611,,"[""44 99984-0906""]",[],[],"[""36302-611"",""36302-624""]","[""RUA MARIO DE CASTRO LOPES, 75 B – BAIRRO SOLAR DA SERRA, São João del Rei/MG"",""RUA SEBASTIÃO MARTINS FERREIRA, 43 - BAIRRO SOLAR DA SERRA, São João del Rei/MG""]",-21.1311,-44.2526,,,municipality,São João del Rei/MG,True
30,4106605,Cruzeiro do Oeste,CRUZEIRO DO OESTE,PR,ADRIANO AUGUSTO TAVARES (ACIONAR SÓ SE NÃO TIVER OPÇÃO),Cruzeiro do Oeste PR,"Cruzeiro do Oeste PR

ADRIANO AUGUSTO TAVARES  (ACIONAR SÓ SE NÃO TIVER OPÇÃO)

afeletrica@outlook.com.br

FONE: 18 99602-3575

RUA PALMARES, 484 (FUNDOS)

BAIRRO: PATRIMONIO SANTO ANTONIO

CEP: 16200-810 – BIRIGUI SP

JOSE ROBERTO MULATO BIRIGUI (WATTS ELETRICA E MECANICA)

CNPJ: 03.598.161/0001-17

beto.watts@hotmail.com /  wattseletricamecanica@hotmail.com

18 3641-1217 GISELE – 99609-9490 BETO

RUA SILVARES, 541 – PATRIMONIO SILVARES

CEP: 16201-013 – BIRIGUI SP",CONSULTAR_ANTES,SO SE NAO TIVER; ACIONAR SO,"RUA PALMARES, 484 (FUNDOS), Cruzeiro do Oeste/PR",,16200-810,,"[""18 99602-3575"",""18 3641-1217"",""99609-9490""]","[""afeletrica@outlook.com.br"",""beto.watts@hotmail.com"",""wattseletricamecanica@hotmail.com""]","[""03.598.161/0001-17""]","[""16200-810"",""16201-013""]","[""RUA PALMARES, 484 (FUNDOS), Cruzeiro do Oeste/PR"",""RUA SILVARES, 541 – PATRIMONIO SILVARES, Cruzeiro do Oeste/PR""]",-23.7799,-53.0774,,,municipality,Cruzeiro do Oeste/PR,True
31,1200401,Rio Branco,RIO BRANCO,AC,MEGA COMERCIO DE EQUIPAMENTOS INSDUSTRIAIS LTDA (TEC INOX),RIO BRANCO ACRE,"RIO BRANCO ACRE

MEGA COMERCIO DE EQUIPAMENTOS INSDUSTRIAIS LTDA (TEC INOX)

CNPJ: 19.470.704/0002-37

decarliprocessosrh@outlook.com

68 99922-4242 CRIS

RUA TERRA, 34 – NOVA ESPERANÇA

CEP: 69915-200 RIO BRANCO – ACRE",NORMAL,,"RUA TERRA, 34 – NOVA ESPERANÇA, Rio Branco/AC",,69915-200,,"[""68 99922-4242""]","[""decarliprocessosrh@outlook.com""]","[""19.470.704/0002-37""]","[""69915-200""]","[""RUA TERRA, 34 – NOVA ESPERANÇA, Rio Branco/AC""]",-9.97499,-67.8243,,,municipality,Rio Branco/AC,True
32,1600303,Macapá,MACAPA,AP,MORAES MAQUINAS PEÇAS & SERVIÇOS LTDA,MACAPÁ – AMAPÁ,"MACAPÁ – AMAPÁ

MORAES MAQUINAS PEÇAS & SERVIÇOS LTDA

CNPJ: 32.562.525/0001-07

moraesfernanda4565@gmail.com

96 99105-1471 FERNANDA

RUA ELIEZER LEVY, 400 SALA A – JULIÃO RAMOS

CEP: 68908-183 MACAPA – AP",NORMAL,,"RUA ELIEZER LEVY, 400 SALA A – JULIÃO RAMOS, Macapá/AP",,68908-183,,"[""96 99105-1471""]","[""moraesfernanda4565@gmail.com""]","[""32.562.525/0001-07""]","[""68908-183""]","[""RUA ELIEZER LEVY, 400 SALA A – JULIÃO RAMOS, Macapá/AP""]",0.034934,-51.0694,,,municipality,Macapá/AP,True
33,2109908,Santa Inês,SANTA INES,MA,BRASTEC ELETRONICA LTDA,MARANHÃO SANTA INES,"MARANHÃO SANTA INES

BRASTEC ELETRONICA LTDA

CNPJ: 09.335.980/0001-58

sac@brasteceletronica.com.br

98 3653-0686 ESLI

98 3025-0032 e 3653-0686
98 98866-2724 e 99200-4599

RUA NOVA, 105 – CENTRO

CEP: 65300-067 SANTA INES - MA",NORMAL,,"RUA NOVA, 105 – CENTRO, Santa Inês/MA",,65300-067,,"[""98 3653-0686"",""98 3025-0032"",""3653-0686"",""98 98866-2724"",""99200-4599""]","[""sac@brasteceletronica.com.br""]","[""09.335.980/0001-58""]","[""65300-067""]","[""RUA NOVA, 105 – CENTRO, Santa Inês/MA""]",-3.65112,-45.3774,,,municipality,Santa Inês/MA,True
34,2109106,Presidente Dutra,PRESIDENTE DUTRA,MA,F JEFERSON B DE SOUSA (MÃO DE OBRA CARA),MARANHÃO PRESIDENTE DUTRA,"MARANHÃO PRESIDENTE DUTRA

F JEFERSON B DE SOUSA (MÃO DE OBRA CARA)

CNPJ: 46.649.076/0001-43

jeferson991757002@gmail.com

99 98541-0377 JEFERSON

RUA MANOEL CRISANTO, SN – VILA MILITAR

CEP: 65760-000 PRESIDENTE DUTRA – MA",CONSULTAR_ANTES,MAO DE OBRA (?:MUITO )?CARA,"RUA MANOEL CRISANTO, SN – VILA MILITAR, Presidente Dutra/MA",,65760-000,,"[""991757002"",""99 98541-0377""]","[""jeferson991757002@gmail.com""]","[""46.649.076/0001-43""]","[""65760-000""]","[""RUA MANOEL CRISANTO, SN – VILA MILITAR, Presidente Dutra/MA""]",-5.2898,-44.495,,,municipality,Presidente Dutra/MA,True
35,2101202,Bacabal,BACABAL,MA,R ARRUDA CINOCA LTDA – ELETRICA ARRUDA,MARANHÃO BACABAL,"MARANHÃO BACABAL

R ARRUDA CINOCA LTDA – ELETRICA ARRUDA

CNPJ: 12.321.518/0001-06

99 9116-6261 BERG

RUA ANTONIO LOBO, 243 – CENTRO

CEP: 65700-000 BACABAL - MA",NORMAL,,"RUA ANTONIO LOBO, 243 – CENTRO, Bacabal/MA",,65700-000,,"[""99 9116-6261""]",[],"[""12.321.518/0001-06""]","[""65700-000""]","[""RUA ANTONIO LOBO, 243 – CENTRO, Bacabal/MA""]",-4.22447,-44.7832,,,municipality,Bacabal/MA,True
36,2108009,Pastos Bons,PASTOS BONS,MA,ELAINE MORAIS LEAL – GAEL ELETROMOTORES E AUTOMACAO,MARANHÃO PASTOS BONS,"MARANHÃO PASTOS BONS

ELAINE MORAIS LEAL – GAEL ELETROMOTORES E AUTOMACAO

CNPJ: 34.297.198/0001-39

lrcontabil2@gmail.com

99 98463-8556 USIEL

AVENIDA DOMINGOS SERTÃO, 286 – SÃO JOSE

CEP: 65870-000 PASTOS BONS – MA",NORMAL,,"AVENIDA DOMINGOS SERTÃO, 286 – SÃO JOSE, Pastos Bons/MA",,65870-000,,"[""99 98463-8556""]","[""lrcontabil2@gmail.com""]","[""34.297.198/0001-39""]","[""65870-000""]","[""AVENIDA DOMINGOS SERTÃO, 286 – SÃO JOSE, Pastos Bons/MA""]",-6.60296,-44.0745,,,municipality,Pastos Bons/MA,True
37,2100501,Alto Parnaíba,ALTO PARNAIBA,MA,A B DA SILVA COMERCIO E SERVIÇOS – ME (FOCOS MOTORES ELETRICOS),MARANHÃO ALTO PARNAIBA,"MARANHÃO ALTO PARNAIBA

A B DA SILVA COMERCIO E SERVIÇOS – ME (FOCOS MOTORES ELETRICOS)

CNPJ: 13.649.114/0001-09

antoniobarbosadasilva631@gmail.com

99 98427-6959 ANTONIO

AVENIDA TOCANTINS, S/N – SANTO ANTONIO

CEP: 65810-000 ALTO PARNAIBA – MA",NORMAL,,"AVENIDA TOCANTINS, S/N – SANTO ANTONIO, Alto Parnaíba/MA",,65810-000,,"[""99 98427-6959""]","[""antoniobarbosadasilva631@gmail.com""]","[""13.649.114/0001-09""]","[""65810-000""]","[""AVENIDA TOCANTINS, S/N – SANTO ANTONIO, Alto Parnaíba/MA""]",-9.10273,-45.9303,,,municipality,Alto Parnaíba/MA,True
38,2100055,Açailândia,ACAILANDIA,MA,36.807.870 WILLAME SILVA CASTRO LIRO,MARANHÃO AÇAILÂNDIA,"MARANHÃO AÇAILÂNDIA

36.807.870 WILLAME SILVA CASTRO LIRO

CNPJ: 36.807.870/0001-14

willameflapa@gmail.com

99 99208-8955 WILLAME

RUA OZIEL ALVES, 10 QD 07 A – CALIFORNIA

CEP: 65930-000 AÇAILANDIA – MA",NORMAL,,"RUA OZIEL ALVES, 10 QD 07 A – CALIFORNIA, Açailândia/MA",,65930-000,,"[""99 99208-8955""]","[""willameflapa@gmail.com""]","[""36.807.870/0001-14""]","[""65930-000""]","[""RUA OZIEL ALVES, 10 QD 07 A – CALIFORNIA, Açailândia/MA""]",-4.94714,-47.5004,,,municipality,Açailândia/MA,True
39,2103307,Codó,CODO,MA,64.770.197 JOAO BATISTA FARIAS DA SILVA,CODÓ MARANHÃO,"CODÓ MARANHÃO

64.770.197 JOAO BATISTA FARIAS DA SILVA

CNPJ: 64.770.197/0001-20

jbs071020@gmail.com

99 99126-5919 JOÃO

TRAVESSA BAHIA, 1277 – CODO NOVO

CEP: 65400-000 CODO – MA",NORMAL,,"TRAVESSA BAHIA, 1277 – CODO NOVO/MA",,65400-000,,"[""99 99126-5919""]","[""jbs071020@gmail.com""]","[""64.770.197/0001-20""]","[""65400-000""]","[""TRAVESSA BAHIA, 1277 – CODO NOVO/MA""]",-4.45562,-43.8924,,,municipality,Codó/MA,True
40,2103307,Codó,CODO,MA,MAXIMA TENSAO ENERGIA LTDA,CODÓ MARANHÃO,"CODÓ MARANHÃO

MAXIMA TENSAO ENERGIA LTDA

CNPJ: 23.789.151/0001-76

maximatensao@hotmail.com

99 98166-5786 MAXWELL

RUA JOAQUIM NABUCO, 162 A – SANTO ANTONIO

CEP: 65400-000 CODO – MA",NORMAL,,"RUA JOAQUIM NABUCO, 162 A – SANTO ANTONIO, Codó/MA",,65400-000,,"[""99 98166-5786""]","[""maximatensao@hotmail.com""]","[""23.789.151/0001-76""]","[""65400-000""]","[""RUA JOAQUIM NABUCO, 162 A – SANTO ANTONIO, Codó/MA""]",-4.45562,-43.8924,,,municipality,Codó/MA,True
41,2111201,São José de Ribamar,SAO JOSE DE RIBAMAR,MA,59.077.609 ANTONIO ARAUJO DE OLIVEIRA JUNIOR,SÃO JOSÉ DE RIBAMAR – MARANHÃO,"SÃO JOSÉ DE RIBAMAR – MARANHÃO

59.077.609 ANTONIO ARAUJO DE OLIVEIRA JUNIOR

CNPJ: 59.077.609/0001-01

antoniojunior-jr@hotmail.com

98 98481-6988 ANTONIO

RUA DO NORTE 2000, 21 – NOVO COHATRAC

CEP: 65121-347 SÃO JOSE DO RIBAMAR - MA",NORMAL,,"RUA DO NORTE 2000, 21 – NOVO COHATRAC, São José de Ribamar/MA",,65121-347,,"[""98 98481-6988""]","[""antoniojunior-jr@hotmail.com""]","[""59.077.609/0001-01""]","[""65121-347""]","[""RUA DO NORTE 2000, 21 – NOVO COHATRAC, São José de Ribamar/MA""]",-2.54704,-44.0597,,,municipality,São José de Ribamar/MA,True
42,2111201,São José de Ribamar,SAO JOSE DE RIBAMAR,MA,ELWES WILLIAM CULHA LAGO,SÃO JOSÉ DE RIBAMAR – MARANHÃO,"SÃO JOSÉ DE RIBAMAR – MARANHÃO

ELWES WILLIAM CULHA LAGO

CPF: 605.235.483-62

elwescunhalago@gmail.com

98 98913-2260 ELWIS

RUA SÃO JOÃO, 31 – BOM JARDIM

CEP: 65110-000 SÃO JOSE DE RIBAMAR – MA",NORMAL,,"RUA SÃO JOÃO, 31 – BOM JARDIM, São José de Ribamar/MA",,65110-000,,"[""98 98913-2260""]","[""elwescunhalago@gmail.com""]",[],"[""65110-000""]","[""RUA SÃO JOÃO, 31 – BOM JARDIM, São José de Ribamar/MA""]",-2.54704,-44.0597,,,municipality,São José de Ribamar/MA,True
43,2111300,São Luís,SAO LUIS,MA,23.694.795 FRANCIVALDO DE ARAUJO SILVA,SÃO LUIS MARANHÃO,"SÃO LUIS MARANHÃO

23.694.795 FRANCIVALDO DE ARAUJO SILVA

CNPJ: 23.694.795/0001-80

francivaldosilva95@gmail.com

98 98302-9611 FRANCIVALDO

RUA TREZE, 18 QD 12 BL C – CIDADE OLIMPICA

CEP: 65058-531 SÃO LUIS - MA",NORMAL,,"RUA TREZE, 18 QD 12 BL C – CIDADE OLIMPICA, São Luís/MA",,65058-531,,"[""98 98302-9611""]","[""francivaldosilva95@gmail.com""]","[""23.694.795/0001-80""]","[""65058-531""]","[""RUA TREZE, 18 QD 12 BL C – CIDADE OLIMPICA, São Luís/MA""]",-2.53874,-44.2825,,,municipality,São Luís/MA,True
44,2111300,São Luís,SAO LUIS,MA,TECMASTER MANUTENCAO LTDA,SÃO LUIS MARANHÃO (falou que ia fazer atendimento e não deu mais retorno),"SÃO LUIS MARANHÃO (falou que ia fazer atendimento e não deu mais retorno)

TECMASTER MANUTENCAO LTDA

CNPJ: 21.027.616/0001-26

labordental.slz@hotmail.com

98 99614-3822 HENRIQUE

RUA PROJETADA 129, 100 – VINHAIS

CEP: 65070-499 SÃO LUIS – MA",NORMAL,,"RUA PROJETADA 129, 100 – VINHAIS, São Luís/MA",,65070-499,,"[""98 99614-3822""]","[""labordental.slz@hotmail.com""]","[""21.027.616/0001-26""]","[""65070-499""]","[""RUA PROJETADA 129, 100 – VINHAIS, São Luís/MA""]",-2.53874,-44.2825,,,municipality,São Luís/MA,True
45,2111300,São Luís,SAO LUIS,MA,ANDERSON DA S. CARVALHO – LED ELERONICA,SÃO LUIS MARANHÃO (falou que ia fazer atendimento e não deu mais retorno),"SÃO LUIS MARANHÃO (falou que ia fazer atendimento e não deu mais retorno)

ANDERSON DA S. CARVALHO – LED ELERONICA

CNPJ: 27.071.740/0001-75

ledeletronicama@hotmail.com

98 98812-4390 ANDERSON

RUA DE SÃO PANTALEÃO, 246 B – CENTRO

CEP: 65015-460 SÃO LUIS – MA",NORMAL,,"RUA DE SÃO PANTALEÃO, 246 B – CENTRO, São Luís/MA",,65015-460,,"[""98 98812-4390""]","[""ledeletronicama@hotmail.com""]","[""27.071.740/0001-75""]","[""65015-460""]","[""RUA DE SÃO PANTALEÃO, 246 B – CENTRO, São Luís/MA""]",-2.53874,-44.2825,,,municipality,São Luís/MA,True
46,2111300,São Luís,SAO LUIS,MA,VALDEILSON MAFRA CARDOSO (MM MAFRA MANUTENÇÕES),SÃO LUIS MARANHÃO,"SÃO LUIS MARANHÃO

VALDEILSON MAFRA CARDOSO (MM MAFRA MANUTENÇÕES)

CNPJ: 50.767.742/0001-15

maframanutencoes@hotmail.com / marcellomafratec@hotmail.com

98 98846-4160 MARCELO / 98 97013-8282

RUA ARMANDO VIEIRA DA SILVA, 48 – FATIMA",NORMAL,,"RUA ARMANDO VIEIRA DA SILVA, 48 – FATIMA, São Luís/MA",,,,"[""98 98846-4160"",""98 97013-8282""]","[""maframanutencoes@hotmail.com"",""marcellomafratec@hotmail.com""]","[""50.767.742/0001-15""]",[],"[""RUA ARMANDO VIEIRA DA SILVA, 48 – FATIMA, São Luís/MA""]",-2.53874,-44.2825,,,municipality,São Luís/MA,True
47,2111300,São Luís,SAO LUIS,MA,M C DE ALENCAR PESSOA E CIA LTDA - ME,SÃO LUIS MARANHÃO,"SÃO LUIS MARANHÃO

M C DE ALENCAR PESSOA E CIA LTDA - ME

suportetecnico@mctecma.com.br

FONE: 98 3221-1460 / 3221.1774 / 99160.8668

ENDEREÇO: AV GUAXENDUBA, nº 412 - CENTRO",NORMAL,,"AV GUAXENDUBA, nº 412 - CENTRO, São Luís/MA",,,,"[""98 3221-1460"",""3221.1774"",""99160.8668""]","[""suportetecnico@mctecma.com.br""]",[],[],"[""AV GUAXENDUBA, nº 412 - CENTRO, São Luís/MA""]",-2.53874,-44.2825,,,municipality,São Luís/MA,True
48,2111805,Sítio Novo,SITIO NOVO,MA,JADISON FERREIRA SANTANA,SITIO NOVO – MARANHÃO,"SITIO NOVO – MARANHÃO

JADISON FERREIRA SANTANA

99 98493-9655",NORMAL,,,,,,"[""99 98493-9655""]",[],[],[],[],-5.87601,-46.7033,,,municipality,Sítio Novo/MA,True
49,3549409,São Joaquim da Barra,SAO JOAQUIM DA BARRA,SP,GABRIEL MIGUEL (NÃO FAZ NOTA DE SERVIÇO),SÃO JOAQUIM DA BARRA – SP,"SÃO JOAQUIM DA BARRA – SP

GABRIEL MIGUEL (NÃO FAZ NOTA DE SERVIÇO)

16 99211-7786 GABRIEL

***L. TREVIZAN MACEDO LTDA (HD ELETRONICA)***

amarildo.n2332@gmail.com

16 99288-8111 AMARILDO

RUA SÃO PAULO, 2997 – JD PAULISTA",NORMAL,,"RUA SÃO PAULO, 2997 – JD PAULISTA, São Joaquim da Barra/SP",,,,"[""16 99211-7786"",""16 99288-8111""]","[""amarildo.n2332@gmail.com""]",[],[],"[""RUA SÃO PAULO, 2997 – JD PAULISTA, São Joaquim da Barra/SP""]",-20.5812,-47.8593,,,municipality,São Joaquim da Barra/SP,True
50,3549409,São Joaquim da Barra,SAO JOAQUIM DA BARRA,SP,PRS MANUTENCAO LTDA,SÃO JOAQUIM DA BARRA – SP,"SÃO JOAQUIM DA BARRA – SP

CEP: 14600-000

***PRS MANUTENCAO LTDA ***

adm.prs92@gmail.com

11 2638-5504 / 2981-5252 LETICIA

11 95915-9269 ADRIANO

RUA LEITE PENTEADO, 88 – VILA MEDEIROS",NORMAL,,"RUA LEITE PENTEADO, 88 – VILA MEDEIROS, São Joaquim da Barra/SP",,14600-000,,"[""11 2638-5504"",""2981-5252"",""11 95915-9269""]","[""adm.prs92@gmail.com""]",[],"[""14600-000""]","[""RUA LEITE PENTEADO, 88 – VILA MEDEIROS, São Joaquim da Barra/SP""]",-20.5812,-47.8593,,,municipality,São Joaquim da Barra/SP,True
51,3550308,São Paulo,SAO PAULO,SP,CELMAR COM. DE EQUIP. GASTRONOMICOS LTDA,SÃO PAULO – SP,"SÃO PAULO – SP

CEP: 02213-020

CELMAR COM. DE EQUIP. GASTRONOMICOS LTDA

CNPJ: 59.252.965/0001-14

contato@celmarcomercio.com.br

FONE: 12 3144-3531 / 99208-7921

AV. BENEDICTO MIRANDA ROCHA, 2 – JD EUROPA

CEP.: 12.702-350 – CRUZEIRO – SP

MARCIO DE SOUZA MARINS (M SOUZA MANUTENÇÃO)

E-MAIL: marciosbe79@hotmail.com

FONE: 22 99600-6878 MARCIO

Rua das Palmas, 20 – Figueira",NORMAL,,"AV. BENEDICTO MIRANDA ROCHA, 2 – JD EUROPA, São Paulo/SP",,02213-020,,"[""12 3144-3531"",""99208-7921"",""22 99600-6878""]","[""contato@celmarcomercio.com.br"",""marciosbe79@hotmail.com""]","[""59.252.965/0001-14""]","[""02213-020"",""12.702-350""]","[""AV. BENEDICTO MIRANDA ROCHA, 2 – JD EUROPA, São Paulo/SP"",""Rua das Palmas, 20 – Figueira, São Paulo/SP""]",-23.5329,-46.6395,,,municipality,São Paulo/SP,True
52,3300258,Arraial do Cabo,ARRAIAL DO CABO,RJ,JOSE DE OLIVEIRA DIAS JUNIOR (JD PRESTAÇÃO DE SERVIÇO E MANUTENÇÃO),Arraial do Cabo – RJ,"Arraial do Cabo – RJ

Cep: 28930-000 (INDICAR SÓ SE NÃO TIVER OUTRO, MÃO DE OBRA CARA)

JOSE DE OLIVEIRA DIAS JUNIOR (JD PRESTAÇÃO DE SERVIÇO E MANUTENÇÃO)

CNPJ: 49.129.923/0001-37

38 99965-5632 JUNIOR

juniordias79@gmail.com

RUA NEUZA DIAS, 137 – CENTRO",CONSULTAR_ANTES,MAO DE OBRA (?:MUITO )?CARA; SO SE NAO TIVER,"RUA NEUZA DIAS, 137 – CENTRO, Arraial do Cabo/RJ",,28930-000,,"[""38 99965-5632""]","[""juniordias79@gmail.com""]","[""49.129.923/0001-37""]","[""28930-000""]","[""RUA NEUZA DIAS, 137 – CENTRO, Arraial do Cabo/RJ""]",-22.9774,-42.0267,,,municipality,Arraial do Cabo/RJ,True
53,3123809,Engenheiro Navarro,ENGENHEIRO NAVARRO,MG,JULIO CESAR DE ARAUJO OLIVEIRA,ENGENHEIRO NAVARRO – MG,"ENGENHEIRO NAVARRO – MG

CEP: 39363-000

JULIO CESAR DE ARAUJO OLIVEIRA

CNPJ:  13.388.594/0001-00

21 96454-9223",NORMAL,,,,39363-000,,"[""21 96454-9223""]",[],"[""13.388.594/0001-00""]","[""39363-000""]",[],-17.2831,-43.947,,,municipality,Engenheiro Navarro/MG,True
54,3304904,São Gonçalo,SAO GONCALO,RJ,RRF SOLUCOES LTDA – R TEC (ATENDE FOZ DO IGUAÇU),São Gonçalo – RJ,"São Gonçalo – RJ

RRF SOLUCOES LTDA – R TEC (ATENDE FOZ DO IGUAÇU)

CNPJ: 35.308.955/0001-95

45 99919-0809 RUBEN

rubinhorenk@hotmail.com

RUA DAS VIOLETAS, 48 SANTA MONICA (ENDEREÇO DE ENTREGA CORREIO)",NORMAL,,"RUA DAS VIOLETAS, 48 SANTA MONICA (ENDEREÇO DE ENTREGA CORREIO), São Gonçalo/RJ",,,,"[""45 99919-0809""]","[""rubinhorenk@hotmail.com""]","[""35.308.955/0001-95""]",[],"[""RUA DAS VIOLETAS, 48 SANTA MONICA (ENDEREÇO DE ENTREGA CORREIO), São Gonçalo/RJ""]",-22.8268,-43.0634,,,municipality,São Gonçalo/RJ,True
55,4124053,Santa Terezinha de Itaipu,SANTA TEREZINHA DE ITAIPU,PR,ELETRO MODELO ****EIRELI (****ATENDE SÓ NO BALCÃO),SANTA TEREZINHA DE ITAIPU – PR,"SANTA TEREZINHA DE ITAIPU – PR

CEP: 85875000

**ELETRO MODELO ****EIRELI (****ATENDE SÓ NO BALCÃO)**

(45)3528-9000 MARCELO

eletromodelofoz@hotmail.com

** ENDEREÇO: **AV JUSCELINO KUBITSCHEK, nº 2134

Bairro: VILA PARAGUAIA",NORMAL,,"**AV JUSCELINO KUBITSCHEK, nº 2134, Santa Terezinha de Itaipu/PR",,85875000,,"[""(45)3528-9000""]","[""eletromodelofoz@hotmail.com""]",[],"[""85875000""]","[""**AV JUSCELINO KUBITSCHEK, nº 2134, Santa Terezinha de Itaipu/PR""]",-25.4391,-54.402,,,municipality,Santa Terezinha de Itaipu/PR,True
56,4108304,Foz do Iguaçu,FOZ DO IGUACU,PR,CONESUL COM. EQUIP. REFRIGERAÇÃO LTDA,FOZ DO IGUAÇU – PR,"FOZ DO IGUAÇU – PR

CONESUL COM. EQUIP. REFRIGERAÇÃO LTDA

CNPJ: 75.662.791/0001-14

conesulfoz@conesulfoz.com.br

45 3028-3737

AV. JUSCELINO KUBITSCHEK, 3031 – VILA BRASILIA

CEP.: 85864-000 FOZ DO IGUAÇU – PR

MARCIEL XAVIER FAUSTINO – MAQMAR

CNPJ: 13.526.313/0001-20

maqmar.vendas@gmail.com

94 99160-3412 MARCIEL  / 98153-3392

RUA BOM JARDIM, 324 – GUANABARA",NORMAL,,"AV. JUSCELINO KUBITSCHEK, 3031 – VILA BRASILIA, Foz do Iguaçu/PR",,85864-000,,"[""45 3028-3737"",""94 99160-3412"",""98153-3392""]","[""conesulfoz@conesulfoz.com.br"",""maqmar.vendas@gmail.com""]","[""75.662.791/0001-14"",""13.526.313/0001-20""]","[""85864-000""]","[""AV. JUSCELINO KUBITSCHEK, 3031 – VILA BRASILIA, Foz do Iguaçu/PR"",""RUA BOM JARDIM, 324 – GUANABARA, Foz do Iguaçu/PR""]",-25.5427,-54.5827,,,municipality,Foz do Iguaçu/PR,True
57,1505536,Parauapebas,PARAUAPEBAS,PA,FURTADO MAQUINAS RS LTDA,PARAUAPEBAS – PA,"PARAUAPEBAS – PA

***FURTADO MAQUINAS RS LTDA***

CNPJ: 44.971.139/0001-58

furtadomaquinasrs@gmail.com

54 99920-2524 FELIPE

AVENIDA 25 DE JULHO, 2840 – CENTRO (OFICINA)

(RUA ORELIO CAVAGNOLI, 291 – UNIDADE 3 – VIDEIRAS) CASA / ESCRITORIO",NORMAL,,"AVENIDA 25 DE JULHO, 2840 – CENTRO (OFICINA), Parauapebas/PA",,,,"[""54 99920-2524""]","[""furtadomaquinasrs@gmail.com""]","[""44.971.139/0001-58""]",[],"[""AVENIDA 25 DE JULHO, 2840 – CENTRO (OFICINA), Parauapebas/PA""]",-6.06781,-49.9037,,,municipality,Parauapebas/PA,True
58,4308201,Flores da Cunha,FLORES DA CUNHA,RS,MAQPECAS SERVICOS EIRELI,FLORES DA CUNHA – RS,"FLORES DA CUNHA – RS

CEP. 95270-000

MAQPECAS SERVICOS EIRELI

CNPJ: 20.890.536/0001-37

maqpecas01@gmail.com

95 3623-1725 / 99167-1999

AVENIDA VENEZUELA, 1350 – MECEJANA",NORMAL,,"AVENIDA VENEZUELA, 1350 – MECEJANA, Flores da Cunha/RS",,95270-000,,"[""95 3623-1725"",""99167-1999""]","[""maqpecas01@gmail.com""]","[""20.890.536/0001-37""]","[""95270-000""]","[""AVENIDA VENEZUELA, 1350 – MECEJANA, Flores da Cunha/RS""]",-29.0261,-51.1875,,,municipality,Flores da Cunha/RS,True
59,1400100,Boa Vista,BOA VISTA,RR,PRES EPITACIO – SP,BOA VISTA – RR,"BOA VISTA – RR

PRES EPITACIO – SP

CICERO FERREIRA DE BARROS PRES. EPITACIO - ME

REFRIMOTOR REFRIGERACAO E ELETRICA.

RUA VITORIA NUMERO 01-51 CENTRO

refrimotor@hotmail.com

CELULAR (18) 99715.8668 CICERO",NORMAL,,"RUA VITORIA NUMERO 01-51 CENTRO, Boa Vista/RR",,,,"[""(18) 99715.8668""]","[""refrimotor@hotmail.com""]",[],[],"[""RUA VITORIA NUMERO 01-51 CENTRO, Boa Vista/RR""]",2.82384,-60.6753,,,municipality,Boa Vista/RR,True
60,2918407,Juazeiro,JUAZEIRO,BA,ANTONIO VIEIRA DE MATOS – TECMAQ,BAHIA JUAZEIRO,"BAHIA JUAZEIRO

ANTONIO VIEIRA DE MATOS – TECMAQ

CNPJ: 34.299.669/0001-48

tecmaq@vol.com / tecmakjuazeiro@gmail.com

74 3611-4772 DEANGELA

74 98825-6505 MATOS

RUA DOS BANDEIRANTES, 104 – JOÃO XXIII

CEP: 48900-240 JUAZEIRO - BA",NORMAL,,"RUA DOS BANDEIRANTES, 104 – JOÃO XXIII, Juazeiro/BA",,48900-240,,"[""74 3611-4772"",""74 98825-6505""]","[""tecmaq@vol.com"",""tecmakjuazeiro@gmail.com""]","[""34.299.669/0001-48""]","[""48900-240""]","[""RUA DOS BANDEIRANTES, 104 – JOÃO XXIII, Juazeiro/BA""]",-9.41622,-40.5033,,,municipality,Juazeiro/BA,True
61,2905701,Camaçari,CAMACARI,BA,GUGA SERVIÇOS E INSTALAÇÕES LTDA,BAHIA CAMAÇARI,"BAHIA CAMAÇARI

GUGA SERVIÇOS E INSTALAÇÕES LTDA

CNPJ: 44.557.618/0001-22

gugaservicoseinstalacoes@gmail.com

71 9702-3420 VIVIANI

71 98412-7971 GUGA

RUA URANO, 19 – GRAVATA

CEP: 42803-724 CAMACARI - BA",NORMAL,,"RUA URANO, 19 – GRAVATA, Camaçari/BA",,42803-724,,"[""71 9702-3420"",""71 98412-7971""]","[""gugaservicoseinstalacoes@gmail.com""]","[""44.557.618/0001-22""]","[""42803-724""]","[""RUA URANO, 19 – GRAVATA, Camaçari/BA""]",-12.6996,-38.3263,,,municipality,Camaçari/BA,True
62,2930709,Simões Filho,SIMOES FILHO,BA,35.279.766 CLEBER ALVES DE OLIVEIRA SILVA – CS COZINHAS INDUSTRIAIS (NÃO FAZ DESLOCAMENTO),BAHIA SIMOES FILHO,"BAHIA SIMOES FILHO

35.279.766 CLEBER ALVES DE OLIVEIRA SILVA – CS COZINHAS INDUSTRIAIS (NÃO FAZ DESLOCAMENTO)

CNPJ: 35.279.766/0001-31

cscozinhasindustriais@gmail.com

71 98236-6576 CLEBER

RUA VITAL BRASIL, 193 – NUCLEO HAB. RUBENS COSTA CIA I (ANTIGO Nº 12)

CEP: 43715-490 SIMÕES FILHO – SP",CONSULTAR_ANTES,NAO FAZ DESLOCAMENTO,"RUA VITAL BRASIL, 193 – NUCLEO HAB. RUBENS COSTA CIA I (ANTIGO Nº 12), Simões Filho/BA",,43715-490,,"[""71 98236-6576""]","[""cscozinhasindustriais@gmail.com""]","[""35.279.766/0001-31""]","[""43715-490""]","[""RUA VITAL BRASIL, 193 – NUCLEO HAB. RUBENS COSTA CIA I (ANTIGO Nº 12), Simões Filho/BA""]",-12.7866,-38.4029,,,municipality,Simões Filho/BA,True
63,2913606,Ilhéus,ILHEUS,BA,52.836.875 ALEX DE JESUS DA SILVA – 3 A ASSESSORIA (CONSULTAR VALOR DE DESLOCAMENTO),BAHIA ILHÉUS,"BAHIA ILHÉUS

52.836.875 ALEX DE JESUS DA SILVA – 3 A ASSESSORIA (CONSULTAR VALOR DE DESLOCAMENTO)

CNPJ: 52.836.875/0001-21

alex.silva@3aassessoria.com / alex_tria@hotmail.com

13 98146-3358 ALEX

RUA NOVA ESPERANÇA, 565 – ESPERANÇA

CEP: 45658-682 ILHEUS – BA",CONSULTAR_ANTES,CONSULTAR VALOR,"RUA NOVA ESPERANÇA, 565 – ESPERANÇA, Ilhéus/BA",,45658-682,,"[""13 98146-3358""]","[""alex.silva@3aassessoria.com"",""alex_tria@hotmail.com""]","[""52.836.875/0001-21""]","[""45658-682""]","[""RUA NOVA ESPERANÇA, 565 – ESPERANÇA, Ilhéus/BA""]",-14.793,-39.046,,,municipality,Ilhéus/BA,True
64,2913606,Ilhéus,ILHEUS,BA,LEITE COMERCIO E SERVICOS LTDA – FRIO TECH,BAHIA ILHÉUS,"BAHIA ILHÉUS

LEITE COMERCIO E SERVICOS LTDA – FRIO TECH

CNPJ: 47.302.908/0001-13

friotech.ios@gmail.com

73 98153-1312 EMERSON

RUA COSME E DAMIÃO, 171 – BANCO DA VITORIA

CEP: 45661-462 ILHEUS – BA",NORMAL,,"RUA COSME E DAMIÃO, 171 – BANCO DA VITORIA, Ilhéus/BA",,45661-462,,"[""73 98153-1312""]","[""friotech.ios@gmail.com""]","[""47.302.908/0001-13""]","[""45661-462""]","[""RUA COSME E DAMIÃO, 171 – BANCO DA VITORIA, Ilhéus/BA""]",-14.793,-39.046,,,municipality,Ilhéus/BA,True
65,2933307,Vitória da Conquista,VITORIA DA CONQUISTA,BA,RONALDO CARVALHO COM. E ASSISTENCIA TEC. LTDA - EPP (RC MAQUINAS),Bahia VITORIA DA CONQUISTA,"Bahia VITORIA DA CONQUISTA

RONALDO CARVALHO COM. E ASSISTENCIA TEC. LTDA - EPP (RC MAQUINAS)

CNPJ: 34.237.750/0001-01

Telefone: (77) 21013800 ou (77) 988180347 PRISCILA

E-mail: priferreira_@hotmail.com

AV BRUMADO, 2296 – ZABELÊ

CEP: 45077-000 VITORIA DA CONQUISTA – BA",NORMAL,,"AV BRUMADO, 2296 – ZABELÊ, Vitória da Conquista/BA",,45077-000,,"[""(77) 21013800"",""(77) 988180347""]","[""priferreira_@hotmail.com""]","[""34.237.750/0001-01""]","[""45077-000""]","[""AV BRUMADO, 2296 – ZABELÊ, Vitória da Conquista/BA""]",-14.8615,-40.8442,,,municipality,Vitória da Conquista/BA,True
66,2919553,Luís Eduardo Magalhães,LUIS EDUARDO MAGALHAES,BA,V M MARTINS & CIA LTDA (ASTEC INSTALAÇÕES),Bahia LUIS EDUARDO MAGALHAES,"Bahia LUIS EDUARDO MAGALHAES

V M MARTINS & CIA LTDA (ASTEC INSTALAÇÕES)

CNPJ: 00.459.171/0001-83

contato@asteclem.com.br

77 3628-5640 / 77 99128-3188 VALDECI MOURA

R. Castro Alves, 696 - Lot. Mimoso Doeste I

CEP: 47850-011 Luís Eduardo Magalhães – BA",NORMAL,,,,47850-011,,"[""77 3628-5640"",""77 99128-3188""]","[""contato@asteclem.com.br""]","[""00.459.171/0001-83""]","[""47850-011""]",[],-12.0956,-45.7866,,,municipality,Luís Eduardo Magalhães/BA,True
67,2914802,Itabuna,ITABUNA,BA,Nome da empresa: SQUAT COM. SERV. TECNICOS LTDA,Bahia ITABUNA,"Bahia ITABUNA

Nome da empresa: SQUAT COM. SERV. TECNICOS LTDA

CNPJ: 04.518.689/0001-00

Telefone: (73) 3613-9424 PABLO

E-mail: squatconsultoria@yahoo.com.br / orcamentosquat@gmail.com

Rua H, número 521, Centro Comercial

CEP: 45600-183, Itabuna, Bahia",NORMAL,,"Rua H, número 521, Centro Comercial, Itabuna/BA",,45600-183,,"[""(73) 3613-9424""]","[""squatconsultoria@yahoo.com.br"",""orcamentosquat@gmail.com""]","[""04.518.689/0001-00""]","[""45600-183""]","[""Rua H, número 521, Centro Comercial, Itabuna/BA""]",-14.7876,-39.2781,,,municipality,Itabuna/BA,True
68,2914802,Itabuna,ITABUNA,BA,Nome da empresa: I G DOS SANTOS SOUZA ASSIST. TECNICA ME (Multimarcas ),Bahia ITABUNA,"Bahia ITABUNA

Nome da empresa: I G DOS SANTOS SOUZA ASSIST.  TECNICA ME (Multimarcas )

CNPJ: 13.727.098/0001-25

Telefone: (73) 30414347 (73) 99142-2000 IVAN

E-mail: multimarcas.ba@hotmail.com

End: AVENIDA ILHEUS, 313 A - CENTRO, ITABUNA, BAHIA, 45600-045, BRASIL",NORMAL,,"AVENIDA ILHEUS, 313 A - CENTRO, ITABUNA, BAHIA, 45600-045, BRASIL/BA",,45600-045,,"[""(73) 30414347"",""(73) 99142-2000""]","[""multimarcas.ba@hotmail.com""]","[""13.727.098/0001-25""]","[""45600-045""]","[""AVENIDA ILHEUS, 313 A - CENTRO, ITABUNA, BAHIA, 45600-045, BRASIL/BA""]",-14.7876,-39.2781,,,municipality,Itabuna/BA,True
69,2910800,Feira de Santana,FEIRA DE SANTANA,BA,Nome da empresa: RAMON DE AZEVEDO BRITO LTDA (JOPEB ASSISTENCIA),Bahia FEIRA DE SANTANA,"Bahia FEIRA DE SANTANA

Nome da empresa: RAMON DE AZEVEDO BRITO LTDA (JOPEB ASSISTENCIA)

CNPJ: 19.345.775/0001-27

Telefone (75) 3022-5627 / 3022-7629 / 99100-6775  / 98287-5490

E-mail: assistencia@jopeb.com.br

AVENIDA PRESIDENTE DUTRA, 1437 – CAPUCHINHOS

CEP: 44076-130 FEIRA DE SANTANA – BA",NORMAL,,"AVENIDA PRESIDENTE DUTRA, 1437 – CAPUCHINHOS, Feira de Santana/BA",,44076-130,,"[""(75) 3022-5627"",""3022-7629"",""99100-6775"",""98287-5490""]","[""assistencia@jopeb.com.br""]","[""19.345.775/0001-27""]","[""44076-130""]","[""AVENIDA PRESIDENTE DUTRA, 1437 – CAPUCHINHOS, Feira de Santana/BA""]",-12.2664,-38.9663,,,municipality,Feira de Santana/BA,True
70,2910800,Feira de Santana,FEIRA DE SANTANA,BA,2 A REFRIGERAÇÃO LTDA (2+A REFRIGERAÇÃO),Bahia FEIRA DE SANTANA,"Bahia FEIRA DE SANTANA

2 A REFRIGERAÇÃO LTDA (2+A REFRIGERAÇÃO)

CNPJ: 15.109.139/0001-45

doisarefrigeracao@hotmail.com

75 98119-1610 ALEX

CAMINHO 36, 16 – TOMBA (FEIRA VII)

CEP: 44.091-606 FEIRA DE SANTANA – BA",NORMAL,,"CAMINHO 36, 16 – TOMBA (FEIRA VII), Feira de Santana/BA",,44.091-606,,"[""75 98119-1610""]","[""doisarefrigeracao@hotmail.com""]","[""15.109.139/0001-45""]","[""44.091-606""]","[""CAMINHO 36, 16 – TOMBA (FEIRA VII), Feira de Santana/BA""]",-12.2664,-38.9663,,,municipality,Feira de Santana/BA,True
71,2910727,Eunápolis,EUNAPOLIS,BA,CAMPOS & BRITO LTDA – CENTROMAC AUTOMACAO COMERCIAL,BAHIA EUNÁPOLIS,"BAHIA EUNÁPOLIS

CAMPOS & BRITO LTDA – CENTROMAC AUTOMACAO COMERCIAL

CNPJ: 40.568.867/0001-62

centromacautomacao@gmail.com

73 3281-4224 / 73 98894-4224 FABIO

AV. ANTONIO CARLOS MAGALHÃES, 1210 – MOTOR

CEP: 45820-970 EUNAPOLIS - BA",NORMAL,,"AV. ANTONIO CARLOS MAGALHÃES, 1210 – MOTOR, Eunápolis/BA",,45820-970,,"[""73 3281-4224"",""73 98894-4224""]","[""centromacautomacao@gmail.com""]","[""40.568.867/0001-62""]","[""45820-970""]","[""AV. ANTONIO CARLOS MAGALHÃES, 1210 – MOTOR, Eunápolis/BA""]",-16.3715,-39.5821,,,municipality,Eunápolis/BA,True
72,2925303,Porto Seguro,PORTO SEGURO,BA,47.594.590 LUAN OLIVEIRA DO NASCIMENTO – LUAN MANUTENÇÕES,BAHIA PORTO SEGURO  - NÃO INDICAR E NEM SOLICITAR ATENDIMENTO – técnico não emite nota de serviço. DIFICIL DE CONVERSAR .,"BAHIA PORTO SEGURO  - NÃO INDICAR E NEM SOLICITAR ATENDIMENTO – técnico não emite nota de serviço. DIFICIL DE CONVERSAR .

47.594.590 LUAN OLIVEIRA DO NASCIMENTO – LUAN MANUTENÇÕES

CNPJ: 47.594.590/0001-91

luanoliveira652@gmail.com

73 98246-4387 LUAN

10 A RUA UBALDINO JUNIOR, 2470 B – FONTANA

CEP: 45810-000 PORTO SEGURO - BA",NAO_INDICAR,NAO INDICAR,,,45810-000,,"[""73 98246-4387""]","[""luanoliveira652@gmail.com""]","[""47.594.590/0001-91""]","[""45810-000""]",[],-16.4435,-39.0643,,,municipality,Porto Seguro/BA,True
73,2925303,Porto Seguro,PORTO SEGURO,BA,48.680.695 KAIC ALVES DE SOUZA MATOS – PONTO DO SERVIÇO – MÃO DE OBRA CARA,BAHIA PORTO SEGURO,"BAHIA PORTO SEGURO

48.680.695 KAIC ALVES DE SOUZA MATOS – PONTO DO SERVIÇO – MÃO DE OBRA CARA

CNPJ: 48.680.695/0001-26

pontodoservico01@gmail.com

73 99103-9817 ALINE

10 A RUA RUA LUIZ TEOFILO RODRIGUES, 576 – PQ ECOLOGICO

CEP: 45810-000 PORTO SEGURO – BA",CONSULTAR_ANTES,MAO DE OBRA (?:MUITO )?CARA,,,45810-000,,"[""73 99103-9817""]","[""pontodoservico01@gmail.com""]","[""48.680.695/0001-26""]","[""45810-000""]",[],-16.4435,-39.0643,,,municipality,Porto Seguro/BA,True
74,2903201,Barreiras,BARREIRAS,BA,POLAR PECAS E SERVICOS DE REFRIGERACAO LTDA – POLAR REFRIGERACAO,BAHIA BARREIRAS,"BAHIA BARREIRAS

POLAR PECAS E SERVICOS DE REFRIGERACAO LTDA – POLAR REFRIGERACAO

CNPJ: 18.155.771/0001-13

contato@polarefrigeracao.com.br

77 3612-8627 / 8128-7300

RUA SANTOS DUMONT, 519 – RIO GRANDE

CEP: 47800-542 BARREIRAS – BA",NORMAL,,"RUA SANTOS DUMONT, 519 – RIO GRANDE, Barreiras/BA",,47800-542,,"[""77 3612-8627"",""8128-7300""]","[""contato@polarefrigeracao.com.br""]","[""18.155.771/0001-13""]","[""47800-542""]","[""RUA SANTOS DUMONT, 519 – RIO GRANDE, Barreiras/BA""]",-12.1439,-44.9968,,,municipality,Barreiras/BA,True
75,2909802,Cruz das Almas,CRUZ DAS ALMAS,BA,DTECMOTORES COM. E LOC. DE MAQ. AGRICOLAS,BAHIA CRUZ DAS ALMAS,"BAHIA CRUZ DAS ALMAS

DTECMOTORES COM. E LOC. DE MAQ. AGRICOLAS

CNPJ: 13.476.847/0001-99

dtecmotores@hotmail.com

75 99127-0984 DOUGLAS

AVENIDA ALBERTO PASSOS, S/N – CENTRO

CEP: 44380-000 CRUZ DAS ALMAS – BA",NORMAL,,"AVENIDA ALBERTO PASSOS, S/N – CENTRO, Cruz das Almas/BA",,44380-000,,"[""75 99127-0984""]","[""dtecmotores@hotmail.com""]","[""13.476.847/0001-99""]","[""44380-000""]","[""AVENIDA ALBERTO PASSOS, S/N – CENTRO, Cruz das Almas/BA""]",-12.6675,-39.1008,,,municipality,Cruz das Almas/BA,True
76,2908408,Conceição do Coité,CONCEICAO DO COITE,BA,ELETROSTORE & SERVIÇOS – JEFFERSON ARAUJO SILVA,BAHIA CONCEIÇÃO DO COITÉ,"BAHIA CONCEIÇÃO DO COITÉ

ELETROSTORE & SERVIÇOS – JEFFERSON ARAUJO SILVA

CPF: 062.559.415-07

jefferson_araujo1@hotmail.com

75 98322-8351 JEFFERSON

RUA Manoel Gonçalves de Araújo, 26 – Centro

CEP: 48730-000 - Conceição do Coité - BA",NORMAL,,"RUA Manoel Gonçalves de Araújo, 26 – Centro, Conceição do Coité/BA",,48730-000,,"[""75 98322-8351""]","[""jefferson_araujo1@hotmail.com""]",[],"[""48730-000""]","[""RUA Manoel Gonçalves de Araújo, 26 – Centro, Conceição do Coité/BA""]",-11.56,-39.2808,,,municipality,Conceição do Coité/BA,True
77,2923001,Nova Viçosa,NOVA VICOSA,BA,EZEQUIEL CEZAR DOS SANTOS CANTO – ELETROFRIO,BAHIA NOVA VIÇOSA,"BAHIA NOVA VIÇOSA

EZEQUIEL CEZAR DOS SANTOS CANTO – ELETROFRIO

CNPJ: 27.131.514/0001-32

ezequieleletrofrio@outlook.com

73 99997-0497 EZEQUIEL

RUA RIO DE JANEIRO, 286 – CENTRO",NORMAL,,"RUA RIO DE JANEIRO, 286 – CENTRO, Nova Viçosa/BA",,,,"[""73 99997-0497""]","[""ezequieleletrofrio@outlook.com""]","[""27.131.514/0001-32""]",[],"[""RUA RIO DE JANEIRO, 286 – CENTRO, Nova Viçosa/BA""]",-17.8926,-39.3743,,,municipality,Nova Viçosa/BA,True
78,2931350,Teixeira de Freitas,TEIXEIRA DE FREITAS,BA,LINDOARTE NUNES DE SOUSA 73461490504 – DOMMAQ,Teixeira de Freitas - Bahia,"Teixeira de Freitas - Bahia

LINDOARTE NUNES DE SOUSA 73461490504 – DOMMAQ

CNPJ: 12.269.206/0001-09

duarte.nunes1@hotmail.com

73 99938-0138 DUARTE

RUA DR JOSE ANDRE DA CRUZ, 59 – VILA VARGAS

CEP: 45993-042 TEIXEIRA DE FREITAS – BA",NORMAL,,"RUA DR JOSE ANDRE DA CRUZ, 59 – VILA VARGAS, Teixeira de Freitas/BA",,45993-042,,"[""73 99938-0138""]","[""duarte.nunes1@hotmail.com""]","[""12.269.206/0001-09""]","[""45993-042""]","[""RUA DR JOSE ANDRE DA CRUZ, 59 – VILA VARGAS, Teixeira de Freitas/BA""]",-17.5399,-39.74,,,municipality,Teixeira de Freitas/BA,True
79,2931350,Teixeira de Freitas,TEIXEIRA DE FREITAS,BA,DANILO SEPULCRO NOSSA - NOSSA SOLUÇÕES,Teixeira de Freitas - Bahia,"Teixeira de Freitas - Bahia

DANILO SEPULCRO NOSSA - NOSSA SOLUÇÕES

** **CNPJ: 35.775.917/0001-42

Danilo (73)999406247

Av Celso Furtado, 526 - Nova Teixeira",NORMAL,,"Av Celso Furtado, 526 - Nova Teixeira, Teixeira de Freitas/BA",,,,"[""(73)999406247""]",[],"[""35.775.917/0001-42""]",[],"[""Av Celso Furtado, 526 - Nova Teixeira, Teixeira de Freitas/BA""]",-17.5399,-39.74,,,municipality,Teixeira de Freitas/BA,True
80,2931350,Teixeira de Freitas,TEIXEIRA DE FREITAS,BA,NOVAIS SOLUCOES EM ENGENHARIA LTDA – NOVAIS ENGENHARIA,Teixeira de Freitas - Bahia,"Teixeira de Freitas - Bahia

NOVAIS SOLUCOES EM ENGENHARIA LTDA – NOVAIS ENGENHARIA

CNPJ: 07.987.884/0001-69

elesampaio@gmail.com

73 99953-5867 ELENILSON

RUA XXII, 207 – EIXO SUL

CEP: 45992-630 TEIXEIRA DE FREITAS - BA",NORMAL,,"RUA XXII, 207 – EIXO SUL, Teixeira de Freitas/BA",,45992-630,,"[""73 99953-5867""]","[""elesampaio@gmail.com""]","[""07.987.884/0001-69""]","[""45992-630""]","[""RUA XXII, 207 – EIXO SUL, Teixeira de Freitas/BA""]",-17.5399,-39.74,,,municipality,Teixeira de Freitas/BA,True
81,2928703,Santo Antônio de Jesus,SANTO ANTONIO DE JESUS,BA,ERNANDES CARLOS DA SILVA OLIVEIRA E CIA LTDA – BALANÇAS E CIA,BAHIA SANTO ANTONIO DE JESUS,"BAHIA SANTO ANTONIO DE JESUS

ERNANDES CARLOS DA SILVA OLIVEIRA E CIA LTDA – BALANÇAS E CIA

CNPJ: 03.191.191/0001-04

compras@balancasecia.com

75 3631-5734 / 98358-1516 / 98102-5606 ALEIA

RUA EUFRASINA COUTO, 126 – SALGADEIRA

CEP: 44444-304 SANTO ANTÔNIO DE JESUS - BA",NORMAL,,"RUA EUFRASINA COUTO, 126 – SALGADEIRA, Santo Antônio de Jesus/BA",,44444-304,,"[""75 3631-5734"",""98358-1516"",""98102-5606""]","[""compras@balancasecia.com""]","[""03.191.191/0001-04""]","[""44444-304""]","[""RUA EUFRASINA COUTO, 126 – SALGADEIRA, Santo Antônio de Jesus/BA""]",-12.9614,-39.2584,,,municipality,Santo Antônio de Jesus/BA,True
82,2919504,Livramento de Nossa Senhora,LIVRAMENTO DE NOSSA SENHORA,BA,LUCAS CRUZ LIMA 97360730578,BAHIA LIVRAMENTO DE NOSSA SENHORA,"BAHIA LIVRAMENTO DE NOSSA SENHORA

LUCAS CRUZ LIMA 97360730578

CNPJ: 11.550.315/0001-29

AV. LINDEMBERG CARDOSO, 52 – TAQUARI",NORMAL,,"AV. LINDEMBERG CARDOSO, 52 – TAQUARI, Livramento de Nossa Senhora/BA",,,,[],[],"[""11.550.315/0001-29""]",[],"[""AV. LINDEMBERG CARDOSO, 52 – TAQUARI, Livramento de Nossa Senhora/BA""]",-13.6369,-41.8432,,,municipality,Livramento de Nossa Senhora/BA,True
83,2910701,Euclides da Cunha,EUCLIDES DA CUNHA,BA,Nome da empresa: GAMA REFR. EUCLIDENSE EIRELI R,BAHIA Euclides da cunha,"BAHIA Euclides da cunha

Nome da empresa: GAMA REFR. EUCLIDENSE EIRELI R

Telefone: 75 998573976 / 75 32713185

E-mail: refrigeracaogama1@hotmail.com

Endereço: Avenida Renato Campos 1718 BR 116 Euclides da cunha",NORMAL,,Avenida Renato Campos 1718 BR 116 Euclides da cunha/BA,,,,"[""75 998573976"",""75 32713185""]","[""refrigeracaogama1@hotmail.com""]",[],[],"[""Avenida Renato Campos 1718 BR 116 Euclides da cunha/BA""]",-10.5078,-39.0153,,,municipality,Euclides da Cunha/BA,True
84,2919207,Lauro de Freitas,LAURO DE FREITAS,BA,TECMAN TECNICA DE MANUTENCAO DE MAQ. E EQUIP. INDUSTRIAIS LTDA,BAHIA SALVADOR (ATENDE LAURO DE FREITAS),"BAHIA SALVADOR (ATENDE LAURO DE FREITAS)

TECMAN TECNICA DE MANUTENCAO DE MAQ. E EQUIP. INDUSTRIAIS LTDA
CNPJ: 12.895.206/0001-06

tecman1@outlook.com.br

Telefones: 71 99700-7007 HELTON

Endereço: Travessa Nossa Senhora da Guia, 21-E Pirajá, térreo
Cep: 41.291-135 SALVADOR – BA

Av. Luiz Tarquínio Pontes, 2578 – Buraquinho

CEP: 42700-000 Lauro de Freitas - BA

ESCRITORIO EM LAURO DE FREITAS E OFICINA EM SALVADOR",NORMAL,,"Travessa Nossa Senhora da Guia, 21-E Pirajá, térreo, Lauro de Freitas/BA",,41.291-135,,"[""71 99700-7007""]","[""tecman1@outlook.com.br""]","[""12.895.206/0001-06""]","[""41.291-135"",""42700-000""]","[""Travessa Nossa Senhora da Guia, 21-E Pirajá, térreo, Lauro de Freitas/BA"",""Av. Luiz Tarquínio Pontes, 2578 – Buraquinho, Lauro de Freitas/BA""]",-12.8978,-38.321,,,municipality,Lauro de Freitas/BA,True
85,2927408,Salvador,SALVADOR,BA,REINALDO S. SANTOS LTDA (CLINICA DAS BALANÇAS),BAHIA SALVADOR,"BAHIA SALVADOR

REINALDO S. SANTOS LTDA (CLINICA DAS BALANÇAS)

CNPJ: 22.989.216/0001-64

clinicadasbalancas@hotmail.com

71 3015-0050 / 99929-0050 MICHELE

71 98874-3169 REINALDO

RUA LIDIO DOS SANTOS, Nº 1 – 1º ANDAR – FAZ. GRANDE DO RETIRO

CEP.: 40355-010 SALVADOR – BA",NORMAL,,"RUA LIDIO DOS SANTOS, Nº 1 – 1º ANDAR – FAZ. GRANDE DO RETIRO, Salvador/BA",,40355-010,,"[""71 3015-0050"",""99929-0050"",""71 98874-3169""]","[""clinicadasbalancas@hotmail.com""]","[""22.989.216/0001-64""]","[""40355-010""]","[""RUA LIDIO DOS SANTOS, Nº 1 – 1º ANDAR – FAZ. GRANDE DO RETIRO, Salvador/BA""]",-12.9718,-38.5011,,,municipality,Salvador/BA,True
86,2927408,Salvador,SALVADOR,BA,Nome da empresa: A G COSTA SOUSA (METALURGICA UMI),"| BAHIA SALVADOR |  |
| --- | --- |","| BAHIA SALVADOR |  |
| --- | --- |

Nome da empresa: A G COSTA SOUSA (METALURGICA UMI)

CNPJ: 33.746.688/0001-02

Email: metalurgicaumi@gmail.com

Telefone:  71 3381-8356 / 3382-9816 / 98726-0580

Endereço: Av. Heitor Dias, 64 - Pau Miúdo",NORMAL,,"Av. Heitor Dias, 64 - Pau Miúdo, Salvador/BA",,,,"[""71 3381-8356"",""3382-9816"",""98726-0580""]","[""metalurgicaumi@gmail.com""]","[""33.746.688/0001-02""]",[],"[""Av. Heitor Dias, 64 - Pau Miúdo, Salvador/BA""]",-12.9718,-38.5011,,,municipality,Salvador/BA,True
87,2927408,Salvador,SALVADOR,BA,Nome da empresa: STAR COM. SERV. BAL. LTDA.,BAHIA SALVADOR,"BAHIA SALVADOR

Nome da empresa: STAR COM. SERV. BAL. LTDA.

CNPJ: 01.047.244/0001-92

Telefone: 71 33347900

E-mail: servicos@starbalancas.com.br

Endereço: Rua Itabuna n 98

Eletrotécnica Pronto Motor Eletrico

Geologildo de Oliveira Santos

(71) 988470613 Geologildo

Rua Belonita Salvador Bahia

Nome: DAVI (DON BALANÇAS) 
Telefone: 71 9 9619-8053",NORMAL,,"Rua Itabuna n 98, Salvador/BA",,,,"[""71 33347900"",""(71) 988470613"",""9619-8053""]","[""servicos@starbalancas.com.br""]","[""01.047.244/0001-92""]",[],"[""Rua Itabuna n 98, Salvador/BA"",""Rua Belonita Salvador Bahia/BA""]",-12.9718,-38.5011,,,municipality,Salvador/BA,True
88,2313302,Tauá,TAUA,CE,R L ALVES LIMA – ELETROTECNICA MULT BOMBAS,CEARÁ TAUA,"CEARÁ TAUA

R L ALVES LIMA – ELETROTECNICA MULT BOMBAS

CNPJ: 12.183.858/0001-18

robson.leno@hotmail.com

88 9673-1010 ROBSON

RUA PEDRO TORQUATO DA SILVA, 837 – PLANALTO NELANDIA

CEP: 63660-000 TAUA – CE",NORMAL,,"RUA PEDRO TORQUATO DA SILVA, 837 – PLANALTO NELANDIA, Tauá/CE",,63660-000,,"[""88 9673-1010""]","[""robson.leno@hotmail.com""]","[""12.183.858/0001-18""]","[""63660-000""]","[""RUA PEDRO TORQUATO DA SILVA, 837 – PLANALTO NELANDIA, Tauá/CE""]",-5.98585,-40.2968,,,municipality,Tauá/CE,True
89,2306405,Itapipoca,ITAPIPOCA,CE,39.868.866 MARCOS PAULO TEIXEIRA DA COSTA,CEARÁ ITAPIPOCA,"CEARÁ ITAPIPOCA

39.868.866 MARCOS PAULO TEIXEIRA DA COSTA

CNPJ: 39.868.866/0001-54

mptdac@gmail.com

85 9645-3903 MARCOS

RUA MARIANO MARQUES, 311 – DAS FLORES

CEP: 62504-214 ITAPIPOCA – CE",NORMAL,,"RUA MARIANO MARQUES, 311 – DAS FLORES, Itapipoca/CE",,62504-214,,"[""85 9645-3903""]","[""mptdac@gmail.com""]","[""39.868.866/0001-54""]","[""62504-214""]","[""RUA MARIANO MARQUES, 311 – DAS FLORES, Itapipoca/CE""]",-3.49933,-39.5836,,,municipality,Itapipoca/CE,True
90,2300754,Amontada,AMONTADA,CE,FRANCISCO NOE DA GUIA JUNIOR 06595093340,CEARÁ AMONTADA,"CEARÁ AMONTADA

FRANCISCO NOE DA GUIA JUNIOR 06595093340

CNPJ: 42.519.011/0001-22

juniornoe875@gmail.com

88 98112-9511 JHONE

PV CORREGO DO ZE, S/N – SABIAGUABA

CEP: 62540-000 AMONTADA – CE",NORMAL,,,,62540-000,,"[""88 98112-9511""]","[""juniornoe875@gmail.com""]","[""42.519.011/0001-22""]","[""62540-000""]",[],-3.36017,-39.8288,,,municipality,Amontada/CE,True
91,2307601,Limoeiro do Norte,LIMOEIRO DO NORTE,CE,52.601.459 ALISSON DA SILVA PINHEIRO,CEARÁ LIMOEIRO DO NORTE,"CEARÁ LIMOEIRO DO NORTE

52.601.459 ALISSON DA SILVA PINHEIRO

CNPJ: 52.601.459/0001-44

alissonpinheiro0210@gmail.com

88 99847-6955 ALISSON

SITIO BOA FE, S/N – ZONA RURAL

RUA SABINO ROBERTO DE FREITAS, 3383 – APTO AÇAI PREMIUM – BOA FÉ

CEP: 62932-316 LIMOEIRO DO NORTE – CE",NORMAL,,"RUA SABINO ROBERTO DE FREITAS, 3383 – APTO AÇAI PREMIUM – BOA FÉ, Limoeiro do Norte/CE",,62932-316,,"[""88 99847-6955""]","[""alissonpinheiro0210@gmail.com""]","[""52.601.459/0001-44""]","[""62932-316""]","[""RUA SABINO ROBERTO DE FREITAS, 3383 – APTO AÇAI PREMIUM – BOA FÉ, Limoeiro do Norte/CE""]",-5.14392,-38.0847,,,municipality,Limoeiro do Norte/CE,True
92,2307304,Juazeiro do Norte,JUAZEIRO DO NORTE,CE,57.979.232 CICERO PEDRO DA SILVA – PEDRO EQUIPAMENTOS,JUAZEIRO DO NORTE CEARÁ,"JUAZEIRO DO NORTE CEARÁ

57.979.232 CICERO PEDRO DA SILVA – PEDRO EQUIPAMENTOS

CNPJ: 57.979.232/0001-50

pedroequipamentos2022@gmail.com

88 99998-1957 PEDRO

RUA RAIMUNDO FURTADO DO NASCIMENTO, 156 – HORTO

CEP: 63012-100 JUAZEIRO DO NORTE – CE",NORMAL,,"RUA RAIMUNDO FURTADO DO NASCIMENTO, 156 – HORTO, Juazeiro do Norte/CE",,63012-100,,"[""88 99998-1957""]","[""pedroequipamentos2022@gmail.com""]","[""57.979.232/0001-50""]","[""63012-100""]","[""RUA RAIMUNDO FURTADO DO NASCIMENTO, 156 – HORTO, Juazeiro do Norte/CE""]",-7.19621,-39.3076,,,municipality,Juazeiro do Norte/CE,True
93,2307304,Juazeiro do Norte,JUAZEIRO DO NORTE,CE,ERISMAR SALVIANO DA SILVA OLIVEIRA – MAZINTEC,JUAZEIRO DO NORTE – CEARÁ,"JUAZEIRO DO NORTE – CEARÁ

ERISMAR SALVIANO DA SILVA OLIVEIRA – MAZINTEC

CNPJ: 23.628.858/0001-09

valencacontabilidade@bol.com.br

88 99824-8722 ERISMAR

RUA CERELINO QUEZADO FILGUEIRAS FILHO, 27 – FREI DAMIÃO

CEP: 63043-100 JUAZEIRO DO NORTE – CE

MARCOS ANTONIO BENETTI

marcosbenetti@live.com

Nome: Marcos

Telefone: 88 99966-3166",NORMAL,,"RUA CERELINO QUEZADO FILGUEIRAS FILHO, 27 – FREI DAMIÃO, Juazeiro do Norte/CE",,63043-100,,"[""88 99824-8722"",""88 99966-3166""]","[""valencacontabilidade@bol.com.br"",""marcosbenetti@live.com""]","[""23.628.858/0001-09""]","[""63043-100""]","[""RUA CERELINO QUEZADO FILGUEIRAS FILHO, 27 – FREI DAMIÃO, Juazeiro do Norte/CE""]",-7.19621,-39.3076,,,municipality,Juazeiro do Norte/CE,True
94,2304400,Fortaleza,FORTALEZA,CE,48.577.963 PAULO ROBERTO INACIO DE SA - PR SERVIÇOS E MANUTENÇÕES,EUSÉBIO CEARÁ (ATENDE FORTALEZA – CE),"EUSÉBIO CEARÁ (ATENDE FORTALEZA – CE)

48.577.963 PAULO ROBERTO INACIO DE SA - PR SERVIÇOS E MANUTENÇÕES

CNPJ: 48.577.963/0001-89

paulo-roberto2003@hotmail.com

Tel (85)99251-8431

TRAVESSA SÃO JOSÉ, 85 - ENCANTADA

CEP: 61772-290 EUSEBIO – CE",NORMAL,,"TRAVESSA SÃO JOSÉ, 85 - ENCANTADA, Fortaleza/CE",,61772-290,,"[""(85)99251-8431""]","[""paulo-roberto2003@hotmail.com""]","[""48.577.963/0001-89""]","[""61772-290""]","[""TRAVESSA SÃO JOSÉ, 85 - ENCANTADA, Fortaleza/CE""]",-3.71664,-38.5423,,,municipality,Fortaleza/CE,True
95,2304400,Fortaleza,FORTALEZA,CE,61.001.884 LARA LIVYAN SOUZA SA – LARA TEC,EUSÉBIO CEARÁ (ATENDE FORTALEZA – CE),"EUSÉBIO CEARÁ (ATENDE FORTALEZA – CE)

61.001.884 LARA LIVYAN SOUZA SA – LARA TEC

CNPJ: 61.001.884/0001-93

teclara2025@gmail.com

85 2130-9765 / 85 99251-8431 PAULO

TRAVESSA SÃO JOSÉ, 10 ANEXO A – ENCANTADA

CEP: 61772-290 EUSEBIO - CE",NORMAL,,"TRAVESSA SÃO JOSÉ, 10 ANEXO A – ENCANTADA, Fortaleza/CE",,61772-290,,"[""85 2130-9765"",""85 99251-8431""]","[""teclara2025@gmail.com""]","[""61.001.884/0001-93""]","[""61772-290""]","[""TRAVESSA SÃO JOSÉ, 10 ANEXO A – ENCANTADA, Fortaleza/CE""]",-3.71664,-38.5423,,,municipality,Fortaleza/CE,True
96,2304400,Fortaleza,FORTALEZA,CE,F G S FREITAS MAQUINAS LTDA – ME,FORTALEZA Ceará,"FORTALEZA Ceará

F G S FREITAS MAQUINAS LTDA – ME

CNPJ: 38.494.387/0001-52

fgsmaquinas@bol.com.br

85 98112-1241 GALBA

RUA JOSE MATIAS DOS SANTOS, 535 – LJ 01 – PREFEITO JOSE WALTER

CEP: 60751-500 FORTALEZA – CE",NORMAL,,"RUA JOSE MATIAS DOS SANTOS, 535 – LJ 01 – PREFEITO JOSE WALTER, Fortaleza/CE",,60751-500,,"[""85 98112-1241""]","[""fgsmaquinas@bol.com.br""]","[""38.494.387/0001-52""]","[""60751-500""]","[""RUA JOSE MATIAS DOS SANTOS, 535 – LJ 01 – PREFEITO JOSE WALTER, Fortaleza/CE""]",-3.71664,-38.5423,,,municipality,Fortaleza/CE,True
97,2304400,Fortaleza,FORTALEZA,CE,MOTORMAQUINAS PECAS SERV. E EQUIP. LTDA ME,FORTALEZA Ceará,"FORTALEZA Ceará

MOTORMAQUINAS PECAS SERV. E EQUIP. LTDA ME

CNPJ: 13.484.780/0001-34

Telefone: 85 3296-6274 / 98685-2736

E-mail: motor-maquinas@bol.com.br

Endereço: AV. GENERAL OSÓRIO DE PAIVA, 3444 – BONSUCESSO

BRASÍLA DF

VALMAK REFRIGERAÇÃO LTDA

CNPJ: 51.550.487/0001-17

valmakrefrigeracao1977@gmail.com

61 9461-3501

Etapa A, 05 - Qd 28 - Valparaíso I

CEP: 72876-060 Valparaíso de Goiás – GO

OBS.: TRABALHA JUNTO COM A MC REFRIGERAÇÃO (CAPITAL REFRIGERAÇÃO) EMITIR NOTA NESSA RAZÃO SOCIAL

ENDEREÇO DE ENTREGA:

**DESTINATARIO:** VALMAK REFRIGERACAO LTDA

**ENDEREÇO: **CONDOMINIO VARANDAS SELECT QUADRA 13, RUA ALEMANHA, BLOCO 09 – APTO 102 – GLEBA F – PQ ESPLANADA III",NORMAL,,"AV. GENERAL OSÓRIO DE PAIVA, 3444 – BONSUCESSO, Fortaleza/CE",,72876-060,,"[""85 3296-6274"",""98685-2736"",""61 9461-3501""]","[""motor-maquinas@bol.com.br"",""valmakrefrigeracao1977@gmail.com""]","[""13.484.780/0001-34"",""51.550.487/0001-17""]","[""72876-060""]","[""AV. GENERAL OSÓRIO DE PAIVA, 3444 – BONSUCESSO, Fortaleza/CE"",""**CONDOMINIO VARANDAS SELECT QUADRA 13, RUA ALEMANHA, BLOCO 09 – APTO 102 – GLEBA F – PQ ESPLANADA III, Fortaleza/CE""]",-3.71664,-38.5423,,,municipality,Fortaleza/CE,True
98,5221858,Valparaíso de Goiás,VALPARAISO DE GOIAS,GO,NFE: **125121** DATA: **12/09/2024** ** **VOLUME: 1,**CIDADE: **VALPARAISO DE GOIAS – GO**  **,"**CIDADE: **VALPARAISO DE GOIAS – GO**  **

**CEP: **72876-313    TELEFONE**:**** **61 99461-3501

**NFE: **125121**        DATA: **12/09/2024** **                        **VOLUME: 1**

**TRANSPORTADORA: **CORREIOS

**REDESPACHO: **SEDEX   VD $226,15",NORMAL,,,,72876-313,,"[""61 99461-3501""]",[],[],"[""72876-313""]",[],-16.0651,-47.9757,,,municipality,Valparaíso de Goiás/GO,True
99,5300108,Brasília,BRASILIA,DF,MC REFRIGERAÇÃO LTDA – CAPITAL REFRIGERAÇÃO,BRASÍLIA DF,"BRASÍLIA DF

MC REFRIGERAÇÃO LTDA – CAPITAL REFRIGERAÇÃO

CNPJ: 22.041.386/0001-12

mcrefrigeracaodf@gmail.com

61 3385-2525

CRISPIM AREA ESPECIAL, SN CHACARA 1B – SETOR LESTE (GAMA)

CEP: 72460-000 BRASILIA - DF

|  |
| --- |
|  |
| BRASÍLIA |

Nome da empresa: UTILMAQ REFRIGERACAO LTDA.

Telefone: 61 33998043 / 61 33998959

61 33996917 / 61 996155104

E-mail: utimaqrefrigeracaoeireli@gmail.com

BRASÍLIA

Nome da empresa: DISBREL DIST.BAL.REFR.LTDA

Telefone:  61 32459913

E-mail: atendimento@disbrel.com.br

End:

BRASÍLIA

Nome da empresa: BALMAR BALANCAS E MAQUINAS LT.

Telefone:  61 33542831 / 61 998438080

Raimundo

E-mail: balmarbalancas@hotmail.com

End: CND 4 lote 13 loja 02  Tabatinga",NORMAL,,"CND 4 lote 13 loja 02 Tabatinga, Brasília/DF",,72460-000,,"[""61 3385-2525"",""61 33998043"",""61 33998959"",""61 33996917"",""61 996155104"",""61 32459913"",""61 33542831"",""61 998438080""]","[""mcrefrigeracaodf@gmail.com"",""utimaqrefrigeracaoeireli@gmail.com"",""atendimento@disbrel.com.br"",""balmarbalancas@hotmail.com""]","[""22.041.386/0001-12""]","[""72460-000""]","[""CND 4 lote 13 loja 02 Tabatinga, Brasília/DF""]",-15.7795,-47.9297,,,municipality,Brasília/DF,True
100,5300108,Brasília,BRASILIA,DF,SMM COMERCIO DE BALANCAS E REFRIGERACAO LTDA – BICALHO BALANCAS,"BRASÍLIA DISTRITO FEDERAL (TECNICO NOVO E EXPERIENTE, PORÉM PRECISA COMBINAR VALORES PARA ATENDIMENTO)","BRASÍLIA DISTRITO FEDERAL (TECNICO NOVO E EXPERIENTE, PORÉM PRECISA COMBINAR VALORES PARA ATENDIMENTO)

SMM COMERCIO DE BALANCAS E REFRIGERACAO LTDA – BICALHO BALANCAS

CNPJ: 10.470.681/0001-05

sergiobicalho@hotmail.com

61 99370-4164 SERGIO

QND 29 LOTE 11 – TAGUATINGA NORTE

CEP: 72120-290 BRASILIA – DF

BRASÍLIA

Nome da empresa: TDL COM. E SERVICOS DE BALANCAS LTDA ME

CNPJ: 03.517.429/0001-49

Telefone:  61 3585-8836 / 61 992852569

E-mail: comprastdl2@gmail.com

QUADRA CND 4 LOTE 12 LJS 1 E 2, S/N -TAQUATINGA

CEP: 72120-045 BRASÍLIA DF

BRASÍLIA

Nome da empresa: JUNIOR EQUIPS E SERVICOS LTDA.

Telefone:  61 33478880 / 61 983410008

E-mail: junior@juniorequip.com.br

End: FCLRN 710 bloca A Loja 09",CONSULTAR_ANTES,COMBINAR VALORES; PRECISA COMBINAR,"FCLRN 710 bloca A Loja 09, Brasília/DF",,72120-290,,"[""61 99370-4164"",""61 3585-8836"",""61 992852569"",""61 33478880"",""61 983410008""]","[""sergiobicalho@hotmail.com"",""comprastdl2@gmail.com"",""junior@juniorequip.com.br""]","[""10.470.681/0001-05"",""03.517.429/0001-49""]","[""72120-290"",""72120-045""]","[""FCLRN 710 bloca A Loja 09, Brasília/DF""]",-15.7795,-47.9297,,,municipality,Brasília/DF,True
101,3204203,Piúma,PIUMA,ES,PRISCILA SILVA CURVELLO 10139619780 (ELETRO DINIZ),PIÚMA ESPÍRITO SANTO,"PIÚMA ESPÍRITO SANTO

PRISCILA SILVA CURVELLO 10139619780 (ELETRO DINIZ)

CNPJ:

(28) 3520-1364

AV CARLOS LINDEMBERG, 85 - NITEROI,

CEP: 29285-000 PIÚMA – ES",NORMAL,,"AV CARLOS LINDEMBERG, 85 - NITEROI,, Piúma/ES",,29285-000,,"[""(28) 3520-1364""]",[],[],"[""29285-000""]","[""AV CARLOS LINDEMBERG, 85 - NITEROI,, Piúma/ES""]",-20.8334,-40.7268,,,municipality,Piúma/ES,True
102,3201704,Conceição do Castelo,CONCEICAO DO CASTELO,ES,35.683.656 ROGERIO ALMEIDA CARVALHO,ESPÍRITO SANTO CONCEIÇÃO DO CASTELO,"ESPÍRITO SANTO CONCEIÇÃO DO CASTELO

35.683.656 ROGERIO ALMEIDA CARVALHO

CNPJ: 35.683.656/0001-30

rogerioalmeidacarvalho@gmail.com

28 9902-7786 ROGERIO

RUA MARIA RIBEIRO SOARES, 60 – ARTHUR SOARES

CEP: 29370-000 CONCEIÇÃO DO CASTELO - ES",NORMAL,,"RUA MARIA RIBEIRO SOARES, 60 – ARTHUR SOARES, Conceição do Castelo/ES",,29370-000,,"[""28 9902-7786""]","[""rogerioalmeidacarvalho@gmail.com""]","[""35.683.656/0001-30""]","[""29370-000""]","[""RUA MARIA RIBEIRO SOARES, 60 – ARTHUR SOARES, Conceição do Castelo/ES""]",-20.3639,-41.2417,,,municipality,Conceição do Castelo/ES,True
103,3204906,São Mateus,SAO MATEUS,ES,48.533.121 FRANKLIN DE JESUS CAMPOS,ESPÍRITO SANTO SÃO MATEUS,"ESPÍRITO SANTO SÃO MATEUS

48.533.121 FRANKLIN DE JESUS CAMPOS

CNPJ: 48.533.121/0001-25

franklin.jcampos@outlook.com

27 98884-1719 FRANKLIN

RUA VER. LUIS BARBOSA DOS SANTOS, 265 – BOA VISTA

CEP: 29931-300 SÃO MATEUS – ES",NORMAL,,"RUA VER. LUIS BARBOSA DOS SANTOS, 265 – BOA VISTA, São Mateus/ES",,29931-300,,"[""27 98884-1719""]","[""franklin.jcampos@outlook.com""]","[""48.533.121/0001-25""]","[""29931-300""]","[""RUA VER. LUIS BARBOSA DOS SANTOS, 265 – BOA VISTA, São Mateus/ES""]",-18.7214,-39.8579,,,municipality,São Mateus/ES,True
104,3204906,São Mateus,SAO MATEUS,ES,Assistências em São Mateus/ES,BRUNO TECNICO SÃO MATEUS ES,"BRUNO TECNICO SÃO MATEUS ES

27 999493772

bruno.gobbi@hotmail.com",NORMAL,,,,,,"[""27 999493772""]","[""bruno.gobbi@hotmail.com""]",[],[],[],-18.7214,-39.8579,,,municipality,São Mateus/ES,True
105,3201506,Colatina,COLATINA,ES,JOAO ITER GAROZZI JUNIOR,ESPÍRITO SANTO COLATINA,"ESPÍRITO SANTO COLATINA

JOAO ITER GAROZZI JUNIOR

CNPJ: 21.418.948/0001-31

FONE: 27 99954-2362

RUA JOÃO AZEVEDO, 240 – SANTA HELENA",NORMAL,,"RUA JOÃO AZEVEDO, 240 – SANTA HELENA, Colatina/ES",,,,"[""27 99954-2362""]",[],"[""21.418.948/0001-31""]",[],"[""RUA JOÃO AZEVEDO, 240 – SANTA HELENA, Colatina/ES""]",-19.5493,-40.6269,,,municipality,Colatina/ES,True
106,3201506,Colatina,COLATINA,ES,FABIANO,ESPÍRITO SANTO COLATINA,"ESPÍRITO SANTO COLATINA

FABIANO

27 997160116

tecnico@colatina.com.br

FABIANO ASSISTENCIA COLATINA",NORMAL,,,,,,"[""27 997160116""]","[""tecnico@colatina.com.br""]",[],[],[],-19.5493,-40.6269,,,municipality,Colatina/ES,True
107,3201001,Boa Esperança,BOA ESPERANCA,ES,29.135.990 DIONE CLAUDIONOR,ESPÍRITO SANTO BOA ESPERANÇA,"ESPÍRITO SANTO BOA ESPERANÇA

29.135.990 DIONE CLAUDIONOR

CNPJ: 29.135.990/0001-57

claudionor.dione@gmail.com

27 99287-0819 DIONE

RUA JOAQUIM HONORIO DE CASTRO, 86 – BOA MIRA

CEP: 29845-000 BOA ESPERANÇA - ES",NORMAL,,"RUA JOAQUIM HONORIO DE CASTRO, 86 – BOA MIRA, Boa Esperança/ES",,29845-000,,"[""27 99287-0819""]","[""claudionor.dione@gmail.com""]","[""29.135.990/0001-57""]","[""29845-000""]","[""RUA JOAQUIM HONORIO DE CASTRO, 86 – BOA MIRA, Boa Esperança/ES""]",-18.5395,-40.3025,,,municipality,Boa Esperança/ES,True
108,3200805,Baixo Guandu,BAIXO GUANDU,ES,57.780.237 LUCAS BRANCO SILVA (FALOU QUE IA ATENDER CLIENTE E NÃO FOI),ESPÍRITO SANTO BAIXO GUANDU,"ESPÍRITO SANTO BAIXO GUANDU

57.780.237 LUCAS BRANCO SILVA (FALOU QUE IA ATENDER CLIENTE E NÃO FOI)

CNPJ: 57.780.237/0001-50

ceara.lucas1@hotmail.com

27 99613-0209 LUCAS

AVENIDA LACINE TAPIAS, 259 – RESIDENCIAL BAIM

CEP: 29730-000 BAIXO GUANDU – ES",NAO_INDICAR,NAO FOI,"AVENIDA LACINE TAPIAS, 259 – RESIDENCIAL BAIM, Baixo Guandu/ES",,29730-000,,"[""27 99613-0209""]","[""ceara.lucas1@hotmail.com""]","[""57.780.237/0001-50""]","[""29730-000""]","[""AVENIDA LACINE TAPIAS, 259 – RESIDENCIAL BAIM, Baixo Guandu/ES""]",-19.5213,-41.0109,,,municipality,Baixo Guandu/ES,True
109,3200805,Baixo Guandu,BAIXO GUANDU,ES,REFRIGERACAO E ELETRICA SILVA – ME,ESPÍRITO SANTO BAIXO GUANDU,"ESPÍRITO SANTO BAIXO GUANDU

REFRIGERACAO E ELETRICA SILVA – ME

CNPJ: 07.465.287/0001-74

27 98164-6474 GUSTAVO RESILVA

RUA FRANCISCO MACHADO, 65 SÃO JOSE

CEP: 29730-000 BAIXO GUANDU – ES",NORMAL,,"RUA FRANCISCO MACHADO, 65 SÃO JOSE, Baixo Guandu/ES",,29730-000,,"[""27 98164-6474""]",[],"[""07.465.287/0001-74""]","[""29730-000""]","[""RUA FRANCISCO MACHADO, 65 SÃO JOSE, Baixo Guandu/ES""]",-19.5213,-41.0109,,,municipality,Baixo Guandu/ES,True
110,3201407,Castelo,CASTELO,ES,ELETROMAKI CONSERTOS E COMERCIO DE MAQUINAS LTDA ME,CASTELO ESPÍRITO SANTO,"CASTELO ESPÍRITO SANTO

ELETROMAKI CONSERTOS E COMERCIO DE MAQUINAS LTDA ME

CNPJ: 07.027.890/0001-74

garantia.eletromaki@gmail.com

(28) 9 9900 7871 / (28) 9 9902 7871

AV OSCAR RANGEL, 558 – VOLTA REDONDA

CEP: 29360-000 CASTELO – ES",NORMAL,,"AV OSCAR RANGEL, 558 – VOLTA REDONDA, Castelo/ES",,29360-000,,"[""9900 7871"",""9902 7871""]","[""garantia.eletromaki@gmail.com""]","[""07.027.890/0001-74""]","[""29360-000""]","[""AV OSCAR RANGEL, 558 – VOLTA REDONDA, Castelo/ES""]",-20.6033,-41.2031,,,municipality,Castelo/ES,True
111,3200904,Barra de São Francisco,BARRA DE SAO FRANCISCO,ES,52.448.576 ANANIAS FERNANDES PEREIRA – ROSE MULTIPEÇAS,ESPÍRITO SANTO BARRA DE SÃO FRANCISCO,"ESPÍRITO SANTO BARRA DE SÃO FRANCISCO

52.448.576 ANANIAS FERNANDES PEREIRA – ROSE MULTIPEÇAS

CNPJ: 52.448.576/0001-10

rosecoelhobsf@gmail.com

27 99689-4480 ROSE

AVENIDA CASTELO BRANCO, 464 – CENTRO

CEP: 29800-000 BARRA DE SÃO FRANCISCO – ES",NORMAL,,"AVENIDA CASTELO BRANCO, 464 – CENTRO, Barra de São Francisco/ES",,29800-000,,"[""27 99689-4480""]","[""rosecoelhobsf@gmail.com""]","[""52.448.576/0001-10""]","[""29800-000""]","[""AVENIDA CASTELO BRANCO, 464 – CENTRO, Barra de São Francisco/ES""]",-18.7548,-40.8965,,,municipality,Barra de São Francisco/ES,True
112,3200904,Barra de São Francisco,BARRA DE SAO FRANCISCO,ES,WM EMPREENDIMENTOS LTDA ME (COELHO MAQUINAS),ESPÍRITO SANTO BARRA DE SÃO FRANCISCO,"ESPÍRITO SANTO BARRA DE SÃO FRANCISCO

WM EMPREENDIMENTOS LTDA ME (COELHO MAQUINAS)

CNPJ: 15.323.519/0001-88

coelhomaquinas@gmail.com

27 99689-4480 ROSE

AVENIDA CASTELO BRANCO, 608 – VILA LANDINHA

CEP: 29800-000 BARRA DE SÃO FRANCISCO – ES",NORMAL,,"AVENIDA CASTELO BRANCO, 608 – VILA LANDINHA, Barra de São Francisco/ES",,29800-000,,"[""27 99689-4480""]","[""coelhomaquinas@gmail.com""]","[""15.323.519/0001-88""]","[""29800-000""]","[""AVENIDA CASTELO BRANCO, 608 – VILA LANDINHA, Barra de São Francisco/ES""]",-18.7548,-40.8965,,,municipality,Barra de São Francisco/ES,True
113,3202801,Itapemirim,ITAPEMIRIM,ES,A M T FELICISSIMO – ELETRO TL,Espírito Santo ITAPEMIRIM,"Espírito Santo ITAPEMIRIM

A M T FELICISSIMO – ELETRO TL

CNPJ: 22.415.297/0001-99

tonifelicissimo@gmail.com

28 99917-4055 ANTONIO

RUA AMPHILOQUIO DE MORENO, 374 – CENTRO

CEP: 29330-000 ITAPEMIRIM – ES",NORMAL,,"RUA AMPHILOQUIO DE MORENO, 374 – CENTRO, Itapemirim/ES",,29330-000,,"[""28 99917-4055""]","[""tonifelicissimo@gmail.com""]","[""22.415.297/0001-99""]","[""29330-000""]","[""RUA AMPHILOQUIO DE MORENO, 374 – CENTRO, Itapemirim/ES""]",-21.0095,-40.8307,,,municipality,Itapemirim/ES,True
114,3203205,Linhares,LINHARES,ES,JOSE CARLOS FERREIRA DE ALMEIDA 85050644704,Espírito Santo LINHARES,"Espírito Santo LINHARES

JOSE CARLOS FERREIRA DE ALMEIDA 85050644704

CNPJ: 22.819.685/0001-35

jose.carlos.ata@gmail.com

27 99668-2799 JOSE CARLOS

RUA JOÃO FREGONA, 148 – INTERLAGOS

CEP: 29903-160 LINHARES – ES",NORMAL,,"RUA JOÃO FREGONA, 148 – INTERLAGOS, Linhares/ES",,29903-160,,"[""27 99668-2799""]","[""jose.carlos.ata@gmail.com""]","[""22.819.685/0001-35""]","[""29903-160""]","[""RUA JOÃO FREGONA, 148 – INTERLAGOS, Linhares/ES""]",-19.3946,-40.0643,,,municipality,Linhares/ES,True
115,3200102,Afonso Cláudio,AFONSO CLAUDIO,ES,GABRIELLE RODRIGUES VIEIRA SILVA – CASA DAS MAQUINAS,Espírito Santo AFONSO CLAUDIO,"Espírito Santo AFONSO CLAUDIO

GABRIELLE RODRIGUES VIEIRA SILVA – CASA DAS MAQUINAS

CNPJ: 34.514.740/0001-68

bi_icm@outlook.com

27 99507-4549 Rogério Vieira

RUA EMIDIO XAVIER, 10 – GRAMA

CEP: 29600-000 AFONSO CLAUDIO – ES",NORMAL,,"RUA EMIDIO XAVIER, 10 – GRAMA, Afonso Cláudio/ES",,29600-000,,"[""27 99507-4549""]","[""bi_icm@outlook.com""]","[""34.514.740/0001-68""]","[""29600-000""]","[""RUA EMIDIO XAVIER, 10 – GRAMA, Afonso Cláudio/ES""]",-20.0778,-41.1261,,,municipality,Afonso Cláudio/ES,True
116,3205200,Vila Velha,VILA VELHA,ES,L. F. P. DOELINGER - F. D. MOTORES,"Espírito Santo VILA VELHA (NÃO PASSAR GARANTIA, TÉCNICO ACEITA SERVIÇO E DEPOIS NÃO RESPONDE)","Espírito Santo VILA VELHA (NÃO PASSAR GARANTIA, TÉCNICO ACEITA SERVIÇO E DEPOIS NÃO RESPONDE)

L. F. P. DOELINGER - F. D. MOTORES

CNPJ: 26.394.489/0001-17

contato@fdmotores.com.br / luizfelipepedoelingera18@hotmail.com

(27)3109-9576

27 99918-0814 / 98155-0303

END.: AV CARLOS LINDENBERG, 1956 – ARIBIRI",NAO_INDICAR,NAO PASSAR GARANTIA,"AV CARLOS LINDENBERG, 1956 – ARIBIRI, Vila Velha/ES",,,,"[""(27)3109-9576"",""27 99918-0814"",""98155-0303""]","[""contato@fdmotores.com.br"",""luizfelipepedoelingera18@hotmail.com""]","[""26.394.489/0001-17""]",[],"[""AV CARLOS LINDENBERG, 1956 – ARIBIRI, Vila Velha/ES""]",-20.3417,-40.2875,,,municipality,Vila Velha/ES,True
117,3205200,Vila Velha,VILA VELHA,ES,PATROCINIOS MOTORES ELETRICOS E LOCVIVE LTDA (CONSERTA MOTORES),Espírito Santo VILA VELHA,"Espírito Santo VILA VELHA

PATROCINIOS MOTORES ELETRICOS E LOCVIVE LTDA (CONSERTA MOTORES)

CNPJ: 36.385.375/0001-64

financeiro@patrociniomotores.com.br

27 99809-8172 KARINE

27 99986-2655 TECNICO

AV. RUI BRAGA RIBEIRO, 1277 – SANTA INES

CEP: 29108-041 VILA VELHA – ES",NORMAL,,"AV. RUI BRAGA RIBEIRO, 1277 – SANTA INES, Vila Velha/ES",,29108-041,,"[""27 99809-8172"",""27 99986-2655""]","[""financeiro@patrociniomotores.com.br""]","[""36.385.375/0001-64""]","[""29108-041""]","[""AV. RUI BRAGA RIBEIRO, 1277 – SANTA INES, Vila Velha/ES""]",-20.3417,-40.2875,,,municipality,Vila Velha/ES,True
118,3205200,Vila Velha,VILA VELHA,ES,55.058.313 BRUNO DA SILVA BRITO (VERIFICAR VALORES),Espírito Santo VILA VELHA,"Espírito Santo VILA VELHA

55.058.313 BRUNO DA SILVA BRITO (VERIFICAR VALORES)

CNPJ: 55.058.313/0001-92

bsbrito.equipamentos@gmail.com

27 99743-0782 BRUNO

RUA FRANCISCO DOMINGOS RAMOS, 9 – SANTA CLARA

CEP: 29113-725 VILA VELHA – ES",CONSULTAR_ANTES,VERIFICAR,"RUA FRANCISCO DOMINGOS RAMOS, 9 – SANTA CLARA, Vila Velha/ES",,29113-725,,"[""27 99743-0782""]","[""bsbrito.equipamentos@gmail.com""]","[""55.058.313/0001-92""]","[""29113-725""]","[""RUA FRANCISCO DOMINGOS RAMOS, 9 – SANTA CLARA, Vila Velha/ES""]",-20.3417,-40.2875,,,municipality,Vila Velha/ES,True
119,3205200,Vila Velha,VILA VELHA,ES,FAT MSR COMERCIO E SERVICOS LTDA,Espírito Santo VILA VELHA,"Espírito Santo VILA VELHA

FAT MSR COMERCIO E SERVICOS LTDA

CNPJ: 58.595.613/0001-07

fat.fat.msr@gmail.com

27 99976-6227 RODRIGO

RUA CASTELO BRANCO, 2176 – OLARIA

CEP: 29100-590 VILA VELHA – ES",NORMAL,,"RUA CASTELO BRANCO, 2176 – OLARIA, Vila Velha/ES",,29100-590,,"[""27 99976-6227""]","[""fat.fat.msr@gmail.com""]","[""58.595.613/0001-07""]","[""29100-590""]","[""RUA CASTELO BRANCO, 2176 – OLARIA, Vila Velha/ES""]",-20.3417,-40.2875,,,municipality,Vila Velha/ES,True
120,3205200,Vila Velha,VILA VELHA,ES,Nome da empresa: FAT ASSIST. TECNICA VENDA MAQ. LTDA – CADASTRO INATIVO,Espírito Santo VILA VELHA,"Espírito Santo VILA VELHA

Nome da empresa: FAT ASSIST. TECNICA VENDA MAQ. LTDA – CADASTRO INATIVO

Telefone:  21 32197737 / 21 99976627 / 21 996997546

E-mail: fat.suportetecnico@gmail.com

End: Rua Castelo Branco n 2176, Bairro Olaria Vila Velha cep 29100540",NAO_INDICAR,CADASTRO INATIVO,"Rua Castelo Branco n 2176, Bairro Olaria Vila Velha cep 29100540/ES",,29100540,,"[""21 32197737"",""21 99976627"",""21 996997546"",""29100540""]","[""fat.suportetecnico@gmail.com""]",[],"[""29100540""]","[""Rua Castelo Branco n 2176, Bairro Olaria Vila Velha cep 29100540/ES""]",-20.3417,-40.2875,,,municipality,Vila Velha/ES,True
121,3201209,Cachoeiro de Itapemirim,CACHOEIRO DE ITAPEMIRIM,ES,ELETRO JATO INSTALADORA LTDA,Espírito Santo CACHOEIRO DE ITAPEMIRIM,"Espírito Santo CACHOEIRO DE ITAPEMIRIM

ELETRO JATO INSTALADORA LTDA

CNPJ: 05.324.481/0001-04

acmdardengome@gmail.com

28 9908-6741 FLAVIO

AV. BEIRA RIO, 35 – CENTRO

CEP: 29300-205 CACHOEIRO DE ITAPEMIRIM – ES",NORMAL,,"AV. BEIRA RIO, 35 – CENTRO, Cachoeiro de Itapemirim/ES",,29300-205,,"[""28 9908-6741""]","[""acmdardengome@gmail.com""]","[""05.324.481/0001-04""]","[""29300-205""]","[""AV. BEIRA RIO, 35 – CENTRO, Cachoeiro de Itapemirim/ES""]",-20.8462,-41.1198,,,municipality,Cachoeiro de Itapemirim/ES,True
122,3201209,Cachoeiro de Itapemirim,CACHOEIRO DE ITAPEMIRIM,ES,Nome da empresa: Marli Marlene Suet,Espírito Santo CACHOEIRO DE ITAPEMIRIM,"Espírito Santo CACHOEIRO DE ITAPEMIRIM

Nome da empresa: Marli Marlene Suet

CNPJ: 29.368.822.0001.01

Telefone:  28 35227256 / 28 999507642 /999773198

Morgana ou Liandro

E-mail: caixa.suet@hootmail.com

End: Rua Doutor Roziris Almeida de freiras 101 Vila Rica",NORMAL,,"Rua Doutor Roziris Almeida de freiras 101 Vila Rica, Cachoeiro de Itapemirim/ES",,,,"[""28 35227256"",""28 999507642"",""999773198""]","[""caixa.suet@hootmail.com""]",[],[],"[""Rua Doutor Roziris Almeida de freiras 101 Vila Rica, Cachoeiro de Itapemirim/ES""]",-20.8462,-41.1198,,,municipality,Cachoeiro de Itapemirim/ES,True
123,3201209,Cachoeiro de Itapemirim,CACHOEIRO DE ITAPEMIRIM,ES,Nome da empresa: SUET EQUIP. COML. LTDA. - ME,Espírito Santo CACHOEIRO DE ITAPEMIRIM,"Espírito Santo CACHOEIRO DE ITAPEMIRIM

Nome da empresa: SUET EQUIP. COML. LTDA. - ME

Telefone:  (28) 35227256  LIANDRO

E-mail: caixa.suet@hotmail.com

End: R. Bernardo Horta, 158 - Guandú, Cachoeiro de Itapemirim - ES, cep:29300-080",NORMAL,,"R. Bernardo Horta, 158 - Guandú, Cachoeiro de Itapemirim - ES, cep:29300-080",,29300-080,,"[""(28) 35227256""]","[""caixa.suet@hotmail.com""]",[],"[""29300-080""]","[""R. Bernardo Horta, 158 - Guandú, Cachoeiro de Itapemirim - ES, cep:29300-080""]",-20.8462,-41.1198,,,municipality,Cachoeiro de Itapemirim/ES,True
124,3201209,Cachoeiro de Itapemirim,CACHOEIRO DE ITAPEMIRIM,ES,Nome da empresa: PAULO HENRIQUE PEREIRA BORGES (PAULO BALANCA),Espírito Santo CACHOEIRO DE ITAPEMIRIM,"Espírito Santo CACHOEIRO DE ITAPEMIRIM

Nome da empresa: PAULO HENRIQUE PEREIRA BORGES (PAULO BALANCA)

Telefone: (28) 99915-7560 PAULO 28 99279-3124 / 3028-9644

E-mail: paulodabalanca2013@hotmail.com

End:  Avenida Jorge Simao 37 a 39 , Coramara Cep: 29.313-367",NORMAL,,"Avenida Jorge Simao 37 a 39 , Coramara Cep: 29.313-367, Cachoeiro de Itapemirim/ES",,29.313-367,,"[""(28) 99915-7560"",""28 99279-3124"",""3028-9644""]","[""paulodabalanca2013@hotmail.com""]",[],"[""29.313-367""]","[""Avenida Jorge Simao 37 a 39 , Coramara Cep: 29.313-367, Cachoeiro de Itapemirim/ES""]",-20.8462,-41.1198,,,municipality,Cachoeiro de Itapemirim/ES,True
125,3201209,Cachoeiro de Itapemirim,CACHOEIRO DE ITAPEMIRIM,ES,Nome da empresa: REMAQ REFR. MANUT. MAQUINAS LTDA,Espírito Santo CACHOEIRO DE ITAPEMIRIM,"Espírito Santo CACHOEIRO DE ITAPEMIRIM

Nome da empresa: REMAQ REFR. MANUT. MAQUINAS LTDA

CNPJ: 39.325.725/0001-95

Telefone: (28) 99855366 JOÃO

E-mail: remaq.es@hotmail.com

Rua Maria Julia Simões Almeida, 52 - Coramara

CEP 29313-420 - Cachoeiro de Itapemirim/ES",NORMAL,,"Rua Maria Julia Simões Almeida, 52 - Coramara, Cachoeiro de Itapemirim/ES",,29313-420,,"[""(28) 99855366""]","[""remaq.es@hotmail.com""]","[""39.325.725/0001-95""]","[""29313-420""]","[""Rua Maria Julia Simões Almeida, 52 - Coramara, Cachoeiro de Itapemirim/ES""]",-20.8462,-41.1198,,,municipality,Cachoeiro de Itapemirim/ES,True
126,3205309,Vitória,VITORIA,ES,Nome da empresa: GEM SERVICE SERVIÇOS E COMERCIO LTDA,Espírito Santo VITÓRIA,"Espírito Santo VITÓRIA

Nome da empresa: GEM SERVICE SERVIÇOS E COMERCIO LTDA

CNPJ: 46.420.703/0001-70

Telefone:  27 99943-0976 MAYCON

E-mail: manutencao.gemservice@gmail.com

End.:  Av Vitoria n 1400 loja 10 Bairro Ilha de Santa Maria

CEP: 29051-040 VITORIA – ES",NORMAL,,Av Vitoria n 1400 loja 10 Bairro Ilha de Santa Maria/ES,,29051-040,,"[""27 99943-0976""]","[""manutencao.gemservice@gmail.com""]","[""46.420.703/0001-70""]","[""29051-040""]","[""Av Vitoria n 1400 loja 10 Bairro Ilha de Santa Maria/ES""]",-20.3155,-40.3128,,,municipality,Vitória/ES,True
127,3201308,Cariacica,CARIACICA,ES,28.378.192 CLENILDO GUELER MIRANDA – BRUMAC,Espírito Santo CARIACICA,"Espírito Santo CARIACICA

28.378.192 CLENILDO GUELER MIRANDA – BRUMAC

CNPJ: 28.378.192/0001-93

brumac2020@gmail.com.br

27 99844-7713 / 27 99848-6470 CLENILDO

RUA DIAMANTE, 60 – SÃO GERALDO

CEP: 29146-674 – CARIACICA – ES",NORMAL,,"RUA DIAMANTE, 60 – SÃO GERALDO, Cariacica/ES",,29146-674,,"[""27 99844-7713"",""27 99848-6470""]","[""brumac2020@gmail.com.br""]","[""28.378.192/0001-93""]","[""29146-674""]","[""RUA DIAMANTE, 60 – SÃO GERALDO, Cariacica/ES""]",-20.2632,-40.4165,,,municipality,Cariacica/ES,True
128,3201308,Cariacica,CARIACICA,ES,BRUNO JERONIMO DA SILVA - JERONIMO ASSISTENCIA,Espírito Santo CARIACICA,"Espírito Santo CARIACICA

BRUNO JERONIMO DA SILVA - JERONIMO ASSISTENCIA

CNPJ: 37.772.867/0001-75

jeronimoassistenciatecnica@gmail.com

27 99937-5428 Bruno

RUA BIGODINHO, 267 – SÃO CONRADO

CEP: 29141-182 CARIACICA – ES

39.459.585 MABILA FRANCA DE SOUZA SILVA – (JERONIMO ASSISTENCIA)

CNPJ: 39.459.585/0001-48

mabilafsouza@gmail.com

RUA CARDEAL, 24 – SÃO CONRADO

CEP: 29.141-193 CARIACICA - ES",NORMAL,,"RUA BIGODINHO, 267 – SÃO CONRADO, Cariacica/ES",,29141-182,,"[""27 99937-5428""]","[""jeronimoassistenciatecnica@gmail.com"",""mabilafsouza@gmail.com""]","[""37.772.867/0001-75"",""39.459.585/0001-48""]","[""29141-182"",""29.141-193""]","[""RUA BIGODINHO, 267 – SÃO CONRADO, Cariacica/ES"",""RUA CARDEAL, 24 – SÃO CONRADO, Cariacica/ES""]",-20.2632,-40.4165,,,municipality,Cariacica/ES,True
129,3201308,Cariacica,CARIACICA,ES,Nome da empresa: CAUSIMAC SERV. E COM. LTDA.,Espírito Santo CARIACICA,"Espírito Santo CARIACICA

Nome da empresa: CAUSIMAC SERV. E COM. LTDA.

Telefone:  27 33366467

E-mail: financeiro@causimac.com.br

End: Rua Padre Anchieta n 1125

Bairro: Dom Bosco",NORMAL,,"Rua Padre Anchieta n 1125, Cariacica/ES",,,,"[""27 33366467""]","[""financeiro@causimac.com.br""]",[],[],"[""Rua Padre Anchieta n 1125, Cariacica/ES""]",-20.2632,-40.4165,,,municipality,Cariacica/ES,True
130,3205002,Serra,SERRA,ES,STARTEC COMERCIO E SERVICO LTDA,Espírito Santo SERRA,"Espírito Santo SERRA

**STARTEC COMERCIO E SERVICO LTDA**

FONE: 27 3337-6514 / 99976-1506

startec@startec.srv.br

** ENDEREÇO:  **AV. JOSE MARTINS MOREIRA RATO, nº 499 – BAIRRO DE FATIMA",NORMAL,,"**AV. JOSE MARTINS MOREIRA RATO, nº 499 – BAIRRO DE FATIMA, Serra/ES",,,,"[""27 3337-6514"",""99976-1506""]","[""startec@startec.srv.br""]",[],[],"[""**AV. JOSE MARTINS MOREIRA RATO, nº 499 – BAIRRO DE FATIMA, Serra/ES""]",-20.121,-40.3074,,,municipality,Serra/ES,True
131,3205002,Serra,SERRA,ES,R NASCIMENTO GUERRA – ME ( MUDOU PARA MINAS),SERRA – ES,"SERRA – ES

R NASCIMENTO GUERRA – ME ( MUDOU PARA MINAS)

ALPHA REFRIGERACAO

(27) 999664968 / RODRIGO",NORMAL,,,,,,"[""(27) 999664968""]",[],[],[],[],-20.121,-40.3074,,,municipality,Serra/ES,True
132,3205002,Serra,SERRA,ES,Assistências em Serra/ES,Espírito Santo SERRA,"Espírito Santo SERRA

Avenida Romulo Castello, 448 Castelandia - Serra - ES CEP 29172-620",NORMAL,,"Avenida Romulo Castello, 448 Castelandia - Serra - ES CEP 29172-620",,29172-620,,[],[],[],"[""29172-620""]","[""Avenida Romulo Castello, 448 Castelandia - Serra - ES CEP 29172-620""]",-20.121,-40.3074,,,municipality,Serra/ES,True
133,3202405,Guarapari,GUARAPARI,ES,56.897.099 CARLOS ALBERTO MERIGUETTI,Espírito Santo GUARAPARI,"Espírito Santo GUARAPARI

56.897.099 CARLOS ALBERTO MERIGUETTI

CNPJ: 56.897.99/0001-20

camerigueti@gmail.com

18 9 9777 6633 CARLOS

RUA JOAQUIM DA SILVA LIMA, 122 – EDIF NELSON AMORIM – APTO 1501 – CENTRO (VERIFICAR SE TEM OUTRO ENDEREÇO PARA OFICINA)

CEP: 29200-260 – GUARAPARI – ES",CONSULTAR_ANTES,VERIFICAR,"RUA JOAQUIM DA SILVA LIMA, 122 – EDIF NELSON AMORIM – APTO 1501 – CENTRO (VERIFICAR SE TEM OUTRO ENDEREÇO PARA OFICINA), Guarapari/ES",,29200-260,,"[""9777 6633""]","[""camerigueti@gmail.com""]",[],"[""29200-260""]","[""RUA JOAQUIM DA SILVA LIMA, 122 – EDIF NELSON AMORIM – APTO 1501 – CENTRO (VERIFICAR SE TEM OUTRO ENDEREÇO PARA OFICINA), Guarapari/ES""]",-20.6772,-40.5093,,,municipality,Guarapari/ES,True
134,3202405,Guarapari,GUARAPARI,ES,JOCEARA DE JESUS SANTOS (CESAR ASSISTENCIA TECNICA) – NÃO QUER IR PARA SITE,Espírito Santo GUARAPARI,"Espírito Santo GUARAPARI

JOCEARA DE JESUS SANTOS (CESAR ASSISTENCIA TECNICA) – NÃO QUER IR PARA SITE

CNPJ: 17.312.864/0001-41

rc-pecas@hotmail.com  /  contabilidadeluceir@gmail.com

27 99745-4324 CESAR

AV. GOV. JONES DOS SANTOS NEVES, 4104 – MUQUICABA

CEP.: 29215-002 GUARAPARI-ES",NORMAL,,"AV. GOV. JONES DOS SANTOS NEVES, 4104 – MUQUICABA, Guarapari/ES",,29215-002,,"[""27 99745-4324""]","[""rc-pecas@hotmail.com"",""contabilidadeluceir@gmail.com""]","[""17.312.864/0001-41""]","[""29215-002""]","[""AV. GOV. JONES DOS SANTOS NEVES, 4104 – MUQUICABA, Guarapari/ES""]",-20.6772,-40.5093,,,municipality,Guarapari/ES,True
135,5218003,Porangatu,PORANGATU,GO,LOJAS AGROMAQUINAS LTDA,GOIÁS PORANGATU,"GOIÁS PORANGATU

LOJAS AGROMAQUINAS LTDA

CNPJ: 27.467.335/0001-70

financeiro@lojasagromaquinas.com.br

62 99802-9600 CLAUDISON / PEDRO TECNICO

RUA 2, S/N QD 07 LT 03/04/05 – VILA SOARES

CEP: 76550-162 PORANGATU – GO",NORMAL,,"RUA 2, S/N QD 07 LT 03/04/05 – VILA SOARES, Porangatu/GO",,76550-162,,"[""62 99802-9600""]","[""financeiro@lojasagromaquinas.com.br""]","[""27.467.335/0001-70""]","[""76550-162""]","[""RUA 2, S/N QD 07 LT 03/04/05 – VILA SOARES, Porangatu/GO""]",-13.4391,-49.1503,,,municipality,Porangatu/GO,True
136,5215504,Ouvidor,OUVIDOR,GO,51.759.415 DANIEL ESTRELA BORGES,GOIÁS OUVIDOR,"GOIÁS OUVIDOR

51.759.415 DANIEL ESTRELA BORGES

CNPJ: 51.759.415/0001-84

danielestrelaborges@gmail.com

64 99607-4721 DANIEL

RUA 01, 63 - RES. VIGILATO EVANGELISTA PEREIRA

CEP: 75715-000 OUVIDOR – GO",NORMAL,,"RUA 01, 63 - RES. VIGILATO EVANGELISTA PEREIRA, Ouvidor/GO",,75715-000,,"[""64 99607-4721""]","[""danielestrelaborges@gmail.com""]","[""51.759.415/0001-84""]","[""75715-000""]","[""RUA 01, 63 - RES. VIGILATO EVANGELISTA PEREIRA, Ouvidor/GO""]",-18.2277,-47.8355,,,municipality,Ouvidor/GO,True
137,5221601,Uruaçu,URUACU,GO,BIG COM. DE PECAS E SERVICOS LTDA ME,GOIÁS URUAÇU,"GOIÁS URUAÇU

BIG COM. DE PECAS E SERVICOS LTDA ME

CNPJ:  01.200.350.0001-64

(62)3357-1328 GILSON

AV CEL GASPAR, nº 137 Bairro: CENTRO – URUAÇU

CEP: 76400-00",NORMAL,,"AV CEL GASPAR, nº 137 Bairro: CENTRO – URUAÇU/GO",,,,"[""(62)3357-1328""]",[],[],[],"[""AV CEL GASPAR, nº 137 Bairro: CENTRO – URUAÇU/GO""]",-14.5238,-49.1396,,,municipality,Uruaçu/GO,True
138,5218805,Rio Verde,RIO VERDE,GO,ELETRO G LTDA,GOIÁS RIO VERDE,"GOIÁS RIO VERDE

ELETRO G LTDA

CNPJ: 09.404.082/0001-04

eletrog_rv@hotmail.com

64 3623-8789 CRISLORRAINE

AV. LAZINHO PIMENTA, S/N – QD 20 LT 18 – SIMPE

CEP: 75910-595 RIO VERDE – GO",NORMAL,,"AV. LAZINHO PIMENTA, S/N – QD 20 LT 18 – SIMPE, Rio Verde/GO",,75910-595,,"[""64 3623-8789""]","[""eletrog_rv@hotmail.com""]","[""09.404.082/0001-04""]","[""75910-595""]","[""AV. LAZINHO PIMENTA, S/N – QD 20 LT 18 – SIMPE, Rio Verde/GO""]",-17.7923,-50.9192,,,municipality,Rio Verde/GO,True
139,5218805,Rio Verde,RIO VERDE,GO,CASA DO ACOUGUEIRO LTDA,GOIÁS RIO VERDE,"GOIÁS RIO VERDE

CASA DO ACOUGUEIRO LTDA

64 3621-6095 CAIO

AV PEDRO LUDOVICO TEIXEIRA, 600 - PQ BANDEIRANTE",NORMAL,,"AV PEDRO LUDOVICO TEIXEIRA, 600 - PQ BANDEIRANTE, Rio Verde/GO",,,,"[""64 3621-6095""]",[],[],[],"[""AV PEDRO LUDOVICO TEIXEIRA, 600 - PQ BANDEIRANTE, Rio Verde/GO""]",-17.7923,-50.9192,,,municipality,Rio Verde/GO,True
140,5219704,Santa Terezinha de Goiás,SANTA TEREZINHA DE GOIAS,GO,ELIELTON BERNARDES PEREIRA,GOIÁS SANTA TEREZINHA DE GOIÁS,"GOIÁS SANTA TEREZINHA DE GOIÁS

ELIELTON BERNARDES PEREIRA

62 98191-0304

AV. Dona Dita, 376 quadra 74 lote 03, centro, 76500-000 / Santa Terezinha de Goiás - GO",NORMAL,,"AV. Dona Dita, 376 quadra 74 lote 03, centro, 76500-000 / Santa Terezinha de Goiás - GO",,76500-000,,"[""62 98191-0304""]",[],[],"[""76500-000""]","[""AV. Dona Dita, 376 quadra 74 lote 03, centro, 76500-000 / Santa Terezinha de Goiás - GO""]",-14.4326,-49.7091,,,municipality,Santa Terezinha de Goiás/GO,True
141,5216452,Perolândia,PEROLANDIA,GO,48.718.386 JAIR GUIMARAES DOS SANTOS (CONSERTO DE MAQUINAS GUIMARAES),GOIÁS PEROLANDIA,"GOIÁS PEROLANDIA

48.718.386 JAIR GUIMARAES DOS SANTOS (CONSERTO DE MAQUINAS GUIMARAES)

CNPJ: 48.718.386/0001-06

jairduarte074@gmail.com

64 99238-4243 JAIR

RUA JOAQUIM VILELA JUNQUEIRA, S/N QD 11 LT 12 – PLANALTO

CEP: 75823-000 PEROLANDIA – GO",NORMAL,,"RUA JOAQUIM VILELA JUNQUEIRA, S/N QD 11 LT 12 – PLANALTO, Perolândia/GO",,75823-000,,"[""64 99238-4243""]","[""jairduarte074@gmail.com""]","[""48.718.386/0001-06""]","[""75823-000""]","[""RUA JOAQUIM VILELA JUNQUEIRA, S/N QD 11 LT 12 – PLANALTO, Perolândia/GO""]",-17.5258,-52.065,,,municipality,Perolândia/GO,True
142,5219308,Santa Helena de Goiás,SANTA HELENA DE GOIAS,GO,46.218.141 CARLOS ALBERTO BENFICA DE PAULA ALMEIDA – REFRIGERAÇÃO CATA VENTOS,GOIÁS SANTA HELENA DE GOIAS,"GOIÁS SANTA HELENA DE GOIAS

46.218.141 CARLOS ALBERTO BENFICA DE PAULA ALMEIDA – REFRIGERAÇÃO CATA VENTOS

CNPJ: 46.218.141/0001-86

superarcarlos@gmail.com

64 99200-8061 CARLOS

RUA CUSTODIO P VENCIO QD. 28 LT 08, 1352 – CENTRO

CEP: 75920-000 SANTA HELENA DE GOIAS – GO",NORMAL,,"RUA CUSTODIO P VENCIO QD. 28 LT 08, 1352 – CENTRO, Santa Helena de Goiás/GO",,75920-000,,"[""64 99200-8061""]","[""superarcarlos@gmail.com""]","[""46.218.141/0001-86""]","[""75920-000""]","[""RUA CUSTODIO P VENCIO QD. 28 LT 08, 1352 – CENTRO, Santa Helena de Goiás/GO""]",-17.8115,-50.5977,,,municipality,Santa Helena de Goiás/GO,True
143,5200902,Amorinópolis,AMORINOPOLIS,GO,JOAO PAULO MENDES SIQUEIRA 02102569152,GOIÁS AMORINOPOLIS,"GOIÁS AMORINOPOLIS

JOAO PAULO MENDES SIQUEIRA 02102569152

CNPJ: 36.393.951/0001-15

mendessiqueira94@gmail.com

64 98414-5799 JOÃO PAULO

AV MACABEUS QD 44 LT 1, SN – CENTRO

CEP: 76140-000 AMORINOPOLIS – GO",NORMAL,,"AV MACABEUS QD 44 LT 1, SN – CENTRO, Amorinópolis/GO",,76140-000,,"[""64 98414-5799""]","[""mendessiqueira94@gmail.com""]","[""36.393.951/0001-15""]","[""76140-000""]","[""AV MACABEUS QD 44 LT 1, SN – CENTRO, Amorinópolis/GO""]",-16.6151,-51.0919,,,municipality,Amorinópolis/GO,True
144,5215702,Palmeiras de Goiás,PALMEIRAS DE GOIAS,GO,49.116.556 MARCIEL CORREIA DOS SANTOS – M N MANUTENÇÃO,GOIÁS PALMEIRAS DE GOIAS,"GOIÁS PALMEIRAS DE GOIAS

49.116.556 MARCIEL CORREIA DOS SANTOS – M N MANUTENÇÃO

CNPJ: 49.116.556/0001-37

marcielcorreiasantos@gmail.com

64 99623-3723 MARCIEL

AV. JOÃO FERREIRA PINTO, S/N – QD 08 LT 01 CASA 01 – SETOR MAJOR SINFRONIO

CEP: 76190-000 PALMEIRAS DE GOIÁS – GO",NORMAL,,"AV. JOÃO FERREIRA PINTO, S/N – QD 08 LT 01 CASA 01 – SETOR MAJOR SINFRONIO, Palmeiras de Goiás/GO",,76190-000,,"[""64 99623-3723""]","[""marcielcorreiasantos@gmail.com""]","[""49.116.556/0001-37""]","[""76190-000""]","[""AV. JOÃO FERREIRA PINTO, S/N – QD 08 LT 01 CASA 01 – SETOR MAJOR SINFRONIO, Palmeiras de Goiás/GO""]",-16.8044,-49.924,,,municipality,Palmeiras de Goiás/GO,True
145,5211206,Itapuranga,ITAPURANGA,GO,REAL ELETRICA E REFRIGERACAO BORBA LTDA,GOIÁS ITAPURANGA,"GOIÁS ITAPURANGA

REAL ELETRICA E REFRIGERACAO BORBA LTDA

CNPJ: 25.094.533/0001-00

cleidemfb@gmail.com

62 3355-1210 / 98492-6729 CLEIDE

62 99609-5706 / 98538-8435 WEVERTON

AV. FARNESE RABELO, 690 – CENTRO

CEP: 76680-000 ITAPURANGA - GO",NORMAL,,"AV. FARNESE RABELO, 690 – CENTRO, Itapuranga/GO",,76680-000,,"[""62 3355-1210"",""98492-6729"",""62 99609-5706"",""98538-8435""]","[""cleidemfb@gmail.com""]","[""25.094.533/0001-00""]","[""76680-000""]","[""AV. FARNESE RABELO, 690 – CENTRO, Itapuranga/GO""]",-15.5606,-49.949,,,municipality,Itapuranga/GO,True
146,5211909,Jataí,JATAI,GO,JONATHAN ALVES DE ASSIS – MOTOR MAQUINAS JATAI,GOIÁS JATAI,"GOIÁS JATAI

JONATHAN ALVES DE ASSIS – MOTOR MAQUINAS JATAI

CNPJ: 39.518.264/0001-77

motormaquinasjatai@gmail.com

64 99695-9881 JONATHAN

AVENIDA HERCULANO CARNEIRO, 182 VILA SANTA MARIA

CEP: 75800-135 JATAI – GO",NORMAL,,"AVENIDA HERCULANO CARNEIRO, 182 VILA SANTA MARIA, Jataí/GO",,75800-135,,"[""64 99695-9881""]","[""motormaquinasjatai@gmail.com""]","[""39.518.264/0001-77""]","[""75800-135""]","[""AVENIDA HERCULANO CARNEIRO, 182 VILA SANTA MARIA, Jataí/GO""]",-17.8784,-51.7204,,,municipality,Jataí/GO,True
147,5218904,Rubiataba,RUBIATABA,GO,CLAUDEMI RODRIGUES ALVES,Goiás RUBIATABA,"Goiás RUBIATABA

CLAUDEMI RODRIGUES ALVES

CNPJ: 22.310.329/0001-91

jmcontabilidaderubia@hotmail.com

62 98623-5465 SANDRO

AV. ABACATEIRO, S/N QD 109 LT 8/16 – SETOR AEROPORTO",NORMAL,,"AV. ABACATEIRO, S/N QD 109 LT 8/16 – SETOR AEROPORTO, Rubiataba/GO",,,,"[""62 98623-5465""]","[""jmcontabilidaderubia@hotmail.com""]","[""22.310.329/0001-91""]",[],"[""AV. ABACATEIRO, S/N QD 109 LT 8/16 – SETOR AEROPORTO, Rubiataba/GO""]",-15.1617,-49.8048,,,municipality,Rubiataba/GO,True
148,5218508,Quirinópolis,QUIRINOPOLIS,GO,Nome da empresa: MULTIREPAR COM. E SERVS. DE REFR. LTDA,Goiás QUIRINOPOLIS,"Goiás QUIRINOPOLIS

Nome da empresa: MULTIREPAR COM. E SERVS. DE REFR. LTDA

Telefone:  64 3651-1753 / 64 984289991

E-mail: multi_repar@hotmail.com

End: Rua Maria abadia de Sousa n 11 – BAIRRO SÃO FRANCISCO",NORMAL,,"Rua Maria abadia de Sousa n 11 – BAIRRO SÃO FRANCISCO, Quirinópolis/GO",,,,"[""64 3651-1753"",""64 984289991""]","[""multi_repar@hotmail.com""]",[],[],"[""Rua Maria abadia de Sousa n 11 – BAIRRO SÃO FRANCISCO, Quirinópolis/GO""]",-18.4472,-50.4547,,,municipality,Quirinópolis/GO,True
149,5205109,Catalão,CATALAO,GO,BARROS E SILVA MANUTENCAO & VENDAS LTDA – REIMAQ,Goiás CATALÃO,"Goiás CATALÃO

BARROS E SILVA MANUTENCAO & VENDAS LTDA – REIMAQ

CNPJ: 24.712.752/0001-43

Telefone: 64 3221-3310 / 64 98459-8367

E-mail: reimaq_manutencao@hotmail.com

Rua Cristiano Victor, 126 SALA 2 – SÃO JOÃO

CEP: 75703-150 CATALÃO – GO",NORMAL,,"Rua Cristiano Victor, 126 SALA 2 – SÃO JOÃO, Catalão/GO",,75703-150,,"[""64 3221-3310"",""64 98459-8367""]","[""reimaq_manutencao@hotmail.com""]","[""24.712.752/0001-43""]","[""75703-150""]","[""Rua Cristiano Victor, 126 SALA 2 – SÃO JOÃO, Catalão/GO""]",-18.1656,-47.944,,,municipality,Catalão/GO,True
150,5213103,Mineiros,MINEIROS,GO,Nome da empresa: MINEIROS GAS LTDA.,Goiás MINEIROS,"Goiás MINEIROS

Nome da empresa: MINEIROS GAS LTDA.

Telefone:  62 36611087

E-mail: mineirosgas@terra.com.br

End: Primeira Avenida n 117 Centro",NORMAL,,"Primeira Avenida n 117 Centro, Mineiros/GO",,,,"[""62 36611087""]","[""mineirosgas@terra.com.br""]",[],[],"[""Primeira Avenida n 117 Centro, Mineiros/GO""]",-17.5654,-52.5537,,,municipality,Mineiros/GO,True
151,5204508,Caldas Novas,CALDAS NOVAS,GO,AQUILES DOS SANTOS LIMA - ELETRO LIMA,Goiás CALDAS NOVAS,"Goiás CALDAS NOVAS

AQUILES DOS SANTOS LIMA - ELETRO LIMA

CNPJ: 13.144.760/0001-14

64 3453-2101 Aquiles Lima

64 99240-3412 MATHEUS

E-mail: eletrolimacaldasnovas@hotmail.com

RUA Q - S/N, Qd. 11, Lt. 10, SALA 02, NOVA VILA

CEP: 75.681-646 - CALDAS NOVAS GO",NORMAL,,"RUA Q - S/N, Qd. 11, Lt. 10, SALA 02, NOVA VILA, Caldas Novas/GO",,75.681-646,,"[""64 3453-2101"",""64 99240-3412""]","[""eletrolimacaldasnovas@hotmail.com""]","[""13.144.760/0001-14""]","[""75.681-646""]","[""RUA Q - S/N, Qd. 11, Lt. 10, SALA 02, NOVA VILA, Caldas Novas/GO""]",-17.7441,-48.6246,,,municipality,Caldas Novas/GO,True
152,5201108,Anápolis,ANAPOLIS,GO,Nome da empresa: ELETRICA NUCLEAR LTDA,Goiás ANÁPOLIS,"Goiás ANÁPOLIS

Nome da empresa: ELETRICA NUCLEAR LTDA

Telefone:  62 3387-3300 / 62 99221-7707

E-mail: eletricanuclear@hotmail.com

End: Av Pedro Ludovico n1871 Bairro Vila São Joaquim CEP: 75145275",NORMAL,,"Av Pedro Ludovico n1871 Bairro Vila São Joaquim CEP: 75145275, Anápolis/GO",,75145275,,"[""62 3387-3300"",""62 99221-7707""]","[""eletricanuclear@hotmail.com""]",[],"[""75145275""]","[""Av Pedro Ludovico n1871 Bairro Vila São Joaquim CEP: 75145275, Anápolis/GO""]",-16.3281,-48.953,,,municipality,Anápolis/GO,True
153,5201108,Anápolis,ANAPOLIS,GO,Nome da empresa: E P DA SILVA MANUTENCOES (AP MANUTENÇÃO),Goiás ANÁPOLIS,"Goiás ANÁPOLIS

Nome da empresa: E P DA SILVA MANUTENCOES (AP MANUTENÇÃO)

CNPJ: 18.623.873/0001-16

Telefone: 62 3313-8881 (Whatsapp) ANA CAROLINA / 62 99972-5145

E-mail: apmanutencao.tec@gmail.com

AV. ISIDORA SABINO RODRIGUES, S/N - QD 2 LT 14 – PQ DAS PRIMAVERAS

CEP: 75.134-710",NORMAL,,"AV. ISIDORA SABINO RODRIGUES, S/N - QD 2 LT 14 – PQ DAS PRIMAVERAS, Anápolis/GO",,75.134-710,,"[""62 3313-8881"",""62 99972-5145""]","[""apmanutencao.tec@gmail.com""]","[""18.623.873/0001-16""]","[""75.134-710""]","[""AV. ISIDORA SABINO RODRIGUES, S/N - QD 2 LT 14 – PQ DAS PRIMAVERAS, Anápolis/GO""]",-16.3281,-48.953,,,municipality,Anápolis/GO,True
154,5201108,Anápolis,ANAPOLIS,GO,ADG PRESTAÇÃO DE SERVIÇOS,"| Goiás – Anápolis |
| --- |","| Goiás – Anápolis |
| --- |

ADG PRESTAÇÃO DE SERVIÇOS

(62) 994466458

Guilherme Guimarães Pedrosa

Rua 5 qd H lote 13 A Galpão 1",NORMAL,,"Rua 5 qd H lote 13 A Galpão 1, Anápolis/GO",,,,"[""(62) 994466458""]",[],[],[],"[""Rua 5 qd H lote 13 A Galpão 1, Anápolis/GO""]",-16.3281,-48.953,,,municipality,Anápolis/GO,True
155,5201405,Aparecida de Goiânia,APARECIDA DE GOIANIA,GO,HIDEAL PECAS COM. E ASSISTENCIA TECNICA LTDA ME,GOIÁS APARECIDA DE GOIANIA,"GOIÁS APARECIDA DE GOIANIA

HIDEAL PECAS COM. E ASSISTENCIA TECNICA LTDA ME

CNPJ: 05.594.683/0001-76

hidealpecas@hotmail.com

62 3280-2384 HIANDER

Av São Paulo, S/N - QD 06 LT 05 - Vila Brasília

CEP: 74905-770 Aparecida de Goiânia – GO",NORMAL,,"Av São Paulo, S/N - QD 06 LT 05 - Vila Brasília, Aparecida de Goiânia/GO",,74905-770,,"[""62 3280-2384""]","[""hidealpecas@hotmail.com""]","[""05.594.683/0001-76""]","[""74905-770""]","[""Av São Paulo, S/N - QD 06 LT 05 - Vila Brasília, Aparecida de Goiânia/GO""]",-16.8198,-49.2469,,,municipality,Aparecida de Goiânia/GO,True
156,5201405,Aparecida de Goiânia,APARECIDA DE GOIANIA,GO,THIAGO NOGUEIRA LOURENCO LTDA – TELE REDES SERVIÇOS,GOIÁS APARECIDA DE GOIANIA,"GOIÁS APARECIDA DE GOIANIA

THIAGO NOGUEIRA LOURENCO LTDA – TELE REDES SERVIÇOS

CNPJ: 25.159.804/0001-69

teleredesservicos.go@hotmail.com

62 98455-2571 / 99373-1220 THIAGO

RUA DA LIBERDADE, S/N QD 189 LT 08 – JD BURITI

CEP: 74943-420 APARECIDA DE GOIANIA – GO",NORMAL,,"RUA DA LIBERDADE, S/N QD 189 LT 08 – JD BURITI, Aparecida de Goiânia/GO",,74943-420,,"[""62 98455-2571"",""99373-1220""]","[""teleredesservicos.go@hotmail.com""]","[""25.159.804/0001-69""]","[""74943-420""]","[""RUA DA LIBERDADE, S/N QD 189 LT 08 – JD BURITI, Aparecida de Goiânia/GO""]",-16.8198,-49.2469,,,municipality,Aparecida de Goiânia/GO,True
157,5208707,Goiânia,GOIANIA,GO,55.179.730 DANIEL SOUZA LOBO,Goiás GOIÂNIA,"Goiás GOIÂNIA

55.179.730 DANIEL SOUZA LOBO

CNPJ: 55.179.730/0001-93

62 99125-8950 DANIEL

62 99900-0036 EVANILDE

danielsouzalobo2014@gmail.com

AV. MARIA BALBINA SILVA, 230 QD 132 LT 09 – JD BALNEARIO MEIA PONTE

CEP: 74.590-400 GOIANIA - GO",NORMAL,,"AV. MARIA BALBINA SILVA, 230 QD 132 LT 09 – JD BALNEARIO MEIA PONTE, Goiânia/GO",,74.590-400,,"[""62 99125-8950"",""62 99900-0036""]","[""danielsouzalobo2014@gmail.com""]","[""55.179.730/0001-93""]","[""74.590-400""]","[""AV. MARIA BALBINA SILVA, 230 QD 132 LT 09 – JD BALNEARIO MEIA PONTE, Goiânia/GO""]",-16.6864,-49.2643,,,municipality,Goiânia/GO,True
158,5208707,Goiânia,GOIANIA,GO,Nome da empresa: ASSISTIMAQUINAS ASS.COM.EQUIP.,Goiás GOIÂNIA,"Goiás GOIÂNIA

Nome da empresa: ASSISTIMAQUINAS ASS.COM.EQUIP.

CNPJ: 01.744.631/0001-88

Telefone:  62 32330817 / 62 32939728

E-mail: assistmaquinas2011@hotmail.com

End: Av Perimetral 609 Setor Centro Oeste

62-3293-9728",NORMAL,,"Av Perimetral 609 Setor Centro Oeste, Goiânia/GO",,,,"[""62 32330817"",""62 32939728"",""62-3293-9728""]","[""assistmaquinas2011@hotmail.com""]","[""01.744.631/0001-88""]",[],"[""Av Perimetral 609 Setor Centro Oeste, Goiânia/GO""]",-16.6864,-49.2643,,,municipality,Goiânia/GO,True
159,5208707,Goiânia,GOIANIA,GO,PEROLA MULTI SERVICE LTDA ME,Goiás GOIÂNIA,"Goiás GOIÂNIA

PEROLA MULTI SERVICE LTDA ME

CNPJ: 13.362.300/0001-62

perolamultiservice@yahoo.com.br

62 3224-0351 LEILA

Av. Paranaíba, 484 - Quadra 102, Lote 13 - Setor Central",NORMAL,,"Av. Paranaíba, 484 - Quadra 102, Lote 13 - Setor Central, Goiânia/GO",,,,"[""62 3224-0351""]","[""perolamultiservice@yahoo.com.br""]","[""13.362.300/0001-62""]",[],"[""Av. Paranaíba, 484 - Quadra 102, Lote 13 - Setor Central, Goiânia/GO""]",-16.6864,-49.2643,,,municipality,Goiânia/GO,True
160,5208707,Goiânia,GOIANIA,GO,Nome da empresa: CENTRAL PEÇAS E SERVIÇOS LTDA,Goiás GOIÂNIA,"Goiás GOIÂNIA

Nome da empresa: CENTRAL PEÇAS E SERVIÇOS LTDA

Telefone:  62 32332137 / 62 984252203

E-mail: centralpecaseserviços@hotmail.com

End: Rua 231 n59 Setor Coimbra

R R MIGUEL - ELETRODOMESTICOS – ME (REFRITEC)

RUA S 1, 913 - SETOR BELA VISTA

rrmiguel37@hotmail.com

62 3255-5541",NORMAL,,"Rua 231 n59 Setor Coimbra, Goiânia/GO",,,,"[""62 32332137"",""62 984252203"",""62 3255-5541""]","[""centralpecaseserviços@hotmail.com"",""rrmiguel37@hotmail.com""]",[],[],"[""Rua 231 n59 Setor Coimbra, Goiânia/GO"",""RUA S 1, 913 - SETOR BELA VISTA, Goiânia/GO""]",-16.6864,-49.2643,,,municipality,Goiânia/GO,True
161,5208707,Goiânia,GOIANIA,GO,BRUNO HENRIQUE FERREIRA SANTOS – CENTER MÁQUINAS,Goiás GOIÂNIA,"Goiás GOIÂNIA

BRUNO HENRIQUE FERREIRA SANTOS – CENTER MÁQUINAS

CNPJ: 24.679.062/0001-30

bhenrique932@@gmail.com

62 98514-3191 BRUNO

AV. INDEPENDENCIA, 1127 – QD 921 LT 10 – SETOR LESTE VILA NOVA

CEP: 74645-010 GOIANIA – GO",NORMAL,,"AV. INDEPENDENCIA, 1127 – QD 921 LT 10 – SETOR LESTE VILA NOVA, Goiânia/GO",,74645-010,,"[""62 98514-3191""]",[],"[""24.679.062/0001-30""]","[""74645-010""]","[""AV. INDEPENDENCIA, 1127 – QD 921 LT 10 – SETOR LESTE VILA NOVA, Goiânia/GO""]",-16.6864,-49.2643,,,municipality,Goiânia/GO,True
162,5105259,Lucas do Rio Verde,LUCAS DO RIO VERDE,MT,MANUTEC ELETROTECNICA LTDA,MATO GROSSO LUCAS DO RIO VERDE,"MATO GROSSO LUCAS DO RIO VERDE

MANUTEC ELETROTECNICA LTDA

CNPJ: 42.505.815/0001-72

contato@manuteceletrotecnica.com.br

65 99961-9688 LINO

RUA CELESTINO LORENZI, 385 S – SETOR 42 QD 47 LT 18 – JAIME SEITI FUJI

CEP: 78464-351",NORMAL,,"RUA CELESTINO LORENZI, 385 S – SETOR 42 QD 47 LT 18 – JAIME SEITI FUJI, Lucas do Rio Verde/MT",,78464-351,,"[""65 99961-9688""]","[""contato@manuteceletrotecnica.com.br""]","[""42.505.815/0001-72""]","[""78464-351""]","[""RUA CELESTINO LORENZI, 385 S – SETOR 42 QD 47 LT 18 – JAIME SEITI FUJI, Lucas do Rio Verde/MT""]",-13.0588,-55.9042,,,municipality,Lucas do Rio Verde/MT,True
163,5106257,Nova Xavantina,NOVA XAVANTINA,MT,F J ALVES MOTORES E MAQUINAS ELETRICA LTDA – ELETRO JUNIOR,MATO GROSSO NOVA XAVANTINA,"MATO GROSSO NOVA XAVANTINA

F J ALVES MOTORES E MAQUINAS ELETRICA LTDA – ELETRO JUNIOR

CNPJ: 37.029.918/0001-73

fabiomarques_nx@hotmail.com

66 99918-4068 FABIO

AV MINISTRO JOAO ALBERTO, 1161 – JD ALVORADA

CEP: 78690-000 NOVA XAVANTINA – MT",NORMAL,,"AV MINISTRO JOAO ALBERTO, 1161 – JD ALVORADA, Nova Xavantina/MT",,78690-000,,"[""66 99918-4068""]","[""fabiomarques_nx@hotmail.com""]","[""37.029.918/0001-73""]","[""78690-000""]","[""AV MINISTRO JOAO ALBERTO, 1161 – JD ALVORADA, Nova Xavantina/MT""]",-14.6771,-52.3502,,,municipality,Nova Xavantina/MT,True
164,5108105,Tesouro,TESOURO,MT,50.648.684 PAULO ANDRE GUIMARAES DE MORAIS,Mato Grosso TESOURO,"Mato Grosso TESOURO

50.648.684 PAULO ANDRE GUIMARAES DE MORAIS

CNPJ: 50.648.684/0001-00

pauloandreguimaraesdemoraes@gmail.com

66 99653-5605 PAULO

RUA MELCHIEDES FERREIRA LIMA, SN – COHAB DIAMANTE AZUL

CEP: 78775-000 TESOURO - MT",NORMAL,,"RUA MELCHIEDES FERREIRA LIMA, SN – COHAB DIAMANTE AZUL, Tesouro/MT",,78775-000,,"[""66 99653-5605""]","[""pauloandreguimaraesdemoraes@gmail.com""]","[""50.648.684/0001-00""]","[""78775-000""]","[""RUA MELCHIEDES FERREIRA LIMA, SN – COHAB DIAMANTE AZUL, Tesouro/MT""]",-16.0809,-53.559,,,municipality,Tesouro/MT,True
165,5107925,Sorriso,SORRISO,MT,ROSIANE DE LIMA SILVA - MS MANUTENCAO,Mato Grosso SORRISO,"Mato Grosso SORRISO

ROSIANE DE LIMA SILVA - MS MANUTENCAO

CNPJ: 24.410.468/0001-12

msmanutencoes18@gmail.com

66 99648-3982 JAQUELINE

AV. PORTO ALEGRE, 1580 – SALA 01 – MORADA DO SOL

CEP: 78894-036 SORRISO – MT",NORMAL,,"AV. PORTO ALEGRE, 1580 – SALA 01 – MORADA DO SOL, Sorriso/MT",,78894-036,,"[""66 99648-3982""]","[""msmanutencoes18@gmail.com""]","[""24.410.468/0001-12""]","[""78894-036""]","[""AV. PORTO ALEGRE, 1580 – SALA 01 – MORADA DO SOL, Sorriso/MT""]",-12.5425,-55.7211,,,municipality,Sorriso/MT,True
166,5106307,Paranatinga,PARANATINGA,MT,ELETROPAR PARANATINGA LTDA – ELETRO PAR,Mato Grosso PARANATINGA,"Mato Grosso PARANATINGA

ELETROPAR PARANATINGA LTDA – ELETRO PAR

CNPJ: 06.941.038/0001-45

66 99979-3766 GILMAR

AVENIDA 15 DE NOVEMBRO, 801 – VISTA ALEGRE

CEP: 78870-000 PARANATINGA - MT",NORMAL,,"AVENIDA 15 DE NOVEMBRO, 801 – VISTA ALEGRE, Paranatinga/MT",,78870-000,,"[""66 99979-3766""]",[],"[""06.941.038/0001-45""]","[""78870-000""]","[""AVENIDA 15 DE NOVEMBRO, 801 – VISTA ALEGRE, Paranatinga/MT""]",-14.4265,-54.0524,,,municipality,Paranatinga/MT,True
167,5107909,Sinop,SINOP,MT,Nome da empresa: RAITER COMERCIO DE EQUIPAMENTOS DE REFRIGERAÇÃO LTDA( RAITER E CIA),Mato Grosso SINOP,"Mato Grosso SINOP

Nome da empresa: RAITER COMERCIO DE EQUIPAMENTOS DE REFRIGERAÇÃO LTDA( RAITER E CIA)
CNPJ: 00.183.640/0001-84

Telefone:  66 3531-2182 / 66 999334066 FERNANDO RAITER

E-mail: fraitersn@gmail.com

End: RUA DAS ARUERAS 480",NORMAL,,"RUA DAS ARUERAS 480, Sinop/MT",,,,"[""66 3531-2182"",""66 999334066""]","[""fraitersn@gmail.com""]","[""00.183.640/0001-84""]",[],"[""RUA DAS ARUERAS 480, Sinop/MT""]",-11.8604,-55.5091,,,municipality,Sinop/MT,True
168,5107909,Sinop,SINOP,MT,LUCAS AUROS KIPERT (APOLLAR MÁQUINAS),Mato Grosso SINOP,"Mato Grosso SINOP

LUCAS AUROS KIPERT (APOLLAR MÁQUINAS)

CNPJ: 30.379.270/0001-16

INSC. ESTADUAL: 13.722.095-2

66 98411 0239

END: AV DAS PALMEIRAS 2334 - JARDIM IMPERIAL

CEP: 78555-020",NORMAL,,"AV DAS PALMEIRAS 2334 - JARDIM IMPERIAL, Sinop/MT",,78555-020,,"[""66 98411 0239""]",[],"[""30.379.270/0001-16""]","[""78555-020""]","[""AV DAS PALMEIRAS 2334 - JARDIM IMPERIAL, Sinop/MT""]",-11.8604,-55.5091,,,municipality,Sinop/MT,True
169,5107958,Tangará da Serra,TANGARA DA SERRA,MT,Nome da empresa: ELETRO GATTI LTDA,Mato Grosso TANGARÁ DA SERRA,"Mato Grosso TANGARÁ DA SERRA

Nome da empresa: ELETRO GATTI LTDA

Telefone:  65 33261133 / 65 999179923

E-mail: COMPRAS@ELETROGATTI.COM.BR

FINANCERIO@ELETROGATTI.COM.BR

End: Rua olivio de lima N1110 W CEP: 78302012",NORMAL,,"Rua olivio de lima N1110 W CEP: 78302012, Tangará da Serra/MT",,78302012,,"[""65 33261133"",""65 999179923""]","[""COMPRAS@ELETROGATTI.COM.BR"",""FINANCERIO@ELETROGATTI.COM.BR""]",[],"[""78302012""]","[""Rua olivio de lima N1110 W CEP: 78302012, Tangará da Serra/MT""]",-14.6229,-57.4933,,,municipality,Tangará da Serra/MT,True
170,5101803,Barra do Garças,BARRA DO GARCAS,MT,Nome da empresa: ALDORANDO JOSE DE LIMA (J L ELETROTECNICA),Mato Grosso BARRA DO GARÇAS,"Mato Grosso BARRA DO GARÇAS

Nome da empresa: ALDORANDO JOSE DE LIMA (J L ELETROTECNICA)

Telefone:   66 34014235 / 66 992324929 / 66 984016980

E-mail: jleletrotecnica@hotmail.com

End: Rua Goiás 477 centro",NORMAL,,"Rua Goiás 477 centro, Barra do Garças/MT",,,,"[""66 34014235"",""66 992324929"",""66 984016980""]","[""jleletrotecnica@hotmail.com""]",[],[],"[""Rua Goiás 477 centro, Barra do Garças/MT""]",-15.8804,-52.264,,,municipality,Barra do Garças/MT,True
171,5006309,Paranaíba,PARANAIBA,MS,60.407.404 NILSON HAUK DA SILVA,MATO GROSSO DO SUL PARANAIBA,"MATO GROSSO DO SUL PARANAIBA

60.407.404 NILSON HAUK DA SILVA

CNPJ: 60.407.404/0001-26

nilsonhauk@hotmail.com

67 98116-7220 NILSON

AV. MAJOR FRANCISCO FAUSTINO DIAS, 705 – JD. AMERICA

CEP: 79500-000 PARANAÍBA – MS",NORMAL,,"AV. MAJOR FRANCISCO FAUSTINO DIAS, 705 – JD. AMERICA, Paranaíba/MS",,79500-000,,"[""67 98116-7220""]","[""nilsonhauk@hotmail.com""]","[""60.407.404/0001-26""]","[""79500-000""]","[""AV. MAJOR FRANCISCO FAUSTINO DIAS, 705 – JD. AMERICA, Paranaíba/MS""]",-19.6746,-51.1909,,,municipality,Paranaíba/MS,True
172,5000203,Água Clara,AGUA CLARA,MS,27.617.168 GILSON ALVES RIBEIRO,MATO GROSSO DO SUL AGUA CLARA,"MATO GROSSO DO SUL AGUA CLARA

27.617.168 GILSON ALVES RIBEIRO

CNPJ: 27.617.168/0001-05

gilsonribeiro97374@gmail.com

67 9952-1162 GILSON

RUA MARIA DA CONCEIÇÃO PEREIRA, 112 – SÃO JUDAS TADEU

CEP: 79680-000 AGUA CLARA – MS",NORMAL,,"RUA MARIA DA CONCEIÇÃO PEREIRA, 112 – SÃO JUDAS TADEU, Água Clara/MS",,79680-000,,"[""67 9952-1162""]","[""gilsonribeiro97374@gmail.com""]","[""27.617.168/0001-05""]","[""79680-000""]","[""RUA MARIA DA CONCEIÇÃO PEREIRA, 112 – SÃO JUDAS TADEU, Água Clara/MS""]",-20.4452,-52.879,,,municipality,Água Clara/MS,True
173,5002951,Chapadão do Sul,CHAPADAO DO SUL,MS,LUCIVALDO PESCAROLLI RAMIRO LTDA,MATO GROSSO DO SUL CHAPADÃO DO SUL,"MATO GROSSO DO SUL CHAPADÃO DO SUL

LUCIVALDO PESCAROLLI RAMIRO LTDA

CNPJ: 23.843.374/0001-74

lucivaldopescarolli@hotmail.com

67 9803-6316 LUCIVALDO

AVENIDA 6, 1249 – CENTRO

CEP: 79560-000 CHAPADAO DO SUL – MS",NORMAL,,"AVENIDA 6, 1249 – CENTRO, Chapadão do Sul/MS",,79560-000,,"[""67 9803-6316""]","[""lucivaldopescarolli@hotmail.com""]","[""23.843.374/0001-74""]","[""79560-000""]","[""AVENIDA 6, 1249 – CENTRO, Chapadão do Sul/MS""]",-18.788,-52.6263,,,municipality,Chapadão do Sul/MS,True
174,5006606,Ponta Porã,PONTA PORA,MS,MARIA EVA DE SOUZA ROSA – TRIPOTEC,MATO GROSSO DO SUL PONTA PORÃ,"MATO GROSSO DO SUL PONTA PORÃ

MARIA EVA DE SOUZA ROSA – TRIPOTEC

CNPJ: 56.034.377/0001-16

tripotec@outlook.com

44 99116-6198 MARCIO

AVENIDA MARECHAL FLORIANO, 462 – CENTRO

CEP: 79904-722 PONTA PORA - MS",NORMAL,,"AVENIDA MARECHAL FLORIANO, 462 – CENTRO, Ponta Porã/MS",,79904-722,,"[""44 99116-6198""]","[""tripotec@outlook.com""]","[""56.034.377/0001-16""]","[""79904-722""]","[""AVENIDA MARECHAL FLORIANO, 462 – CENTRO, Ponta Porã/MS""]",-22.5296,-55.7203,,,municipality,Ponta Porã/MS,True
175,5008305,Três Lagoas,TRES LAGOAS,MS,JOSE ROBERTO DE QUEIROZ FELIX – ELETROJUPIA,MATO GROSSO DO SUL TRES LAGOAS,"MATO GROSSO DO SUL TRES LAGOAS

JOSE ROBERTO DE QUEIROZ FELIX – ELETROJUPIA

CNPJ: 19.196.006/0001-04

eletrotec@hotmail.com

67 99264-3006 ROBERTO

RUA JOAO CARRATO, 1060 – CENTRO

CEP: 79601-010 TRÊS LAGOAS – MS",NORMAL,,"RUA JOAO CARRATO, 1060 – CENTRO, Três Lagoas/MS",,79601-010,,"[""67 99264-3006""]","[""eletrotec@hotmail.com""]","[""19.196.006/0001-04""]","[""79601-010""]","[""RUA JOAO CARRATO, 1060 – CENTRO, Três Lagoas/MS""]",-20.7849,-51.7007,,,municipality,Três Lagoas/MS,True
176,5006200,Nova Andradina,NOVA ANDRADINA,MS,TALITA FABIANA VANDERLEY – N.A. REFRIGERAÇÃO,MATO GROSSO DO SUL NOVA ANDRADINA,"MATO GROSSO DO SUL NOVA ANDRADINA

TALITA FABIANA VANDERLEY – N.A. REFRIGERAÇÃO

CNPJ: 36.210.601/0001-76

talitavanderley@hotmail.com

67 99960-3513

67 98102-2734 / 99953-9105 PAULO HENRIQUE

AVENIDA IVINHEMA, 302 – IRMAN RIBEIRO

CEP: 79750-000 NOVA ANDRADINA – MS",NORMAL,,"AVENIDA IVINHEMA, 302 – IRMAN RIBEIRO, Nova Andradina/MS",,79750-000,,"[""67 99960-3513"",""67 98102-2734"",""99953-9105""]","[""talitavanderley@hotmail.com""]","[""36.210.601/0001-76""]","[""79750-000""]","[""AVENIDA IVINHEMA, 302 – IRMAN RIBEIRO, Nova Andradina/MS""]",-22.238,-53.3437,,,municipality,Nova Andradina/MS,True
177,5004700,Ivinhema,IVINHEMA,MS,27.659.310 LUIZ ANDRE DE SOUZA NETO,MATO GROSSO DO SUL IVINHEMA – NÃO ATENDEU CLIENTE NEM DEU RETORNO QUANDO MANDAMOS MSG,"MATO GROSSO DO SUL IVINHEMA – NÃO ATENDEU CLIENTE NEM DEU RETORNO QUANDO MANDAMOS MSG

27.659.310 LUIZ ANDRE DE SOUZA NETO

CNPJ: 27.659.310/0001-79

luiz_andre97@outlook.com

67 99805-5886 LUIZ ANDRE

RUA SEBASTIAO VAZ DE MELLO, 570 – GUIRAY

CEP: 79740-000 IVINHEMA – MS",NAO_INDICAR,NAO ATENDEU CLIENTE,"RUA SEBASTIAO VAZ DE MELLO, 570 – GUIRAY, Ivinhema/MS",,79740-000,,"[""67 99805-5886""]","[""luiz_andre97@outlook.com""]","[""27.659.310/0001-79""]","[""79740-000""]","[""RUA SEBASTIAO VAZ DE MELLO, 570 – GUIRAY, Ivinhema/MS""]",-22.3046,-53.8184,,,municipality,Ivinhema/MS,True
178,5007935,Sonora,SONORA,MS,41.782.042 JULIANE CRISTHINA WATHIER – MANUEL’S SERVIÇOS,MATO GROSSO DO SUL SONORA,"MATO GROSSO DO SUL SONORA

41.782.042 JULIANE CRISTHINA WATHIER – MANUEL’S SERVIÇOS

CNPJ: 41.782.042/0001-09

sandromanoelmecanico@hotmail.com

67 99831-0060 SANDRO

AV. EDSON AP. FERNANDES DE CAMPO, 641 CENTRO

CEP: 79415-00 SONORA – MS",NORMAL,,"AV. EDSON AP. FERNANDES DE CAMPO, 641 CENTRO, Sonora/MS",,,,"[""67 99831-0060""]","[""sandromanoelmecanico@hotmail.com""]","[""41.782.042/0001-09""]",[],"[""AV. EDSON AP. FERNANDES DE CAMPO, 641 CENTRO, Sonora/MS""]",-17.5698,-54.7551,,,municipality,Sonora/MS,True
179,5001003,Aparecida do Taboado,APARECIDA DO TABOADO,MS,GT ELETROMOTORES E AUTOMAÇÃO LTDA,Mato Grosso do Sul APARECIDA DO TABOADO – MS,"Mato Grosso do Sul APARECIDA DO TABOADO – MS

GT ELETROMOTORES E AUTOMAÇÃO LTDA

CNPJ: 35.828.090/0001-98

gteletromotoreseautomacao@gmail.com

67 98180-1571 ADILSON

RUA CONGONHAS, 485 – JARDIM FELIX",NORMAL,,"RUA CONGONHAS, 485 – JARDIM FELIX, Aparecida do Taboado/MS",,,,"[""67 98180-1571""]","[""gteletromotoreseautomacao@gmail.com""]","[""35.828.090/0001-98""]",[],"[""RUA CONGONHAS, 485 – JARDIM FELIX, Aparecida do Taboado/MS""]",-20.0873,-51.0961,,,municipality,Aparecida do Taboado/MS,True
180,5003702,Dourados,DOURADOS,MS,IMPERIO MS EQUIPAMENTOS LTDA (VAI ATENDER SOMENTE AS GARANTIAS DE SUAS VENDAS),Mato Grosso do Sul DOURADOS,"Mato Grosso do Sul DOURADOS

IMPERIO MS EQUIPAMENTOS LTDA (VAI ATENDER SOMENTE AS GARANTIAS DE SUAS VENDAS)

CNPJ: 26.033.123/0001-12

imperiomsequipamentos@gmail.com

67 3428-0314 MARIA FERNANDA

RUA HAYEL BOM FAKER, 460 – JD RASSLEM

CEP:79813-240 DOURADOS - MS",NORMAL,,"RUA HAYEL BOM FAKER, 460 – JD RASSLEM, Dourados/MS",,79813-240,,"[""67 3428-0314""]","[""imperiomsequipamentos@gmail.com""]","[""26.033.123/0001-12""]","[""79813-240""]","[""RUA HAYEL BOM FAKER, 460 – JD RASSLEM, Dourados/MS""]",-22.2231,-54.812,,,municipality,Dourados/MS,True
181,5003702,Dourados,DOURADOS,MS,ITALIVIO AZAMBUJA VEDOVATO 36569968149 – AFV SOLUÇÕES EM EQUIPAMENTOS,Mato Grosso do Sul DOURADOS,"Mato Grosso do Sul DOURADOS

ITALIVIO AZAMBUJA VEDOVATO 36569968149 – AFV SOLUÇÕES EM EQUIPAMENTOS

CNPJ: 26.956.406/0001-36

italivioazambuja@hotmail.com

67 99901-0405 ITALIVIO

RUA ONEFRE PEREIRA DE MATOS, 1143 – CENTRO

CEP: 79802-010 DOURADOS - MS",NORMAL,,"RUA ONEFRE PEREIRA DE MATOS, 1143 – CENTRO, Dourados/MS",,79802-010,,"[""67 99901-0405""]","[""italivioazambuja@hotmail.com""]","[""26.956.406/0001-36""]","[""79802-010""]","[""RUA ONEFRE PEREIRA DE MATOS, 1143 – CENTRO, Dourados/MS""]",-22.2231,-54.812,,,municipality,Dourados/MS,True
182,5003702,Dourados,DOURADOS,MS,Nome da empresa: MTX MANUTENCAO INDUSTRIAL LTDA,Mato Grosso do Sul DOURADOS,"Mato Grosso do Sul DOURADOS

Nome da empresa: MTX MANUTENCAO INDUSTRIAL LTDA

CNPJ: 22.700.954/0001-40

Telefone:  67 3038-7080 / 67 999986626 MAYLON

E-mail: financeiro@metalmaxindustrial.com.br

End:  Rua Hayel Bon Faker, 695 - Jardim Água Boa n 695 CEP: 79812110",NORMAL,,"Rua Hayel Bon Faker, 695 - Jardim Água Boa n 695 CEP: 79812110, Dourados/MS",,79812110,,"[""67 3038-7080"",""67 999986626""]","[""financeiro@metalmaxindustrial.com.br""]","[""22.700.954/0001-40""]","[""79812110""]","[""Rua Hayel Bon Faker, 695 - Jardim Água Boa n 695 CEP: 79812110, Dourados/MS""]",-22.2231,-54.812,,,municipality,Dourados/MS,True
183,5003702,Dourados,DOURADOS,MS,Nome da empresa: FLAVIANO ARANDA ALEM ORTEGA - ME,Mato Grosso do Sul DOURADOS,"Mato Grosso do Sul DOURADOS

Nome da empresa: FLAVIANO ARANDA ALEM ORTEGA - ME

Telefone:  67 34263511

E-mail: flavianoaranda@gmail.com

End: Rua Tacaumassado Jardim Novo Horizonte",NORMAL,,"Rua Tacaumassado Jardim Novo Horizonte, Dourados/MS",,,,"[""67 34263511""]","[""flavianoaranda@gmail.com""]",[],[],"[""Rua Tacaumassado Jardim Novo Horizonte, Dourados/MS""]",-22.2231,-54.812,,,municipality,Dourados/MS,True
184,5003702,Dourados,DOURADOS,MS,CAVENAGHI COMERCIO DE EMBALAGENS E CONDI,Mato Grosso do Sul DOURADOS,"Mato Grosso do Sul DOURADOS

**CAVENAGHI COMERCIO DE EMBALAGENS E CONDI**

**CNPJ: 08.004.023/0001-86**

(67)4042 -2457

claudioaltemio@hotmail.com

** ENDEREÇO: **RUA PROJETADA 3, nº 1249

Bairro: ALTOS DA LAGOA",NORMAL,,"**RUA PROJETADA 3, nº 1249, Dourados/MS",,,,"[""(67)4042 -2457""]","[""claudioaltemio@hotmail.com""]","[""08.004.023/0001-86""]",[],"[""**RUA PROJETADA 3, nº 1249, Dourados/MS""]",-22.2231,-54.812,,,municipality,Dourados/MS,True
185,5005681,Mundo Novo,MUNDO NOVO,MS,ANTONIO CORREA 04783317895 – JACARE MAQ,Mato Grosso do Sul MUNDO NOVO,"Mato Grosso do Sul MUNDO NOVO

ANTONIO CORREA 04783317895 – JACARE MAQ

CNPJ: 01.938.372/0001-26

jacaremaq@hotmail.com

67 98444-0316 ALQUINDER

AV ADJALMO SALDANHA, 1350 – CENTRO

CEP: 79980-000 MUNDO NOVO – MS",NORMAL,,"AV ADJALMO SALDANHA, 1350 – CENTRO, Mundo Novo/MS",,79980-000,,"[""67 98444-0316""]","[""jacaremaq@hotmail.com""]","[""01.938.372/0001-26""]","[""79980-000""]","[""AV ADJALMO SALDANHA, 1350 – CENTRO, Mundo Novo/MS""]",-23.9355,-54.281,,,municipality,Mundo Novo/MS,True
186,5005681,Mundo Novo,MUNDO NOVO,MS,Nome da empresa: RENATO DAHMER R,Mato Grosso do Sul MUNDO NOVO,"Mato Grosso do Sul MUNDO NOVO

Nome da empresa: RENATO DAHMER R

ELETRO TECNICA R D REFRIGERAÇÃO

Telefone:  67 3474-2161 / 67 98474-3775

E-mail: refrigeracaord_mn@hotmail.com

End:

Nome da empresa: AME AMAMBAI MAQUINAS DE ESCRITORIO

Telefone:  67 34811263 / 67 996242236

E-mail: wcharnoski@hotmail.com

End: Av Pedro Manguari n 3699 Centro",NORMAL,,"Av Pedro Manguari n 3699 Centro, Mundo Novo/MS",,,,"[""67 3474-2161"",""67 98474-3775"",""67 34811263"",""67 996242236""]","[""refrigeracaord_mn@hotmail.com"",""wcharnoski@hotmail.com""]",[],[],"[""Av Pedro Manguari n 3699 Centro, Mundo Novo/MS""]",-23.9355,-54.281,,,municipality,Mundo Novo/MS,True
187,5005707,Naviraí,NAVIRAI,MS,ROSIMEIRE ALEGRE DA SILVA 02019831171 – MAQFORNO,Mato Grosso do Sul NAVIRAÍ,"Mato Grosso do Sul NAVIRAÍ

ROSIMEIRE ALEGRE DA SILVA 02019831171 – MAQFORNO

CNPJ: 40.833.384/0001-48

rosimeirealegre@gmail.com

67 98116-1312 ANDRE

RUA TARUMA, 901 – BAIRRO TARUMA

CEP: 79950-000 NAVIRAI – MS",NORMAL,,"RUA TARUMA, 901 – BAIRRO TARUMA, Naviraí/MS",,79950-000,,"[""67 98116-1312""]","[""rosimeirealegre@gmail.com""]","[""40.833.384/0001-48""]","[""79950-000""]","[""RUA TARUMA, 901 – BAIRRO TARUMA, Naviraí/MS""]",-23.0618,-54.1995,,,municipality,Naviraí/MS,True
188,5005707,Naviraí,NAVIRAI,MS,ELETRO MOTOR LTDA,Mato Grosso do Sul NAVIRAÍ,"Mato Grosso do Sul NAVIRAÍ

ELETRO MOTOR LTDA

CNPJ: 53.813.894/0001-03

dayanecarlacandido@gmail.com

(67) 99977-0394 CLAUDINEI

AV. WEIMAR GONÇALVES TORRES, 2080 – CENTRO",NORMAL,,"AV. WEIMAR GONÇALVES TORRES, 2080 – CENTRO, Naviraí/MS",,,,"[""(67) 99977-0394""]","[""dayanecarlacandido@gmail.com""]","[""53.813.894/0001-03""]",[],"[""AV. WEIMAR GONÇALVES TORRES, 2080 – CENTRO, Naviraí/MS""]",-23.0618,-54.1995,,,municipality,Naviraí/MS,True
189,5002704,Campo Grande,CAMPO GRANDE,MS,INOVAR COM. E MANUT. DE EQUIP. ELETRONICOS LTDA – INOVAR BALANÇAS,Mato Grosso do Sul CAMPO GRANDE,"Mato Grosso do Sul CAMPO GRANDE

INOVAR COM. E MANUT. DE EQUIP. ELETRONICOS LTDA – INOVAR BALANÇAS

CNPJ: 20.290.397/0001-00

felipe.leonardo@inovarbalancas.com.br

67 9816-9393 ANTONIO MARCOS / 67 9833-5343 FELIPE

Rua Domingos Jorge Velho, 665 - Vila Vilas Boas

CEP: 79051-350 Campo Grande – MS",NORMAL,,"Rua Domingos Jorge Velho, 665 - Vila Vilas Boas, Campo Grande/MS",,79051-350,,"[""67 9816-9393"",""67 9833-5343""]","[""felipe.leonardo@inovarbalancas.com.br""]","[""20.290.397/0001-00""]","[""79051-350""]","[""Rua Domingos Jorge Velho, 665 - Vila Vilas Boas, Campo Grande/MS""]",-20.4486,-54.6295,,,municipality,Campo Grande/MS,True
190,5002704,Campo Grande,CAMPO GRANDE,MS,NAYARA RECH – PANATEC,Mato Grosso do Sul CAMPO GRANDE,"Mato Grosso do Sul CAMPO GRANDE

NAYARA RECH – PANATEC

CNPJ: 15.633.024/0001-55

assistencia@panatecms.com.br

67 3383-1111 / 67 9142-6403 Guilherme

RUA ANTONIO CARLOS MARTINS, 256 – VILA SOARES",NORMAL,,"RUA ANTONIO CARLOS MARTINS, 256 – VILA SOARES, Campo Grande/MS",,,,"[""67 3383-1111"",""67 9142-6403""]","[""assistencia@panatecms.com.br""]","[""15.633.024/0001-55""]",[],"[""RUA ANTONIO CARLOS MARTINS, 256 – VILA SOARES, Campo Grande/MS""]",-20.4486,-54.6295,,,municipality,Campo Grande/MS,True
191,5002704,Campo Grande,CAMPO GRANDE,MS,Nome da empresa: REFRIGEL ASSISTENCIA TECNICA LTDA,Mato Grosso do Sul CAMPO GRANDE,"Mato Grosso do Sul CAMPO GRANDE

Nome da empresa: REFRIGEL ASSISTENCIA TECNICA LTDA

CNPJ: 03.836.671/0001-85

Telefone: 67 33837774 FABIO

E-mail: assistencia@refrigelms.com.br autorizada.assistencia@refrigelms.com.br

End: Av Tamandaré n1478 Auto Sumaré",NORMAL,,"Av Tamandaré n1478 Auto Sumaré, Campo Grande/MS",,,,"[""67 33837774""]","[""assistencia@refrigelms.com.br"",""autorizada.assistencia@refrigelms.com.br""]","[""03.836.671/0001-85""]",[],"[""Av Tamandaré n1478 Auto Sumaré, Campo Grande/MS""]",-20.4486,-54.6295,,,municipality,Campo Grande/MS,True
192,5002704,Campo Grande,CAMPO GRANDE,MS,JOSE DA SILVA ALVES – JS SERVICE,Mato Grosso do Sul CAMPO GRANDE,"Mato Grosso do Sul CAMPO GRANDE

JOSE DA SILVA ALVES – JS SERVICE

CNPJ 21.628.891/0001-03

josedasilvaservice@gmail.com

Rua Tocantins, 497 Bairro: Guarani

CEP. 79.086-442 Campo Grande MS

CAJE MAQ. E PROD. PARA IND. DE PANIF., CONF. E FOOD SERV. EIRELI

CAJE EQUIPAMENTOS

11 2961-4006 RICARDO

admcaje@gmail.com

RUA SALVADOR GIANETTI, 192 - GUAIANASES",NORMAL,,"Rua Tocantins, 497 Bairro: Guarani, Campo Grande/MS",,79.086-442,,"[""11 2961-4006""]","[""josedasilvaservice@gmail.com"",""admcaje@gmail.com""]","[""21.628.891/0001-03""]","[""79.086-442""]","[""Rua Tocantins, 497 Bairro: Guarani, Campo Grande/MS"",""RUA SALVADOR GIANETTI, 192 - GUAIANASES, Campo Grande/MS""]",-20.4486,-54.6295,,,municipality,Campo Grande/MS,True
193,3146107,Ouro Preto,OURO PRETO,MG,46.579.866 ELIAS ROMUALDO – ALTA VOLTAGEM SERVIÇOS,MINAS GERAIS OURO PRETO,"MINAS GERAIS OURO PRETO

46.579.866 ELIAS ROMUALDO – ALTA VOLTAGEM SERVIÇOS

CNPJ: 46.579.866/0001-08

altavoltagemservicos7@gmail.com

31 99998-6213 ELIAS

RUA NSRA DE FATIMA, 20 – AMARANTINA

CEP: 35412-000 OURO PRETO – MG",NORMAL,,"RUA NSRA DE FATIMA, 20 – AMARANTINA, Ouro Preto/MG",,35412-000,,"[""31 99998-6213""]","[""altavoltagemservicos7@gmail.com""]","[""46.579.866/0001-08""]","[""35412-000""]","[""RUA NSRA DE FATIMA, 20 – AMARANTINA, Ouro Preto/MG""]",-20.3796,-43.512,,,municipality,Ouro Preto/MG,True
194,3136306,João Pinheiro,JOAO PINHEIRO,MG,JOSE EUSTAQUIO DA SILVA ARAUJO 48140775649 – TAKIM,MINAS GERAIS JOÃO PINHEIRO,"MINAS GERAIS JOÃO PINHEIRO

JOSE EUSTAQUIO DA SILVA ARAUJO 48140775649 – TAKIM

CNPJ: 11.951.752/0001-54

38 9951-6091 JOSE EUSTAQUIO",NORMAL,,,,,,"[""38 9951-6091""]",[],"[""11.951.752/0001-54""]",[],[],-17.7398,-46.1715,,,municipality,João Pinheiro/MG,True
195,3138807,Luz,LUZ,MG,27.505.657 EDICARLOS RIBEIRO FERREIRA DE FARIA,MINAS GERAIS LUZ,"MINAS GERAIS LUZ

27.505.657 EDICARLOS RIBEIRO FERREIRA DE FARIA

CNPJ: 27.505.657/0001-67

edi_carlos_86@hotmail.com

37 99103-5318 EDINHO

RUA IGUATAMA, 2 – MONSENHOR PARREIRAS

CEP: 35595-000 LUZ - MG",NORMAL,,"RUA IGUATAMA, 2 – MONSENHOR PARREIRAS, Luz/MG",,35595-000,,"[""37 99103-5318""]","[""edi_carlos_86@hotmail.com""]","[""27.505.657/0001-67""]","[""35595-000""]","[""RUA IGUATAMA, 2 – MONSENHOR PARREIRAS, Luz/MG""]",-19.7911,-45.6794,,,municipality,Luz/MG,True
196,3156908,Sacramento,SACRAMENTO,MG,KETLLEM JAMILA PIRES 10876233671,MINAS GERAIS SACRAMENTO,"MINAS GERAIS SACRAMENTO

KETLLEM JAMILA PIRES 10876233671

CNPJ: 37.620.922/0001-01

jeferson.contabil16@gmail.com

34 98700- 4727 ALTINO

RUA COMENDADOR MACHADO, 464 SL 1 – CENTRO

CEP: 38190-000 SACRAMENTO – MG

ENTREGA: RUA EURIPEDES BARSANULFO, 647 – CHAFARIZ",NORMAL,,"RUA COMENDADOR MACHADO, 464 SL 1 – CENTRO, Sacramento/MG",,38190-000,,"[""34 98700- 4727""]","[""jeferson.contabil16@gmail.com""]","[""37.620.922/0001-01""]","[""38190-000""]","[""RUA COMENDADOR MACHADO, 464 SL 1 – CENTRO, Sacramento/MG""]",-19.8622,-47.4508,,,municipality,Sacramento/MG,True
197,3138401,Leopoldina,LEOPOLDINA,MG,62.753.548 CARLOS RODRIGUES MONTEIRO,MINAS GERAIS LEOPOLDINA,"MINAS GERAIS LEOPOLDINA

62.753.548 CARLOS RODRIGUES MONTEIRO

CNPJ: 62.753.548/0001-60

carlosmonteiro960@gmail.com

32 99900-9819 CARLOS

RUA JOÃO VICENTE LOCHA, 45 – PEDRA PINGUDA

CEP: 36707-352 LEOPOLDINA – MG",NORMAL,,"RUA JOÃO VICENTE LOCHA, 45 – PEDRA PINGUDA, Leopoldina/MG",,36707-352,,"[""32 99900-9819""]","[""carlosmonteiro960@gmail.com""]","[""62.753.548/0001-60""]","[""36707-352""]","[""RUA JOÃO VICENTE LOCHA, 45 – PEDRA PINGUDA, Leopoldina/MG""]",-21.5296,-42.6421,,,municipality,Leopoldina/MG,True
198,3138401,Leopoldina,LEOPOLDINA,MG,MECANICA E AUTO PEÇAS APARECIDA LTDA – TORNEARIA WALTINHO,"MINAS GERAIS LEOPOLDINA (MÃO DE OBRA CARA, PRIMEIRO ATENDIMENTO SÓ ENTREGOU EQUIPAMENTO APÓS PAGAMENTO)","MINAS GERAIS LEOPOLDINA (MÃO DE OBRA CARA, PRIMEIRO ATENDIMENTO SÓ ENTREGOU EQUIPAMENTO APÓS PAGAMENTO)

MECANICA E AUTO PEÇAS APARECIDA LTDA – TORNEARIA WALTINHO

CNPJ: 25.685.009/0001-04

torneariawaltinho31@gmail.com

32 98805-8598 LEONARDO

ROD. BR-116 KM 773, SN – POPULAR

CEP: 36706-001 LEOPOLDINA – MG",CONSULTAR_ANTES,MAO DE OBRA (?:MUITO )?CARA,"ROD. BR-116 KM 773, SN – POPULAR, Leopoldina/MG",,36706-001,,"[""32 98805-8598""]","[""torneariawaltinho31@gmail.com""]","[""25.685.009/0001-04""]","[""36706-001""]","[""ROD. BR-116 KM 773, SN – POPULAR, Leopoldina/MG""]",-21.5296,-42.6421,,,municipality,Leopoldina/MG,True
199,3107000,Biquinhas,BIQUINHAS,MG,50.578.044 CARLOS HENRIQUE DA ROCHA,MINAS GERAIS BIQUINHAS,"MINAS GERAIS BIQUINHAS

50.578.044 CARLOS HENRIQUE DA ROCHA

CNPJ: 50.578.044/0001-71

1carloshenriquedarocha@gmail.com

37 99949-8775 CARLÃO

RUA GOIAS, 770 – CENTRO

CEP: 35621-000 BIQUINHAS – MG",NORMAL,,"RUA GOIAS, 770 – CENTRO, Biquinhas/MG",,35621-000,,"[""37 99949-8775""]","[""1carloshenriquedarocha@gmail.com""]","[""50.578.044/0001-71""]","[""35621-000""]","[""RUA GOIAS, 770 – CENTRO, Biquinhas/MG""]",-18.7754,-45.4974,,,municipality,Biquinhas/MG,True
200,3122355,Divisa Alegre,DIVISA ALEGRE,MG,59.616.283 ALEX FABIANO GONCALVES SILVA,MINAS GERAIS DIVISA ALEGRE,"MINAS GERAIS DIVISA ALEGRE

59.616.283 ALEX FABIANO GONCALVES SILVA

CNPJ: 59.616.283/0001-43

alexfabianocbl@hotmail.com

ramonps-@hotmail.com

33 98815-7894 RAMON

RUA RAUL JOSE DOS SANTOS, 57 – CENTRO

CEP: 39995-000 DIVISA ALEGRE – MG",NORMAL,,"RUA RAUL JOSE DOS SANTOS, 57 – CENTRO, Divisa Alegre/MG",,39995-000,,"[""33 98815-7894""]","[""alexfabianocbl@hotmail.com"",""ramonps-@hotmail.com""]","[""59.616.283/0001-43""]","[""39995-000""]","[""RUA RAUL JOSE DOS SANTOS, 57 – CENTRO, Divisa Alegre/MG""]",-15.7221,-41.3463,,,municipality,Divisa Alegre/MG,True
201,3100302,Abre Campo,ABRE CAMPO,MG,RUBENS SERGIO DE PAULA HUDSON 41465091653,MINAS GERAIS ABRE CAMPO,"MINAS GERAIS ABRE CAMPO

RUBENS SERGIO DE PAULA HUDSON 41465091653

CNPJ: 12.322.678/0001-70

alessandrovamorim@hotmail.com

31 99688-7474 RUBENS

RUA PROF. HORTENCIO, 385 – CENTRO

CEP 35365-000 ABRE CAMPO – MG",NORMAL,,"RUA PROF. HORTENCIO, 385 – CENTRO, Abre Campo/MG",,35365-000,,"[""31 99688-7474""]","[""alessandrovamorim@hotmail.com""]","[""12.322.678/0001-70""]","[""35365-000""]","[""RUA PROF. HORTENCIO, 385 – CENTRO, Abre Campo/MG""]",-20.2996,-42.4743,,,municipality,Abre Campo/MG,True
202,3151909,Pocrane,POCRANE,MG,51.907.941 ARLINDO CONSTANCIO – POCRANE MOTORES ELETRICOS,MINAS GERAIS POCRANE,"MINAS GERAIS POCRANE

51.907.941 ARLINDO CONSTANCIO – POCRANE MOTORES ELETRICOS

CNPJ: 51.907.941/0001-44

arlindoconstancio76@gmail.com

33 98859-0063 ARLINDO

RUA NOVA, 127 – CENTRO

CEP: 36960-000 POCRANE – MG",NORMAL,,"RUA NOVA, 127 – CENTRO, Pocrane/MG",,36960-000,,"[""33 98859-0063""]","[""arlindoconstancio76@gmail.com""]","[""51.907.941/0001-44""]","[""36960-000""]","[""RUA NOVA, 127 – CENTRO, Pocrane/MG""]",-19.6208,-41.6334,,,municipality,Pocrane/MG,True
203,3144607,Nepomuceno,NEPOMUCENO,MG,PAI & FILHOS MANUTENCAO E MONTAGEM ELETRICA E MECANICA LTDA,MINAS GERAIS NEPOMUCENO,"MINAS GERAIS NEPOMUCENO

PAI & FILHOS MANUTENCAO E MONTAGEM ELETRICA E MECANICA LTDA

CNPJ: 14.386.458/0001-35

iransouzape@yahoo.com.br

35 99934-1191 JOÃO

RUA JOAQUIM DE SOUZA LIMA, 119 – MARCIOLANDIA

CEP: 37250-000 NEPOMUCENO – MG",NORMAL,,"RUA JOAQUIM DE SOUZA LIMA, 119 – MARCIOLANDIA, Nepomuceno/MG",,37250-000,,"[""35 99934-1191""]","[""iransouzape@yahoo.com.br""]","[""14.386.458/0001-35""]","[""37250-000""]","[""RUA JOAQUIM DE SOUZA LIMA, 119 – MARCIOLANDIA, Nepomuceno/MG""]",-21.2324,-45.235,,,municipality,Nepomuceno/MG,True
204,3103504,Araguari,ARAGUARI,MG,37.448.327 CARLOS ROBERTO DE ARAUJO – CARLOS MAQ,MINAS GERAIS ARAGUARI,"MINAS GERAIS ARAGUARI

37.448.327 CARLOS ROBERTO DE ARAUJO – CARLOS MAQ

CNPJ: 37.448.327/0001-30

carlosmaq302@gmail.com

34 99869-8104 CARLOS

RUA MONTE CARMELO, 510 – JÓQUEI CLUBE

CEP: 38444-292 ARAGUARI – MG",NORMAL,,"RUA MONTE CARMELO, 510 – JÓQUEI CLUBE, Araguari/MG",,38444-292,,"[""34 99869-8104""]","[""carlosmaq302@gmail.com""]","[""37.448.327/0001-30""]","[""38444-292""]","[""RUA MONTE CARMELO, 510 – JÓQUEI CLUBE, Araguari/MG""]",-18.6456,-48.1934,,,municipality,Araguari/MG,True
205,3126208,Formoso,FORMOSO,MG,JOSE RIBAMAR GOMES DA CRUZ FILHO 32801300349,MINAS GERAIS FORMOSO,"MINAS GERAIS FORMOSO

JOSE RIBAMAR GOMES DA CRUZ FILHO 32801300349

CNPJ: 42.783.293/0001-70

contabilidadesilva@yahoo.com.br

38 99989-8696 RIBAMAR

RUA VICENTE DE MOURA, 20 – CENTRO

CEP: 38690-000 FORMOSO – MG

Obs: Não gosta de esperar pagamento, quer que pague na hora",NORMAL,,"RUA VICENTE DE MOURA, 20 – CENTRO, Formoso/MG",,38690-000,,"[""38 99989-8696""]","[""contabilidadesilva@yahoo.com.br""]","[""42.783.293/0001-70""]","[""38690-000""]","[""RUA VICENTE DE MOURA, 20 – CENTRO, Formoso/MG""]",-14.9446,-46.2371,,,municipality,Formoso/MG,True
206,3169307,Três Corações,TRES CORACOES,MG,JANAINA DE NOVAIS TEIXEIRA – NOVAIS TOLEDO PRESTACAO DE SERVICOS EM GERAL,MINAS GERAIS TRÊS CORAÇÕES,"MINAS GERAIS TRÊS CORAÇÕES

JANAINA DE NOVAIS TEIXEIRA – NOVAIS TOLEDO PRESTACAO DE SERVICOS EM GERAL

CNPJ: 29.631.695/0001-91

novaistoledo@yahoo.com

35 98407-8008 JANAINA

35 98407-8008 RUBENS TÉCNICO

RUA CABO BENEDITO ALVES, 641 – COTIA

CEP: 37415-600 TRES CORACOES – MG",NORMAL,,"RUA CABO BENEDITO ALVES, 641 – COTIA, Três Corações/MG",,37415-600,,"[""35 98407-8008""]","[""novaistoledo@yahoo.com""]","[""29.631.695/0001-91""]","[""37415-600""]","[""RUA CABO BENEDITO ALVES, 641 – COTIA, Três Corações/MG""]",-21.6921,-45.2511,,,municipality,Três Corações/MG,True
207,3162203,São João Batista do Glória,SAO JOAO BATISTA DO GLORIA,MG,FABIANO DIAS DE SOUZA,MINAS GERAIS SÃO JOÃO BATISTA DO GLORIA,"MINAS GERAIS SÃO JOÃO BATISTA DO GLORIA

FABIANO DIAS DE SOUZA

CNPJ: 34.604.514/0001-78
fabiano.dias2008@hotmail.com

16 98181 8747 FABIANO

16 98151 5669 TAISA",NORMAL,,,,,,"[""16 98181 8747"",""16 98151 5669""]","[""fabiano.dias2008@hotmail.com""]","[""34.604.514/0001-78""]",[],[],-20.635,-46.508,,,municipality,São João Batista do Glória/MG,True
208,3104007,Araxá,ARAXA,MG,PEDRO PAULO ALVES FERREIRA – ASSISTENCIA TECNICA SANTA EMILIA,MINAS GERAIS ARAXÁ,"MINAS GERAIS ARAXÁ

PEDRO PAULO ALVES FERREIRA – ASSISTENCIA TECNICA SANTA EMILIA

CNPJ: 13.194.611/0001-60 – IE 0017275110075

pedro.araxa@hotmail.com.com

34 98700-2623 PEDRO

AVENIDA JOAO PAULO II, 195 – CENTRO

CEP: 38183-000 ARAXÁ – MG",NORMAL,,"AVENIDA JOAO PAULO II, 195 – CENTRO, Araxá/MG",,38183-000,,"[""34 98700-2623""]","[""pedro.araxa@hotmail.com.com""]","[""13.194.611/0001-60""]","[""38183-000""]","[""AVENIDA JOAO PAULO II, 195 – CENTRO, Araxá/MG""]",-19.5902,-46.9438,,,municipality,Araxá/MG,True
209,3170701,Varginha,VARGINHA,MG,SERGIO FERRONI – REFRIGERAÇÃO FERRONI,MINAS GERAIS VARGINHA,"MINAS GERAIS VARGINHA

SERGIO FERRONI – REFRIGERAÇÃO FERRONI

CNPJ: 02.859.482/0001-65

35 98847-6595 PAULO

refrigeracaoferroni@yahoo.com.br

AV. PROF. JOÃO AUGUSTO DE CARVALHO, 315 – JD ESTRELA II

CEP: 37037-031 VARGINHA – MG",NORMAL,,"AV. PROF. JOÃO AUGUSTO DE CARVALHO, 315 – JD ESTRELA II, Varginha/MG",,37037-031,,"[""35 98847-6595""]","[""refrigeracaoferroni@yahoo.com.br""]","[""02.859.482/0001-65""]","[""37037-031""]","[""AV. PROF. JOÃO AUGUSTO DE CARVALHO, 315 – JD ESTRELA II, Varginha/MG""]",-21.5556,-45.4364,,,municipality,Varginha/MG,True
210,3170701,Varginha,VARGINHA,MG,MAURI BATISTA FLAUSINO - RC MANUTENÇÃO – REFRIGERAÇÃO CABELINHO,MINAS GERAIS VARGINHA,"MINAS GERAIS VARGINHA

MAURI BATISTA FLAUSINO - RC MANUTENÇÃO – REFRIGERAÇÃO CABELINHO

CNPJ: 06.191.056/0001-57

rcmanutencaovga@gmail.com

35 3223-7852 / 98871-4507 / 99967-9892 CABELINHO

AV. PLINIO SALGADO, 1296 – BAIRRO DE FATIMA",NORMAL,,"AV. PLINIO SALGADO, 1296 – BAIRRO DE FATIMA, Varginha/MG",,,,"[""35 3223-7852"",""98871-4507"",""99967-9892""]","[""rcmanutencaovga@gmail.com""]","[""06.191.056/0001-57""]",[],"[""AV. PLINIO SALGADO, 1296 – BAIRRO DE FATIMA, Varginha/MG""]",-21.5556,-45.4364,,,municipality,Varginha/MG,True
211,3111200,Campo Belo,CAMPO BELO,MG,BALANCA CAMPO BELO LTDA - NÃO FAZER SOLICITAÇÃO DE GARANTIA NEM INDICAÇÃO,MINAS GERAIS CAMPO BELO,"MINAS GERAIS CAMPO BELO

BALANCA CAMPO BELO LTDA  - NÃO FAZER SOLICITAÇÃO DE GARANTIA NEM INDICAÇÃO

CNPJ: 65.122.384/0001-60

balancascampobelo@yahoo.com.br

35 3832-6648 / 99938-5415

RUA JOAO MARTINS DINIZ, 31 – ALTO DAS MERCÊS",NORMAL,,"RUA JOAO MARTINS DINIZ, 31 – ALTO DAS MERCÊS, Campo Belo/MG",,,,"[""35 3832-6648"",""99938-5415""]","[""balancascampobelo@yahoo.com.br""]","[""65.122.384/0001-60""]",[],"[""RUA JOAO MARTINS DINIZ, 31 – ALTO DAS MERCÊS, Campo Belo/MG""]",-20.8932,-45.2699,,,municipality,Campo Belo/MG,True
212,3111200,Campo Belo,CAMPO BELO,MG,OBS.: EMITIR NOTA DE OUTRAS SAIDA CFOP 6949 – NÃO EMITIR BONIFICAÇÃO,37270-000 CAMPO BELO – MG,"37270-000 CAMPO BELO – MG

OBS.: EMITIR NOTA DE OUTRAS SAIDA CFOP 6949 – NÃO EMITIR BONIFICAÇÃO",NORMAL,,,,37270-000,,[],[],[],"[""37270-000""]",[],-20.8932,-45.2699,,,municipality,Campo Belo/MG,True
213,3111200,Campo Belo,CAMPO BELO,MG,DEVANIR,MINAS GERAIS CAMPO BELO,"MINAS GERAIS CAMPO BELO

DEVANIR

TEL: 35 99743-0770

RUA MARIO ALMEIDA, 16 – VILA SÃO JORGE NOVA",NORMAL,,"RUA MARIO ALMEIDA, 16 – VILA SÃO JORGE NOVA, Campo Belo/MG",,,,"[""35 99743-0770""]",[],[],[],"[""RUA MARIO ALMEIDA, 16 – VILA SÃO JORGE NOVA, Campo Belo/MG""]",-20.8932,-45.2699,,,municipality,Campo Belo/MG,True
214,3135100,Janaúba,JANAUBA,MG,ALEX DE JESUS ANTUNES 10672107686,MINAS GERAIS JANAUBA,"MINAS GERAIS JANAUBA

ALEX DE JESUS ANTUNES 10672107686

CNPJ: 35.556.608/0001-81

alexjk1809@gmail.com

38 99177-4222 ALEX

RUA ALFEU VIEIRA DA SILVA, 31 - RIBEIRÃO DO OURO

CEP: 39445-622 JANAUBA-MG",NORMAL,,"RUA ALFEU VIEIRA DA SILVA, 31 - RIBEIRÃO DO OURO, Janaúba/MG",,39445-622,,"[""38 99177-4222""]","[""alexjk1809@gmail.com""]","[""35.556.608/0001-81""]","[""39445-622""]","[""RUA ALFEU VIEIRA DA SILVA, 31 - RIBEIRÃO DO OURO, Janaúba/MG""]",-15.8022,-43.3132,,,municipality,Janaúba/MG,True
215,3140803,Matias Barbosa,MATIAS BARBOSA,MG,SEBASTIAO LUCIANO PINTO,MINAS GERAIS MATIAS BARBOSA,"MINAS GERAIS MATIAS BARBOSA

SEBASTIAO LUCIANO PINTO

CNPJ: 29.637.497/0001-35

LUCIANO MAQUINAS

LUCIANO (32) 98455-6325

RUA PEDRO NOLASCO GARCIA, 332 – SOLEDADE",NORMAL,,"RUA PEDRO NOLASCO GARCIA, 332 – SOLEDADE, Matias Barbosa/MG",,,,"[""(32) 98455-6325""]",[],"[""29.637.497/0001-35""]",[],"[""RUA PEDRO NOLASCO GARCIA, 332 – SOLEDADE, Matias Barbosa/MG""]",-21.869,-43.3135,,,municipality,Matias Barbosa/MG,True
216,3126109,Formiga,FORMIGA,MG,DENIS GONCALVES TORNO E SOLDA LTDA,"| MINAS GERAIS FORMIGA |
| --- |","| MINAS GERAIS FORMIGA |
| --- |

DENIS GONCALVES TORNO E SOLDA LTDA

DG TORNO E SOLDA

DENIS (37) 98837-8008

dgtornoesolda@gmail.com

RUA DOUTOR CARLOS CHAGAS, 330 LETRA A CENTRO, FORMIGA- MG CEP: 35.570-000",NORMAL,,"RUA DOUTOR CARLOS CHAGAS, 330 LETRA A CENTRO, FORMIGA- MG CEP: 35.570-000",,35.570-000,,"[""(37) 98837-8008""]","[""dgtornoesolda@gmail.com""]",[],"[""35.570-000""]","[""RUA DOUTOR CARLOS CHAGAS, 330 LETRA A CENTRO, FORMIGA- MG CEP: 35.570-000""]",-20.4618,-45.4268,,,municipality,Formiga/MG,True
217,3103405,Araçuaí,ARACUAI,MG,RENAN JOSE PINHEIRO LUIZ (PINHEIRO SOLUÇÕES),Minas Gerais ARAÇUAÍ,"Minas Gerais ARAÇUAÍ

RENAN JOSE PINHEIRO LUIZ (PINHEIRO SOLUÇÕES)

CNPJ: 41.483.255/0001-30

E-MAIL: pinheirosolucoes@outlook.com

TEL.: 33 99975-1043 RENAN

PRAÇA GETULIO VARGAS, 14 – CENTRO

CEP.: 39600-108 ARAÇUAÍ/MG",NORMAL,,"PRAÇA GETULIO VARGAS, 14 – CENTRO, Araçuaí/MG",,39600-108,,"[""33 99975-1043""]","[""pinheirosolucoes@outlook.com""]","[""41.483.255/0001-30""]","[""39600-108""]","[""PRAÇA GETULIO VARGAS, 14 – CENTRO, Araçuaí/MG""]",-16.8523,-42.0637,,,municipality,Araçuaí/MG,True
218,3171303,Viçosa,VICOSA,MG,Nome da empresa: EDSON JUNIO DA SILVA TEIXEIRA ELETRO SOLUCOES – ELETRO SOLUCOES,Minas Gerais VIÇOSA,"Minas Gerais VIÇOSA

Nome da empresa: EDSON JUNIO DA SILVA TEIXEIRA ELETRO SOLUCOES – ELETRO SOLUCOES

CNPJ: 38.364.874/0001-09

Telefone: (31) 98736-4453 Edson

End: Rua Dos Passos, n° 139, Centro Cep: 36570-005 – Viçosa MG

E-mail: eletrosolucoesvicosa@gmail.com",NORMAL,,"Rua Dos Passos, n° 139, Centro Cep: 36570-005 – Viçosa MG",,36570-005,,"[""(31) 98736-4453""]","[""eletrosolucoesvicosa@gmail.com""]","[""38.364.874/0001-09""]","[""36570-005""]","[""Rua Dos Passos, n° 139, Centro Cep: 36570-005 – Viçosa MG""]",-20.7559,-42.8742,,,municipality,Viçosa/MG,True
219,3136702,Juiz de Fora,JUIZ DE FORA,MG,FELIPE SOUZA DE FREITAS – JOPEB,MINAS GERAIS JUIZ DE FORA,"MINAS GERAIS JUIZ DE FORA

FELIPE SOUZA DE FREITAS – JOPEB

CNPJ: 36.334.685/0001-50

TELEFONE: (32) 9858-4788 FELIPE 
EMAIL: jopebjf@gmail.com

Rua Engenheiro Mauricio Giron, 226, Dom Bosco, Juiz de Fora, MG",NORMAL,,"Rua Engenheiro Mauricio Giron, 226, Dom Bosco, Juiz de Fora, MG",,,,"[""(32) 9858-4788""]","[""jopebjf@gmail.com""]","[""36.334.685/0001-50""]",[],"[""Rua Engenheiro Mauricio Giron, 226, Dom Bosco, Juiz de Fora, MG""]",-21.7595,-43.3398,,,municipality,Juiz de Fora/MG,True
220,3118908,Cordisburgo,CORDISBURGO,MG,RJ REFRIGERAÇÃO LTDA,MINAS GERAIS CORDISBURGO,"MINAS GERAIS CORDISBURGO

RJ REFRIGERAÇÃO LTDA

CNPJ: 50.484.903/0001-63

rjr_junio@hotmail.com

31 99319-4523 MATEUS

RUA FREI LEONIDAS, 84 – CENTRO

CEP: 35780-000 CORDISBURGO – MG",NORMAL,,"RUA FREI LEONIDAS, 84 – CENTRO, Cordisburgo/MG",,35780-000,,"[""31 99319-4523""]","[""rjr_junio@hotmail.com""]","[""50.484.903/0001-63""]","[""35780-000""]","[""RUA FREI LEONIDAS, 84 – CENTRO, Cordisburgo/MG""]",-19.1224,-44.3224,,,municipality,Cordisburgo/MG,True
221,3120904,Curvelo,CURVELO,MG,HELVECIO SOARES BARBOSA 23400722634,MINAS GERAIS CURVELO,"MINAS GERAIS CURVELO

HELVECIO SOARES BARBOSA 23400722634

ELETRICA SOARES

38 99943-0882

ALAMEDA GASTÃO COIMBRA DE PAULA, 1520 - PONTE NOVA",NORMAL,,"ALAMEDA GASTÃO COIMBRA DE PAULA, 1520 - PONTE NOVA, Curvelo/MG",,,,"[""38 99943-0882""]",[],[],[],"[""ALAMEDA GASTÃO COIMBRA DE PAULA, 1520 - PONTE NOVA, Curvelo/MG""]",-18.7527,-44.4303,,,municipality,Curvelo/MG,True
222,3120904,Curvelo,CURVELO,MG,ANTONIO EUGENIO DA SILVA 41171616600,CURVELO MG,"CURVELO MG

ANTONIO EUGENIO DA SILVA 41171616600

CNPJ: 24.589.029/0001-19

HELVECIO

38 99943-0882

AVENIDA ANTONIO OILINTO, 524 - CENTRO",NORMAL,,"AVENIDA ANTONIO OILINTO, 524 - CENTRO, Curvelo/MG",,,,"[""38 99943-0882""]",[],"[""24.589.029/0001-19""]",[],"[""AVENIDA ANTONIO OILINTO, 524 - CENTRO, Curvelo/MG""]",-18.7527,-44.4303,,,municipality,Curvelo/MG,True
223,3131307,Ipatinga,IPATINGA,MG,REBAP RECOND. BAL. PEREIRA LTDA - Rebap Balanças,MINAS GERAIS IPATINGA,"MINAS GERAIS IPATINGA

REBAP RECOND. BAL. PEREIRA LTDA - Rebap Balanças

CNPJ: 19.507.888/0001-81

(31) 3826-7757 Cida

Av. Minas Gerais, 434 - Canaã, Ipatinga - MG, 35164-216",NORMAL,,"Av. Minas Gerais, 434 - Canaã, Ipatinga - MG, 35164-216",,35164-216,,"[""(31) 3826-7757""]",[],"[""19.507.888/0001-81""]","[""35164-216""]","[""Av. Minas Gerais, 434 - Canaã, Ipatinga - MG, 35164-216""]",-19.4703,-42.5476,,,municipality,Ipatinga/MG,True
224,3131307,Ipatinga,IPATINGA,MG,WANDERSON ELIAS LOPES (DIMAQ MANUTENÇÃO),MINAS GERAIS IPATINGA,"MINAS GERAIS IPATINGA

WANDERSON ELIAS LOPES (DIMAQ MANUTENÇÃO)

eliasslw1603@gmail.com

31 98699-7124 Wanderson

Rua Begonia, 134 – Esperança",NORMAL,,"Rua Begonia, 134 – Esperança, Ipatinga/MG",,,,"[""31 98699-7124""]","[""eliasslw1603@gmail.com""]",[],[],"[""Rua Begonia, 134 – Esperança, Ipatinga/MG""]",-19.4703,-42.5476,,,municipality,Ipatinga/MG,True
225,3131307,Ipatinga,IPATINGA,MG,Assistências em Ipatinga/MG,IPATINGA – MG,"IPATINGA – MG

CEP: 35.162-314",NORMAL,,,,35.162-314,,[],[],[],"[""35.162-314""]",[],-19.4703,-42.5476,,,municipality,Ipatinga/MG,True
226,3112307,Capelinha,CAPELINHA,MG,CORIMAR ROCHA DE SOUZA,Minas Gerais CAPELINHA,"Minas Gerais CAPELINHA

CORIMAR ROCHA DE SOUZA

CNPJ: 32.488.880/0001-83

corimarrocha@hotmail.com

TEL: 33 99145-5092

RUA RIO BRANCO, 999 – PLANALTO

CEP: 39680-000 CAPELINHA-MG",NORMAL,,"RUA RIO BRANCO, 999 – PLANALTO, Capelinha/MG",,39680-000,,"[""33 99145-5092""]","[""corimarrocha@hotmail.com""]","[""32.488.880/0001-83""]","[""39680-000""]","[""RUA RIO BRANCO, 999 – PLANALTO, Capelinha/MG""]",-17.6888,-42.5147,,,municipality,Capelinha/MG,True
227,3169901,Ubá,UBA,MG,ISAIAS FERREIRA 06880736629 (ISAIAS MOTORES),Minas Gerais UBA,"Minas Gerais UBA

ISAIAS FERREIRA 06880736629 (ISAIAS MOTORES)

CNPJ: 34.445.467/0001-67

E-MAIL: isaiasferreiea7819@gmail.com

TEL: 32 99841-6428 ISAIAS / 32 99956-5980 ILZA CARLA

END: AVENIDA PAULINO FERNANDES, 355 – PAULINO FERNANDES

CEP: 36.503-020 UBÁ – MG",NORMAL,,"AVENIDA PAULINO FERNANDES, 355 – PAULINO FERNANDES, Ubá/MG",,36.503-020,,"[""32 99841-6428"",""32 99956-5980""]","[""isaiasferreiea7819@gmail.com""]","[""34.445.467/0001-67""]","[""36.503-020""]","[""AVENIDA PAULINO FERNANDES, 355 – PAULINO FERNANDES, Ubá/MG""]",-21.1204,-42.9359,,,municipality,Ubá/MG,True
228,3131703,Itabira,ITABIRA,MG,ELETROVIP PRESTACAO DE SERVICOS E LOCACAO DE MAQUINAS LTDA,Minas Gerais ITABIRA,"Minas Gerais ITABIRA

ELETROVIP PRESTACAO DE SERVICOS E LOCACAO DE MAQUINAS LTDA

CNPJ: 19.453.602/0001-22

eletrovip1@hotmail.com

31 98509-8215 MOISES

RUA PREFEITO VIRGILINO QUINTAO, 899 – DOZE DE MARCO

CEP: 35900-346 ITABIRA – MG",NORMAL,,"RUA PREFEITO VIRGILINO QUINTAO, 899 – DOZE DE MARCO, Itabira/MG",,35900-346,,"[""31 98509-8215""]","[""eletrovip1@hotmail.com""]","[""19.453.602/0001-22""]","[""35900-346""]","[""RUA PREFEITO VIRGILINO QUINTAO, 899 – DOZE DE MARCO, Itabira/MG""]",-19.6239,-43.2312,,,municipality,Itabira/MG,True
229,3131703,Itabira,ITABIRA,MG,REAUSERTEC SERVICOS LTDA,Minas Gerais ITABIRA,"Minas Gerais ITABIRA

REAUSERTEC SERVICOS LTDA

CNPJ: 46.354.013/0001-60

reausertec@gmail.com

31 97235-0802 TATIANA

RUA DOLOR EVANGELISTA MAGALHÃES, 23 – MONSENHOR JULIO ENGRACIA

CEP.: 35900-970 ITABIRA – MG",NORMAL,,"RUA DOLOR EVANGELISTA MAGALHÃES, 23 – MONSENHOR JULIO ENGRACIA, Itabira/MG",,35900-970,,"[""31 97235-0802""]","[""reausertec@gmail.com""]","[""46.354.013/0001-60""]","[""35900-970""]","[""RUA DOLOR EVANGELISTA MAGALHÃES, 23 – MONSENHOR JULIO ENGRACIA, Itabira/MG""]",-19.6239,-43.2312,,,municipality,Itabira/MG,True
230,3131703,Itabira,ITABIRA,MG,29.147.061 LUCIANO OLIVEIRA DORNELAS (REFRISERVICE),Minas Gerais ITABIRA,"Minas Gerais ITABIRA

29.147.061 LUCIANO OLIVEIRA DORNELAS (REFRISERVICE)

CNPJ: 29.147.061/0001-68

luciano.refriservice@gmail.com

31 3066-8726 / 31 99607-1981 LUCIANO

31 9716-9954

Rua Jose Isidoro, 290 - Vila Piedade",NORMAL,,"Rua Jose Isidoro, 290 - Vila Piedade, Itabira/MG",,,,"[""31 3066-8726"",""31 99607-1981"",""31 9716-9954""]","[""luciano.refriservice@gmail.com""]","[""29.147.061/0001-68""]",[],"[""Rua Jose Isidoro, 290 - Vila Piedade, Itabira/MG""]",-19.6239,-43.2312,,,municipality,Itabira/MG,True
231,3131703,Itabira,ITABIRA,MG,Nome da empresa: SEACAP - SERVICO ESPECIALIZADO EM APARELHOS DE COZINHAS ACOUGUES LTDA – não quer atender mais garantia,Minas Gerais ITABIRA,"Minas Gerais ITABIRA

Nome da empresa: SEACAP - SERVICO ESPECIALIZADO EM APARELHOS DE COZINHAS ACOUGUES  LTDA – não quer atender mais garantia

Telefone:  31 3831-8961 / 8893-3795 KARINA

E-mail: contato@seagalp.com.br

End: Rua Jose de Alencar, 467 Letra A Bairro: Machado CEP: 35901-010",NORMAL,,"Rua Jose de Alencar, 467 Letra A Bairro: Machado CEP: 35901-010, Itabira/MG",,35901-010,,"[""31 3831-8961"",""8893-3795""]","[""contato@seagalp.com.br""]",[],"[""35901-010""]","[""Rua Jose de Alencar, 467 Letra A Bairro: Machado CEP: 35901-010, Itabira/MG""]",-19.6239,-43.2312,,,municipality,Itabira/MG,True
232,3167202,Sete Lagoas,SETE LAGOAS,MG,CLEUZA GERALDA DE SOUZA E SILVA - ELETRO SILVA,Minas Gerais SETE LAGOAS,"Minas Gerais SETE LAGOAS

CLEUZA GERALDA DE SOUZA E SILVA - ELETRO SILVA

CNPJ: 01.478.933/0001-51

eletrosilva@setelagoas.com.br

31 3773-2461

AV. Antônio Olinto, 1002 – Centro

CEP: 35700-002 Sete Lagoas - MG",NORMAL,,"AV. Antônio Olinto, 1002 – Centro, Sete Lagoas/MG",,35700-002,,"[""31 3773-2461""]","[""eletrosilva@setelagoas.com.br""]","[""01.478.933/0001-51""]","[""35700-002""]","[""AV. Antônio Olinto, 1002 – Centro, Sete Lagoas/MG""]",-19.4569,-44.2413,,,municipality,Sete Lagoas/MG,True
233,3167202,Sete Lagoas,SETE LAGOAS,MG,Nome da empresa: TORNEAMENTOS SAO GERALDO LTDA,Minas Gerais SETE LAGOAS,"Minas Gerais SETE LAGOAS

Nome da empresa: TORNEAMENTOS SAO GERALDO LTDA

Telefone: 31 3771-5377 / 31 99888-7262

E-mail: torneamentoferreira@gmail.com

End: Rua Joaquim Murtinho n 31 Bairro: São Geraldo",NORMAL,,"Rua Joaquim Murtinho n 31 Bairro: São Geraldo, Sete Lagoas/MG",,,,"[""31 3771-5377"",""31 99888-7262""]","[""torneamentoferreira@gmail.com""]",[],[],"[""Rua Joaquim Murtinho n 31 Bairro: São Geraldo, Sete Lagoas/MG""]",-19.4569,-44.2413,,,municipality,Sete Lagoas/MG,True
234,3106200,Belo Horizonte,BELO HORIZONTE,MG,ESCALA BALANCAS LTDA,Minas Gerais BELO HORIZONTE,"Minas Gerais BELO HORIZONTE

ESCALA BALANCAS LTDA

CNPJ: 23.894.330/0001-73

escalabalancas@hotmail.com

31 9213-2345 JEAN

AVENIDA OLEGARIO MACIEL, 742 – CENTRO

CEP: 30180-110 BELO HORIZONTE – MG",NORMAL,,"AVENIDA OLEGARIO MACIEL, 742 – CENTRO, Belo Horizonte/MG",,30180-110,,"[""31 9213-2345""]","[""escalabalancas@hotmail.com""]","[""23.894.330/0001-73""]","[""30180-110""]","[""AVENIDA OLEGARIO MACIEL, 742 – CENTRO, Belo Horizonte/MG""]",-19.9102,-43.9266,,,municipality,Belo Horizonte/MG,True
235,3106200,Belo Horizonte,BELO HORIZONTE,MG,N.S.A PECAS E ASSISTENCIA TECNICA LTDA,Minas Gerais BELO HORIZONTE,"Minas Gerais BELO HORIZONTE

N.S.A PECAS E ASSISTENCIA TECNICA LTDA

CNPJ: 43.286.223/0001-70

Telefone:  31 3568-6376 / 31 993612829

E-mail: nsapecasltda@gmail.com

End: RUA PARACATU, 10 – BARRO PRETO",NORMAL,,"RUA PARACATU, 10 – BARRO PRETO, Belo Horizonte/MG",,,,"[""31 3568-6376"",""31 993612829""]","[""nsapecasltda@gmail.com""]","[""43.286.223/0001-70""]",[],"[""RUA PARACATU, 10 – BARRO PRETO, Belo Horizonte/MG""]",-19.9102,-43.9266,,,municipality,Belo Horizonte/MG,True
236,3127701,Governador Valadares,GOVERNADOR VALADARES,MG,A CASA DA PECA LTDA,Minas Gerais GOVERNADOR VALADARES,"Minas Gerais GOVERNADOR VALADARES

A CASA DA PECA LTDA

CNPJ: 34.508.854/0001-03

assistenciarec@outlook.com

33 98813-8842

AVENIDA JK, 1776 – SÃO PAULO

CEP: 35030-210 GOVERNADOR VALADARES - MG",NORMAL,,"AVENIDA JK, 1776 – SÃO PAULO, Governador Valadares/MG",,35030-210,,"[""33 98813-8842""]","[""assistenciarec@outlook.com""]","[""34.508.854/0001-03""]","[""35030-210""]","[""AVENIDA JK, 1776 – SÃO PAULO, Governador Valadares/MG""]",-18.8545,-41.9555,,,municipality,Governador Valadares/MG,True
237,3127701,Governador Valadares,GOVERNADOR VALADARES,MG,LEANDRO SABINO DA SILVA 01579520618 – LS ASSISTÊNCIA TÉCNICA,Minas Gerais GOVERNADOR VALADARES,"Minas Gerais GOVERNADOR VALADARES

LEANDRO SABINO DA SILVA 01579520618 – LS ASSISTÊNCIA TÉCNICA

CNPJ: 19.367.476/0001-93

lsassistenciatecnica19@gmail.com

33 98727-0169 LEANDRO

RUA SETE, 115 – PENHA

CEP: 35040-790 – GOVERNADOR VALADORES – MG",NORMAL,,"RUA SETE, 115 – PENHA, Governador Valadares/MG",,35040-790,,"[""33 98727-0169""]","[""lsassistenciatecnica19@gmail.com""]","[""19.367.476/0001-93""]","[""35040-790""]","[""RUA SETE, 115 – PENHA, Governador Valadares/MG""]",-18.8545,-41.9555,,,municipality,Governador Valadares/MG,True
238,3127701,Governador Valadares,GOVERNADOR VALADARES,MG,Nome da empresa: PAULA M. DA SILVA ASSISTENCIA TECNICA - R&C Assistência Técnica,Minas Gerais GOVERNADOR VALADARES,"Minas Gerais GOVERNADOR VALADARES

Nome da empresa: PAULA M. DA SILVA ASSISTENCIA TECNICA - R&C Assistência Técnica

CNPJ: 34.508.854/0001-03

Telefone:  33 3221-9649 / 33 98813-8842

E-mail: assistenciarec@outlook.com

End: Rua Rio Grade do Sul 407 Bairro de Lurdes

A casa da peça

Avenida JK 1776 Vila Bretas",NORMAL,,"Rua Rio Grade do Sul 407 Bairro de Lurdes, Governador Valadares/MG",,,,"[""33 3221-9649"",""33 98813-8842""]","[""assistenciarec@outlook.com""]","[""34.508.854/0001-03""]",[],"[""Rua Rio Grade do Sul 407 Bairro de Lurdes, Governador Valadares/MG"",""Avenida JK 1776 Vila Bretas, Governador Valadares/MG""]",-18.8545,-41.9555,,,municipality,Governador Valadares/MG,True
239,3127701,Governador Valadares,GOVERNADOR VALADARES,MG,Nome da empresa: LUZ REPRESENTACOES E SERVICOS LTDA - EPP,Minas Gerais GOVERNADOR VALADARES,"Minas Gerais GOVERNADOR VALADARES

Nome da empresa: LUZ REPRESENTACOES E SERVICOS LTDA - EPP

Telefone: 33 32127979

E-mail: luz@luzservicos.com

End",NORMAL,,,,,,"[""33 32127979""]","[""luz@luzservicos.com""]",[],[],[],-18.8545,-41.9555,,,municipality,Governador Valadares/MG,True
240,3170404,Unaí,UNAI,MG,Nome da empresa: REFRIMAQ UNAI LTDA,Minas Gerais UNAI,"Minas Gerais UNAI

Nome da empresa: REFRIMAQ UNAI LTDA

CNPJ: 86.382.744/0001-33

Telefone:  38 3676-5346 / 998898560/ 3676-1128

E-mail: refrimaqunai@hotmail.com

End: RUA DJALMA TORRES n 1301 cep:38610000, CACHOEIRA

38 9943-2587 Adalto Antonio Araújo",NORMAL,,"RUA DJALMA TORRES n 1301 cep:38610000, CACHOEIRA, Unaí/MG",,38610000,,"[""38 3676-5346"",""998898560"",""3676-1128"",""38 9943-2587""]","[""refrimaqunai@hotmail.com""]","[""86.382.744/0001-33""]","[""38610000""]","[""RUA DJALMA TORRES n 1301 cep:38610000, CACHOEIRA, Unaí/MG""]",-16.3592,-46.9022,,,municipality,Unaí/MG,True
241,3155801,Rio Pomba,RIO POMBA,MG,IRMÃOS BRAGA REFRIGERAÇÃO E MAQUINAS LTDA,Minas Gerais RIO POMBA,"Minas Gerais RIO POMBA

IRMÃOS BRAGA REFRIGERAÇÃO E MAQUINAS LTDA

CNPJ: 08.856.186/0001-97

sd@rdfnet.com.br

32 3571-4344 / 99904-8841 ANDRE

AV. JORNALISTA JOSE DE ASSIS VIEIRA, 202 – JD AMERICA

CEP: 36180-000 RIO POMBA - MG",NORMAL,,"AV. JORNALISTA JOSE DE ASSIS VIEIRA, 202 – JD AMERICA, Rio Pomba/MG",,36180-000,,"[""32 3571-4344"",""99904-8841""]","[""sd@rdfnet.com.br""]","[""08.856.186/0001-97""]","[""36180-000""]","[""AV. JORNALISTA JOSE DE ASSIS VIEIRA, 202 – JD AMERICA, Rio Pomba/MG""]",-21.2712,-43.1696,,,municipality,Rio Pomba/MG,True
242,3155801,Rio Pomba,RIO POMBA,MG,Nome da empresa: MERCADO DAS MAQ. DE RIO POMBA LTDA,Minas Gerais RIO POMBA,"Minas Gerais RIO POMBA

Nome da empresa: MERCADO DAS MAQ. DE RIO POMBA LTDA

Telefone:  32 3571-1465 Marcos

E-mail: financeiro@mercadodasmaquinas.com

End: ** **Av. Jorn. José de Assis Vieira, 599 - Bairro: Boa Vista, Rio Pomba - MG, 36180-000",NORMAL,,"** **Av. Jorn. José de Assis Vieira, 599 - Bairro: Boa Vista, Rio Pomba - MG, 36180-000",,36180-000,,"[""32 3571-1465""]","[""financeiro@mercadodasmaquinas.com""]",[],"[""36180-000""]","[""** **Av. Jorn. José de Assis Vieira, 599 - Bairro: Boa Vista, Rio Pomba - MG, 36180-000""]",-21.2712,-43.1696,,,municipality,Rio Pomba/MG,True
243,3101607,Alfenas,ALFENAS,MG,Nome da empresa: CONCEITO MANUTENCOES EIRELI,Minas Gerais ALFENAS,"Minas Gerais ALFENAS

Nome da empresa: CONCEITO MANUTENCOES EIRELI

CNPJ: 35.461.927/0001-03

Telefone:  35 32923439 / 988328461

E-mail: conceito.manutencoesalfenas@gmail.com

adm@conceitomanutençoes.com.br

End: Rua Artur de Azevedo n 687 e 689 Jardim São Carlos",NORMAL,,"Rua Artur de Azevedo n 687 e 689 Jardim São Carlos, Alfenas/MG",,,,"[""35 32923439"",""988328461""]","[""conceito.manutencoesalfenas@gmail.com"",""adm@conceitomanutençoes.com.br""]","[""35.461.927/0001-03""]",[],"[""Rua Artur de Azevedo n 687 e 689 Jardim São Carlos, Alfenas/MG""]",-21.4256,-45.9477,,,municipality,Alfenas/MG,True
244,3106705,Betim,BETIM,MG,MARCOS ANTONIO APARECIDO COSTA – ELETRO CONSERTOS,MINAS GERAIS BETIM,"MINAS GERAIS BETIM

MARCOS ANTONIO APARECIDO COSTA – ELETRO CONSERTOS

CNPJ: 37.220.535/0001-88

eletroconserto@ymail.com

31 98868-5914 / 99293-8226 MARCOS

RUA DOS CRAVOS, 62 – JD. DAS ALTEROSAS – 2 SECAO

CEP: 32673-102 BETIM – MG",NORMAL,,"RUA DOS CRAVOS, 62 – JD. DAS ALTEROSAS – 2 SECAO, Betim/MG",,32673-102,,"[""31 98868-5914"",""99293-8226""]","[""eletroconserto@ymail.com""]","[""37.220.535/0001-88""]","[""32673-102""]","[""RUA DOS CRAVOS, 62 – JD. DAS ALTEROSAS – 2 SECAO, Betim/MG""]",-19.9668,-44.2008,,,municipality,Betim/MG,True
245,3106705,Betim,BETIM,MG,"PERIGOLO & FILHOS MANUTENCAO DE MAQUINAS E EQUIPAMENTOS LTDA (comprou peças, não fez nenhum atendimento)",MINAS GERAIS BETIM,"MINAS GERAIS BETIM

PERIGOLO & FILHOS MANUTENCAO DE MAQUINAS E EQUIPAMENTOS LTDA (comprou peças, não fez nenhum atendimento)

CNPJ: 50.834.371/0001-47

geovaneemaicon@gmail.com

31 99676-6881

RUA GILBERTO CRISTIANO DIAS, 13 – IMBIRUCU

CEP: 32677-260 BETIM – MG",NORMAL,,"RUA GILBERTO CRISTIANO DIAS, 13 – IMBIRUCU, Betim/MG",,32677-260,,"[""31 99676-6881""]","[""geovaneemaicon@gmail.com""]","[""50.834.371/0001-47""]","[""32677-260""]","[""RUA GILBERTO CRISTIANO DIAS, 13 – IMBIRUCU, Betim/MG""]",-19.9668,-44.2008,,,municipality,Betim/MG,True
246,3118601,Contagem,CONTAGEM,MG,MB AUTOMACAO COMERCIAL LTDA,Minas Gerais CONTAGEM,"Minas Gerais CONTAGEM

MB AUTOMACAO COMERCIAL LTDA

CNPJ: 12.455.298/0001-03

quititi42@hotmail.com

31 99204-1881 ARTHUR OTAVIO

RUA JOVITA MENEZES, 155 – XANGRI-LA

CEP: 32186-260 CONTAGEM – MG",NORMAL,,"RUA JOVITA MENEZES, 155 – XANGRI-LA, Contagem/MG",,32186-260,,"[""31 99204-1881""]","[""quititi42@hotmail.com""]","[""12.455.298/0001-03""]","[""32186-260""]","[""RUA JOVITA MENEZES, 155 – XANGRI-LA, Contagem/MG""]",-19.9321,-44.0539,,,municipality,Contagem/MG,True
247,3118601,Contagem,CONTAGEM,MG,20.932.169 ALESSANDRO DIAS BERNARDO (MAQUINAS ELETRICAS SANTA CRUZ),Minas Gerais CONTAGEM,"Minas Gerais CONTAGEM

20.932.169 ALESSANDRO DIAS BERNARDO (MAQUINAS ELETRICAS SANTA CRUZ)

CNPJ: 20.932.169/0001-97

contadinamica@yahoo.com.br

31 3391-6613 JAIR / 31 98558-5784 ALESSANDRO

RUA RIO COMPRIDO, 1668 – RIACHO DAS PEDRAS

CEP: 32280-070 CONTAGEM – MG",NORMAL,,"RUA RIO COMPRIDO, 1668 – RIACHO DAS PEDRAS, Contagem/MG",,32280-070,,"[""31 3391-6613"",""31 98558-5784""]","[""contadinamica@yahoo.com.br""]","[""20.932.169/0001-97""]","[""32280-070""]","[""RUA RIO COMPRIDO, 1668 – RIACHO DAS PEDRAS, Contagem/MG""]",-19.9321,-44.0539,,,municipality,Contagem/MG,True
248,3118601,Contagem,CONTAGEM,MG,Nome da empresa: ELETRO PLUS LTDA,Minas Gerais CONTAGEM,"Minas Gerais CONTAGEM

Nome da empresa: ELETRO PLUS LTDA

CNPJ: 41.926.312/0001-08

Telefone:  31 3351-2954 / 31 99165-5757

E-mail: eletroplusltda@yahoo.com.br

RUA Manuel Teixeira Camargo, 498 – DA GLORIA

CEP: 32340-040 CONTAGEM - MG",NORMAL,,"RUA Manuel Teixeira Camargo, 498 – DA GLORIA, Contagem/MG",,32340-040,,"[""31 3351-2954"",""31 99165-5757""]","[""eletroplusltda@yahoo.com.br""]","[""41.926.312/0001-08""]","[""32340-040""]","[""RUA Manuel Teixeira Camargo, 498 – DA GLORIA, Contagem/MG""]",-19.9321,-44.0539,,,municipality,Contagem/MG,True
249,3118601,Contagem,CONTAGEM,MG,RENAN ANGELO RODRIGUES SILVA 11095872605 (RR MAQUINAS MANUTENCAO ESPECIALIZADA),Minas Gerais CONTAGEM,"Minas Gerais CONTAGEM

RENAN ANGELO RODRIGUES SILVA 11095872605 (RR MAQUINAS MANUTENCAO ESPECIALIZADA)

Telefone: 31 98620-3774 Matias

E-mail: importanterenan@gmail.com

Endereço: Rua VC-1, 297 – Bairro Nova Contagem",NORMAL,,"Rua VC-1, 297 – Bairro Nova Contagem/MG",,,,"[""31 98620-3774""]","[""importanterenan@gmail.com""]",[],[],"[""Rua VC-1, 297 – Bairro Nova Contagem/MG""]",-19.9321,-44.0539,,,municipality,Contagem/MG,True
250,3118601,Contagem,CONTAGEM,MG,Edivaldo da Silva lima - AINDA NÃO ATENDEU CAF,Minas Gerais CONTAGEM,"Minas Gerais CONTAGEM

Edivaldo da Silva lima  - AINDA NÃO ATENDEU CAF

CNPJ 140989210001-43

edivaldo.lima2010@hotmail.com

31 99990-1359

Ru ipu 194    bairro.vila  pérola

Cidade=  contagem

MG   CEP 32110-700

OFICINA DA PADARIA ATACADISTA DE MAQUINAS LTDA – NÃO PASSAR GARANTIA NEM FAZER INDICAÇÃO – MÃO DE OBRA CARRISSIMA

CNPJ: 38.129.485/0001-90

administrativo@oficinadapadaria.com.br

31 9400-9302 LEONARDO

31 9282-8972 FERNANDA

AV. SEVERINO BALLESTEROS, 3026 – CABRAL

CEP: 32146-025 CONTAGEM – MG",NAO_INDICAR,NAO PASSAR GARANTIA,"AV. SEVERINO BALLESTEROS, 3026 – CABRAL, Contagem/MG",,32110-700,,"[""31 99990-1359"",""31 9400-9302"",""31 9282-8972""]","[""edivaldo.lima2010@hotmail.com"",""administrativo@oficinadapadaria.com.br""]","[""140989210001-43"",""38.129.485/0001-90""]","[""32110-700"",""32146-025""]","[""AV. SEVERINO BALLESTEROS, 3026 – CABRAL, Contagem/MG""]",-19.9321,-44.0539,,,municipality,Contagem/MG,True
251,3124302,Espinosa,ESPINOSA,MG,Nome da empresa: GEMAQ SERVICOS LTDA,Minas Gerais ESPINOSA,"Minas Gerais ESPINOSA

Nome da empresa: GEMAQ SERVICOS LTDA

Telefone:  38 3812-1085/ 38 99735-7427

E-mail: gmaqservicos@yahoo.com

End: Rua Álvaro Cruz, 26 – Centro

CEP: 39510-000 – ESPINOSA – MG",NORMAL,,"Rua Álvaro Cruz, 26 – Centro, Espinosa/MG",,39510-000,,"[""38 3812-1085"",""38 99735-7427""]","[""gmaqservicos@yahoo.com""]",[],"[""39510-000""]","[""Rua Álvaro Cruz, 26 – Centro, Espinosa/MG""]",-14.9249,-42.809,,,municipality,Espinosa/MG,True
252,3147105,Pará de Minas,PARA DE MINAS,MG,Nome da empresa: USIRAM LTDA,Minas Gerais PARA DE MINAS,"Minas Gerais PARA DE MINAS

Nome da empresa: USIRAM LTDA

CNPJ: 16.667.330/0001-75

Telefone:  37 3231-7788 / 3231-6500 / 37 9979-6170 MARCOS

E-mail: triunfo@triunfo.cnt.br

End: Av Vereador Ronaldo de Castro Alves, 700 CEP:35660-970",NORMAL,,"Av Vereador Ronaldo de Castro Alves, 700 CEP:35660-970, Pará de Minas/MG",,35660-970,,"[""37 3231-7788"",""3231-6500"",""37 9979-6170""]","[""triunfo@triunfo.cnt.br""]","[""16.667.330/0001-75""]","[""35660-970""]","[""Av Vereador Ronaldo de Castro Alves, 700 CEP:35660-970, Pará de Minas/MG""]",-19.8534,-44.6114,,,municipality,Pará de Minas/MG,True
253,3134202,Ituiutaba,ITUIUTABA,MG,THAIS DE FATIMA SILVA - MR REBOBINAMENTO,Minas Gerais ITUIUTABA,"Minas Gerais ITUIUTABA

THAIS DE FATIMA SILVA - MR REBOBINAMENTO

CNPJ: 14.263.687/0001-62

mr_rebobinamentoemmotores@outlook.com

34 3261-4995 / 34 99878-0833

AV. ARTUR JUNQUEIRA DE ALMEIDA, 202 – PROGRESSO

CEP: 38302-048 ITUIUTABA – MG",NORMAL,,"AV. ARTUR JUNQUEIRA DE ALMEIDA, 202 – PROGRESSO, Ituiutaba/MG",,38302-048,,"[""34 3261-4995"",""34 99878-0833""]","[""mr_rebobinamentoemmotores@outlook.com""]","[""14.263.687/0001-62""]","[""38302-048""]","[""AV. ARTUR JUNQUEIRA DE ALMEIDA, 202 – PROGRESSO, Ituiutaba/MG""]",-18.9772,-49.4639,,,municipality,Ituiutaba/MG,True
254,3138203,Lavras,LAVRAS,MG,Nome da empresa: ELETRO FITNESS (PAULO SERGIO RESENDE),Minas Gerais LAVRAS,"Minas Gerais LAVRAS

Nome da empresa: ELETRO FITNESS (PAULO SERGIO RESENDE)

Telefone:  32 3822-3886 / 98403-3240 PAULO

E-mail: contato.eletrofitness@gmail.com

End: RUA COMTE SOARES JUNIOR, 150 A - ARTHUR BERNARDES

CEP: 37205-034 LAVRAS - MG",NORMAL,,"RUA COMTE SOARES JUNIOR, 150 A - ARTHUR BERNARDES, Lavras/MG",,37205-034,,"[""32 3822-3886"",""98403-3240""]","[""contato.eletrofitness@gmail.com""]",[],"[""37205-034""]","[""RUA COMTE SOARES JUNIOR, 150 A - ARTHUR BERNARDES, Lavras/MG""]",-21.248,-45.0009,,,municipality,Lavras/MG,True
255,3138203,Lavras,LAVRAS,MG,MICHELL AP. DE SOUZA COELHO - AL MAQUINAS,Minas Gerais LAVRAS,"Minas Gerais LAVRAS

MICHELL AP. DE SOUZA COELHO - AL MAQUINAS

CNPJ: 32.582.313/0001-91

alexandremateuscoelho05@gmail.com

35 98803-6501 ALEXANDRE

RUA BERNARDO DIAS, 12 – VILA JOAQUIM SALES

CEP: 37200-000 LAVRAS – MG",NORMAL,,"RUA BERNARDO DIAS, 12 – VILA JOAQUIM SALES, Lavras/MG",,37200-000,,"[""35 98803-6501""]","[""alexandremateuscoelho05@gmail.com""]","[""32.582.313/0001-91""]","[""37200-000""]","[""RUA BERNARDO DIAS, 12 – VILA JOAQUIM SALES, Lavras/MG""]",-21.248,-45.0009,,,municipality,Lavras/MG,True
256,3163706,São Lourenço,SAO LOURENCO,MG,Nome da empresa: ELETROTECNICA SAO LOURENCO LTDA,Minas Gerais SÃO LOURENÇO,"Minas Gerais SÃO LOURENÇO

Nome da empresa: ELETROTECNICA SAO LOURENCO LTDA

CNPJ: 21.869.895/0001-75

Telefone:  35 3332-2466 / 35 3332-8570 Roberta

35 98869-0853

E-mail: contato@eletrotecnicasl.com.br

End: Rua Doutor Ribeiro da Luz n 50",NORMAL,,"Rua Doutor Ribeiro da Luz n 50, São Lourenço/MG",,,,"[""35 3332-2466"",""35 3332-8570"",""35 98869-0853""]","[""contato@eletrotecnicasl.com.br""]","[""21.869.895/0001-75""]",[],"[""Rua Doutor Ribeiro da Luz n 50, São Lourenço/MG""]",-22.1166,-45.0506,,,municipality,São Lourenço/MG,True
257,3134202,Ituiutaba,ITUIUTABA,MG,Nome da empresa: GOES & SOUZA LTDA - ME,Minas Gerais ITUIUTABA,"Minas Gerais ITUIUTABA

Nome da empresa: GOES & SOUZA LTDA - ME

Telefone: 34 32682526 / 99668-0135

E-mail: goesesouza@hotmail.com

End: Rua José João Dib n 1190",NORMAL,,"Rua José João Dib n 1190, Ituiutaba/MG",,,,"[""34 32682526"",""99668-0135""]","[""goesesouza@hotmail.com""]",[],[],"[""Rua José João Dib n 1190, Ituiutaba/MG""]",-18.9772,-49.4639,,,municipality,Ituiutaba/MG,True
258,3152808,Prata,PRATA,MG,Nome da empresa: BRUNO DE ALMEIDA MAMEDE (MINAS ELETROMOTORES),Minas Gerais PRATA,"Minas Gerais PRATA

Nome da empresa: BRUNO DE ALMEIDA MAMEDE (MINAS ELETROMOTORES)

CNPJ: 12.470.319/0001-60

Telefone: 34 3431-3689 / 99679-9174

E-mail: bruno.meca@gmail.com / minaseletromotores@gmail.com

End: Rua São Paulo, 416 – Edna

Prata – MG CEP.: 38140-000",NORMAL,,"Rua São Paulo, 416 – Edna, Prata/MG",,38140-000,,"[""34 3431-3689"",""99679-9174""]","[""bruno.meca@gmail.com"",""minaseletromotores@gmail.com""]","[""12.470.319/0001-60""]","[""38140-000""]","[""Rua São Paulo, 416 – Edna, Prata/MG""]",-19.3086,-48.9276,,,municipality,Prata/MG,True
259,3115300,Cataguases,CATAGUASES,MG,Nome da empresa: R M ENROL. DE MOTORES ELETR. LTDA - ME,Minas Gerais CATAGUASES,"Minas Gerais CATAGUASES

Nome da empresa: R M ENROL. DE MOTORES ELETR. LTDA - ME

Telefone: 32 34215083

E-mail: rm_motores@hotmail.com

End: Av Genserico Gomes Oliveira n 679 CEP: 36772451 Bairro: Dico Leite",NORMAL,,"Av Genserico Gomes Oliveira n 679 CEP: 36772451 Bairro: Dico Leite, Cataguases/MG",,36772451,,"[""32 34215083""]","[""rm_motores@hotmail.com""]",[],"[""36772451""]","[""Av Genserico Gomes Oliveira n 679 CEP: 36772451 Bairro: Dico Leite, Cataguases/MG""]",-21.3924,-42.6896,,,municipality,Cataguases/MG,True
260,3115300,Cataguases,CATAGUASES,MG,CTU MAQUINAS E ACESSORIOS LTDA – NÃO EMITE NOTA DE SERVIÇO,Minas Gerais CATAGUASES,"Minas Gerais CATAGUASES

CTU MAQUINAS E ACESSORIOS LTDA – NÃO EMITE NOTA DE SERVIÇO

CNPJ: 10.580.135/0001-27

E-MAIL: missias_precisao@hotmail.com

32 99803-6965 PEDRO

RUA ANTERO RIBEIRO, 300 – POPULAR",CONSULTAR_ANTES,NAO EMITE NOTA,"RUA ANTERO RIBEIRO, 300 – POPULAR, Cataguases/MG",,,,"[""32 99803-6965""]","[""missias_precisao@hotmail.com""]","[""10.580.135/0001-27""]",[],"[""RUA ANTERO RIBEIRO, 300 – POPULAR, Cataguases/MG""]",-21.3924,-42.6896,,,municipality,Cataguases/MG,True
261,3137205,Lagoa da Prata,LAGOA DA PRATA,MG,RICARDO MOTORES LTDA,Minas Gerais LAGOA DA PRATA,"Minas Gerais LAGOA DA PRATA

RICARDO MOTORES LTDA

TELEFONE: 37 99949-0565

E-MAIL: ricardoeletricamotores@gmail.com

RUA FRANCISCO SILVEIRA, 1990 – MARILIA",NORMAL,,"RUA FRANCISCO SILVEIRA, 1990 – MARILIA, Lagoa da Prata/MG",,,,"[""37 99949-0565""]","[""ricardoeletricamotores@gmail.com""]",[],[],"[""RUA FRANCISCO SILVEIRA, 1990 – MARILIA, Lagoa da Prata/MG""]",-20.0237,-45.5401,,,municipality,Lagoa da Prata/MG,True
262,3137205,Lagoa da Prata,LAGOA DA PRATA,MG,Nome da empresa: ELETROMAQ REFRIGERAÇÃO,Minas Gerais LAGOA DA PRATA,"Minas Gerais LAGOA DA PRATA

Nome da empresa: ELETROMAQ REFRIGERAÇÃO

GEOVANE BERNARDES DOS SANTOS 09937354609

Telefone:37 32616317

E-mail: geovanebernardes@hotmail.com

End: Av. Bela Vista, Nº 1011 - Chico Miranda, Lagoa da Prata - MG, 35592-018",NORMAL,,"Av. Bela Vista, Nº 1011 - Chico Miranda, Lagoa da Prata - MG, 35592-018",,35592-018,,"[""37 32616317""]","[""geovanebernardes@hotmail.com""]",[],"[""35592-018""]","[""Av. Bela Vista, Nº 1011 - Chico Miranda, Lagoa da Prata - MG, 35592-018""]",-20.0237,-45.5401,,,municipality,Lagoa da Prata/MG,True
263,3105608,Barbacena,BARBACENA,MG,JULIANA SANTAROSA CAPUANO DE MELLO,Minas Gerais BARBACENA,"Minas Gerais BARBACENA

JULIANA SANTAROSA CAPUANO DE MELLO

CNPJ: 42.057.070/0001-26

ju.santarosa@hotmail.com

32 98446-5038 RAFAEL

RUA IRIS REZENDE DE ALMEIDA, 435 – BOA MORTE

CEP: 36200-169 BARBACENA – MG",NORMAL,,"RUA IRIS REZENDE DE ALMEIDA, 435 – BOA MORTE, Barbacena/MG",,36200-169,,"[""32 98446-5038""]","[""ju.santarosa@hotmail.com""]","[""42.057.070/0001-26""]","[""36200-169""]","[""RUA IRIS REZENDE DE ALMEIDA, 435 – BOA MORTE, Barbacena/MG""]",-21.2214,-43.7703,,,municipality,Barbacena/MG,True
264,3105608,Barbacena,BARBACENA,MG,Nome da empresa: CONRADO MAQ. EQUIP. ESCR. LTDA,Minas Gerais BARBACENA,"Minas Gerais BARBACENA

Nome da empresa: CONRADO MAQ. EQUIP. ESCR. LTDA

Telefone:  32 33312177

E-mail: conradomaquinas@barbacena.com.br

End: Rua Silva Jardim N 376 A  Boa Morte  CEP: 36201004",NORMAL,,"Rua Silva Jardim N 376 A Boa Morte CEP: 36201004, Barbacena/MG",,36201004,,"[""32 33312177""]","[""conradomaquinas@barbacena.com.br""]",[],"[""36201004""]","[""Rua Silva Jardim N 376 A Boa Morte CEP: 36201004, Barbacena/MG""]",-21.2214,-43.7703,,,municipality,Barbacena/MG,True
265,3105608,Barbacena,BARBACENA,MG,Nome da empresa: RODRIGO COELHO CONDE (RC CONSERTOS),Minas Gerais BARBACENA,"Minas Gerais BARBACENA

Nome da empresa: RODRIGO COELHO CONDE (RC CONSERTOS)

CNPJ: 18.322.003/0001-07

Telefone: (32) 98843-0329 ou (32) 98474-8021

E-mail: rodrigocoelhoc@hotmail.com

End:",NORMAL,,,,,,"[""(32) 98843-0329"",""(32) 98474-8021""]","[""rodrigocoelhoc@hotmail.com""]","[""18.322.003/0001-07""]",[],[],-21.2214,-43.7703,,,municipality,Barbacena/MG,True
266,3128709,Guaxupé,GUAXUPE,MG,Nome da empresa: R M MAQUINAS LTDA. -ME,Minas Gerais GUAXUPÉ,"Minas Gerais GUAXUPÉ

Nome da empresa: R M MAQUINAS LTDA. -ME

Telefone:  35 35512233 / 35 991910421

E-mail: casadasmaquinasgx@hotmail.com",NORMAL,,,,,,"[""35 35512233"",""35 991910421""]","[""casadasmaquinasgx@hotmail.com""]",[],[],[],-21.305,-46.7081,,,municipality,Guaxupé/MG,True
267,3154606,Ribeirão das Neves,RIBEIRAO DAS NEVES,MG,Nome da empresa: MUNDO DAS BALANÇAS,Minas Gerais RIBEIRÃO DAS NEVES,"Minas Gerais RIBEIRÃO DAS NEVES

Nome da empresa:  MUNDO DAS BALANÇAS

Telefone: 31 36385668 / 31 34533758/ 996558525

E-mail: mundodasbalancasmg@gmail.com

End: R. Carmelito Moreira dos Reis, 274 - Kátia (Justinópolis), Ribeirão das Neves - MG, CEP: 33935-490",NORMAL,,"R. Carmelito Moreira dos Reis, 274 - Kátia (Justinópolis), Ribeirão das Neves - MG, CEP: 33935-490",,33935-490,,"[""31 36385668"",""31 34533758"",""996558525""]","[""mundodasbalancasmg@gmail.com""]",[],"[""33935-490""]","[""R. Carmelito Moreira dos Reis, 274 - Kátia (Justinópolis), Ribeirão das Neves - MG, CEP: 33935-490""]",-19.7621,-44.0844,,,municipality,Ribeirão das Neves/MG,True
268,3137205,Lagoa da Prata,LAGOA DA PRATA,MG,Nome da empresa: LAGOA MONTAGEM LTDA - ME,Minas Gerais LAGOA DA PRATA,"Minas Gerais LAGOA DA PRATA

Nome da empresa: LAGOA MONTAGEM LTDA - ME

Telefone: 37 32613303 / 37 32613411

E-mail:  contato@lagoamontagem.com.br

End: Av. Brasil, 1406 - Lagoa da Prata, MG, 35590-000",NORMAL,,"Av. Brasil, 1406 - Lagoa da Prata, MG, 35590-000",,35590-000,,"[""37 32613303"",""37 32613411""]","[""contato@lagoamontagem.com.br""]",[],"[""35590-000""]","[""Av. Brasil, 1406 - Lagoa da Prata, MG, 35590-000""]",-20.0237,-45.5401,,,municipality,Lagoa da Prata/MG,True
269,3170107,Uberaba,UBERABA,MG,DALMI GOMES BARBOSA (DALMAQ BALANÇAS),Minas Gerais UBERABA,"Minas Gerais UBERABA

DALMI GOMES BARBOSA (DALMAQ BALANÇAS)

CNPJ:04.964.646/0001-40

Telefone: 34 99176-7710

E-mail: sac@dalmaqbalancas.com

End: ** **R. Conceição das Alagoas, 1040 - São Benedito, Uberaba - MG, 38022-080** **",NORMAL,,"** **R. Conceição das Alagoas, 1040 - São Benedito, Uberaba - MG, 38022-080",,38022-080,,"[""34 99176-7710""]","[""sac@dalmaqbalancas.com""]","[""04.964.646/0001-40""]","[""38022-080""]","[""** **R. Conceição das Alagoas, 1040 - São Benedito, Uberaba - MG, 38022-080""]",-19.7472,-47.9381,,,municipality,Uberaba/MG,True
270,3170107,Uberaba,UBERABA,MG,Nome da empresa: ELETRO MEDEIROS LTDA - ME,Minas Gerais UBERABA,"Minas Gerais UBERABA

Nome da empresa: ELETRO MEDEIROS LTDA - ME

Telefone: 34 33216076 / 34 988637425/ 999126076

E-mail: eletromedeiros2@hotmail.com

End:",NORMAL,,,,,,"[""34 33216076"",""34 988637425"",""999126076""]","[""eletromedeiros2@hotmail.com""]",[],[],[],-19.7472,-47.9381,,,municipality,Uberaba/MG,True
271,3143906,Muriaé,MURIAE,MG,J M BAL. PECAS MURIAE LTDA,Minas Gerais MURIAÉ,"Minas Gerais MURIAÉ

J M BAL. PECAS MURIAE LTDA

CNPJ: 04.230.943/0001-61

Telefone: 32 37214870

E-mail: jmbalancasmuriae@gmail.com

End: Rua Marechal Floriano, 40 - Muriaé, Barra - MG, CEP: 36884-113",NORMAL,,"Rua Marechal Floriano, 40 - Muriaé, Barra - MG, CEP: 36884-113",,36884-113,,"[""32 37214870""]","[""jmbalancasmuriae@gmail.com""]","[""04.230.943/0001-61""]","[""36884-113""]","[""Rua Marechal Floriano, 40 - Muriaé, Barra - MG, CEP: 36884-113""]",-21.13,-42.3693,,,municipality,Muriaé/MG,True
272,3106200,Belo Horizonte,BELO HORIZONTE,MG,Nome da empresa: POLI PECAS ASSIST. TECN. LTDA.,Minas Gerais BELO HORIZONTE,"Minas Gerais BELO HORIZONTE

Nome da empresa: POLI PECAS ASSIST. TECN. LTDA.

CNPJ: 05.750.227/0001-78

Telefone:  31 32123705/ 994772964 / 993776456 / 994382588

E-mail: polipecasbh@gmail.com

End: R. Mato Grosso, 250 - Barro Preto, Belo Horizonte - MG, 30190-080",NORMAL,,"R. Mato Grosso, 250 - Barro Preto, Belo Horizonte - MG, 30190-080",,30190-080,,"[""31 32123705"",""994772964"",""993776456"",""994382588""]","[""polipecasbh@gmail.com""]","[""05.750.227/0001-78""]","[""30190-080""]","[""R. Mato Grosso, 250 - Barro Preto, Belo Horizonte - MG, 30190-080""]",-19.9102,-43.9266,,,municipality,Belo Horizonte/MG,True
273,3106200,Belo Horizonte,BELO HORIZONTE,MG,Nome da empresa: MG MAQUINAS E INSTALACAO COML. LTDA,Minas Gerais BELO HORIZONTE,"Minas Gerais BELO HORIZONTE

Nome da empresa: MG MAQUINAS E INSTALACAO COML. LTDA

Telefone:  31 34120849

E-mail: mgmaquinas@mgmaquinasbh.com.br

End: Av. Dom Pedro II, 2386 - Carlos Prates, Belo Horizonte - MG, CEP: 30710-010",NORMAL,,"Av. Dom Pedro II, 2386 - Carlos Prates, Belo Horizonte - MG, CEP: 30710-010",,30710-010,,"[""31 34120849""]","[""mgmaquinas@mgmaquinasbh.com.br""]",[],"[""30710-010""]","[""Av. Dom Pedro II, 2386 - Carlos Prates, Belo Horizonte - MG, CEP: 30710-010""]",-19.9102,-43.9266,,,municipality,Belo Horizonte/MG,True
274,3106200,Belo Horizonte,BELO HORIZONTE,MG,Nome da empresa: CRISPIM MAQUINAS E BALANCAS LTDA,Minas Gerais BELO HORIZONTE,"Minas Gerais BELO HORIZONTE

Nome da empresa: CRISPIM MAQUINAS E BALANCAS LTDA

CNPJ: 04.098.375/0001-97

Telefone: 31 32017004 / 31 986846723

E-mail: elisangela@crispimbalancas.com.br

End: Av. Bias Fortes, 1606 - Barro Preto, Belo Horizonte - MG, CEP: 30170-012",NORMAL,,"Av. Bias Fortes, 1606 - Barro Preto, Belo Horizonte - MG, CEP: 30170-012",,30170-012,,"[""31 32017004"",""31 986846723""]","[""elisangela@crispimbalancas.com.br""]","[""04.098.375/0001-97""]","[""30170-012""]","[""Av. Bias Fortes, 1606 - Barro Preto, Belo Horizonte - MG, CEP: 30170-012""]",-19.9102,-43.9266,,,municipality,Belo Horizonte/MG,True
275,3106200,Belo Horizonte,BELO HORIZONTE,MG,Nome da empresa: COMERCIAL FIEL LTDA,Minas Gerais BELO HORIZONTE,"Minas Gerais BELO HORIZONTE

Nome da empresa:  COMERCIAL FIEL LTDA

Telefone: 31 3224-2343 / 31 99663034

E-mail: comercialfielltda2@gmail.com

End: Avenida Arthur Bernardes, Bairro, 210 - Vila Paris, Belo Horizonte - MG, Cep: 30380-752",NORMAL,,"Avenida Arthur Bernardes, Bairro, 210 - Vila Paris, Belo Horizonte - MG, Cep: 30380-752",,30380-752,,"[""31 3224-2343"",""31 99663034""]","[""comercialfielltda2@gmail.com""]",[],"[""30380-752""]","[""Avenida Arthur Bernardes, Bairro, 210 - Vila Paris, Belo Horizonte - MG, Cep: 30380-752""]",-19.9102,-43.9266,,,municipality,Belo Horizonte/MG,True
276,3143104,Monte Carmelo,MONTE CARMELO,MG,26.527.646** **LUIZ ANTONIO PIRES PINTO – PANTERA MAQUINAS,Minas Gerais MONTE CARMELO,"Minas Gerais MONTE CARMELO

26.527.646** **LUIZ ANTONIO PIRES PINTO – PANTERA MAQUINAS

CNPJ: 26.527.646/0001-15

luizpanthera@hotmail.com

34 99981-5698 LUIZ

RUA 1, 210 B ESQUINA COM RUA ARAGUAI – JD IPIRANGA II

CEP: 38500-000 MONTE CARMELO – MG",NORMAL,,"RUA 1, 210 B ESQUINA COM RUA ARAGUAI – JD IPIRANGA II, Monte Carmelo/MG",,38500-000,,"[""34 99981-5698""]","[""luizpanthera@hotmail.com""]","[""26.527.646/0001-15""]","[""38500-000""]","[""RUA 1, 210 B ESQUINA COM RUA ARAGUAI – JD IPIRANGA II, Monte Carmelo/MG""]",-18.7302,-47.4912,,,municipality,Monte Carmelo/MG,True
277,3143302,Montes Claros,MONTES CLAROS,MG,JOAO PAULO SOUSA RAMOS (JOPEB MONTES CLAROS),Minas Gerais MONTES CLAROS,"Minas Gerais MONTES CLAROS

JOAO PAULO SOUSA RAMOS (JOPEB MONTES CLAROS)

CNPJ: 39.769.972/0001-80

assistenciamoc@jopeb.com.br

FONE: 38 99939-4051 / 98825-8914 JOÃO PAULO

RUA POLONIA, 75 – INDEPENDENCIA

CEP.: 39404-386 MONTES CLAROS – MG",NORMAL,,"RUA POLONIA, 75 – INDEPENDENCIA, Montes Claros/MG",,39404-386,,"[""38 99939-4051"",""98825-8914""]","[""assistenciamoc@jopeb.com.br""]","[""39.769.972/0001-80""]","[""39404-386""]","[""RUA POLONIA, 75 – INDEPENDENCIA, Montes Claros/MG""]",-16.7282,-43.8578,,,municipality,Montes Claros/MG,True
278,3143302,Montes Claros,MONTES CLAROS,MG,Nome da empresa: G & M ASSISTENCIA TECNICA EM INF. LTDA,Minas Gerais MONTES CLAROS,"Minas Gerais MONTES CLAROS

Nome da empresa: G & M ASSISTENCIA TECNICA EM INF. LTDA

Telefone:  38 32167750 / 38 32018146

E-mail: asmoc@astecmg.com.br

End: Av.  Deputado Esteves Rodrigues, 650 - Centro - Montes Claros / MG",NORMAL,,"Av. Deputado Esteves Rodrigues, 650 - Centro - Montes Claros / MG",,,,"[""38 32167750"",""38 32018146""]","[""asmoc@astecmg.com.br""]",[],[],"[""Av. Deputado Esteves Rodrigues, 650 - Centro - Montes Claros / MG""]",-16.7282,-43.8578,,,municipality,Montes Claros/MG,True
279,3143302,Montes Claros,MONTES CLAROS,MG,REIS E GUEDES CRIAÇÕES (ELETRIC EXPRESS),Minas Gerais MONTES CLAROS,"Minas Gerais MONTES CLAROS

REIS E GUEDES CRIAÇÕES (ELETRIC EXPRESS)

CASSIO DANIEL DOS REIS ALMEIDA

eletricexpress@hotmail.com

38 99979-0721 CASSIO

RUA LUIZ SOUZA GUEDES, 94 B – CENTRO",NORMAL,,"RUA LUIZ SOUZA GUEDES, 94 B – CENTRO, Montes Claros/MG",,,,"[""38 99979-0721""]","[""eletricexpress@hotmail.com""]",[],[],"[""RUA LUIZ SOUZA GUEDES, 94 B – CENTRO, Montes Claros/MG""]",-16.7282,-43.8578,,,municipality,Montes Claros/MG,True
280,3151800,Poços de Caldas,POCOS DE CALDAS,MG,Nome da empresa: TECNAT COM. E SERV. TECNICOS EM EQUIP. LTDA ME,Minas Gerais POÇOS DE CALDAS,"Minas Gerais POÇOS DE CALDAS

Nome da empresa: TECNAT COM. E SERV. TECNICOS EM EQUIP. LTDA ME

Telefone: 35 37135896 / 35 988638510

E-mail: natafdl@hotmail.com assistencia@tecnattc.com.br",NORMAL,,,,,,"[""35 37135896"",""35 988638510""]","[""natafdl@hotmail.com"",""assistencia@tecnattc.com.br""]",[],[],[],-21.78,-46.5692,,,municipality,Poços de Caldas/MG,True
281,3151800,Poços de Caldas,POCOS DE CALDAS,MG,MKM SERVIÇOS DE AUTOMAÇÃO ELETRICA E MECANICA LTDA,Minas Gerais POÇOS DE CALDAS,"Minas Gerais POÇOS DE CALDAS

MKM SERVIÇOS DE AUTOMAÇÃO ELETRICA E MECANICA LTDA

CNPJ: 19.315.351/0001-10

mkmservicosdeautomacao@gmail.com

35 99102-8334 MARCO AURELIO

AV. JOSE REMIGIO PREZIA, 1351 – JD SANTA ROSALIA

CEP: 37704-580 POÇOS DE CALDAS – MG",NORMAL,,"AV. JOSE REMIGIO PREZIA, 1351 – JD SANTA ROSALIA, Poços de Caldas/MG",,37704-580,,"[""35 99102-8334""]","[""mkmservicosdeautomacao@gmail.com""]","[""19.315.351/0001-10""]","[""37704-580""]","[""AV. JOSE REMIGIO PREZIA, 1351 – JD SANTA ROSALIA, Poços de Caldas/MG""]",-21.78,-46.5692,,,municipality,Poços de Caldas/MG,True
282,3151800,Poços de Caldas,POCOS DE CALDAS,MG,COML. FRIGEL LTDA,Minas Gerais POÇOS DE CALDAS,"Minas Gerais POÇOS DE CALDAS

COML. FRIGEL LTDA

CNPJ: 26.004.218/0001-08

Telefone: 35 37291666 / 34221360/ 997298977 Marcio Silveira / Tadeu

E-mail: rodolfo@comercialfrigel.com.br

End : Av. José Remígio Prezia, 1417 - Jardim Santa Rosalia, Poços de Caldas - MG, 37704-580",NORMAL,,"Av. José Remígio Prezia, 1417 - Jardim Santa Rosalia, Poços de Caldas - MG, 37704-580",,37704-580,,"[""35 37291666"",""34221360"",""997298977""]","[""rodolfo@comercialfrigel.com.br""]","[""26.004.218/0001-08""]","[""37704-580""]","[""Av. José Remígio Prezia, 1417 - Jardim Santa Rosalia, Poços de Caldas - MG, 37704-580""]",-21.78,-46.5692,,,municipality,Poços de Caldas/MG,True
283,3151800,Poços de Caldas,POCOS DE CALDAS,MG,Nome da empresa: H.A.D. INSTALACOES COMERCIAIS LTDA - DIMAQ,Minas Gerais POÇOS DE CALDAS,"Minas Gerais POÇOS DE CALDAS

Nome da empresa: H.A.D. INSTALACOES COMERCIAIS LTDA - DIMAQ

CNPJ: 19.720.531/0001-87

Telefone: 35 37222301 / 35 998029053 / 35 99802-5253 Lucas

E-mail: henrique@dimaqequipamentos.com.br /  lucas@dimaqequipamentos.com.br

End: Rua. Vereador João de Siqueira Loiola n 255 Bairro: Jardim Campos Elisios Cep:37706029",NORMAL,,"Rua. Vereador João de Siqueira Loiola n 255 Bairro: Jardim Campos Elisios Cep:37706029, Poços de Caldas/MG",,37706029,,"[""35 37222301"",""35 998029053"",""35 99802-5253""]","[""henrique@dimaqequipamentos.com.br"",""lucas@dimaqequipamentos.com.br""]","[""19.720.531/0001-87""]","[""37706029""]","[""Rua. Vereador João de Siqueira Loiola n 255 Bairro: Jardim Campos Elisios Cep:37706029, Poços de Caldas/MG""]",-21.78,-46.5692,,,municipality,Poços de Caldas/MG,True
284,3151800,Poços de Caldas,POCOS DE CALDAS,MG,DIAS TRANSPORTES E SERVIÇOS LTDA - DIMAQ,Minas Gerais POÇOS DE CALDAS,"Minas Gerais POÇOS DE CALDAS

DIAS TRANSPORTES E SERVIÇOS LTDA  - DIMAQ

CNPJ: 17.217.182/0001-50

documentos@dimaqequipamentos.com.br

35 9802-2253

RUA MARECHAL DEODORO, 493 – CENTRO

CEP: 37701-014 POÇOS DE CALDAS - MG",NORMAL,,"RUA MARECHAL DEODORO, 493 – CENTRO, Poços de Caldas/MG",,37701-014,,"[""35 9802-2253""]","[""documentos@dimaqequipamentos.com.br""]","[""17.217.182/0001-50""]","[""37701-014""]","[""RUA MARECHAL DEODORO, 493 – CENTRO, Poços de Caldas/MG""]",-21.78,-46.5692,,,municipality,Poços de Caldas/MG,True
285,3122306,Divinópolis,DIVINOPOLIS,MG,MARIA APARECIDA DA FONSECA - CF MAQUINAS MANUTENCAO,Minas Gerais DIVINÓPOLIS,"Minas Gerais DIVINÓPOLIS

MARIA APARECIDA DA FONSECA - CF MAQUINAS MANUTENCAO

CNPJ: 13.240.315/0001-58

Telefone: 37 3222-2481/ 37 98804-9143

E-mail: cfmaquinasltda@gmail.com

RUA MINAS GERAIS, 1246 CENTRO

CEP: 35500-007 DIVINÓPOLIS - MG",NORMAL,,"RUA MINAS GERAIS, 1246 CENTRO, Divinópolis/MG",,35500-007,,"[""37 3222-2481"",""37 98804-9143""]","[""cfmaquinasltda@gmail.com""]","[""13.240.315/0001-58""]","[""35500-007""]","[""RUA MINAS GERAIS, 1246 CENTRO, Divinópolis/MG""]",-20.1446,-44.8912,,,municipality,Divinópolis/MG,True
286,3122306,Divinópolis,DIVINOPOLIS,MG,MARCOS ANTONIO VILELA (EIKMON COMERCIO),Minas Gerais DIVINÓPOLIS,"Minas Gerais DIVINÓPOLIS

MARCOS ANTONIO VILELA (EIKMON COMERCIO)

CNPJ: 17.487.628/0001-66

Telefone: 37 32155570 / 37 988190456

E-mail: eikmonmaquinas@hotmail.com

End: Rua Amilto Gregore de Sousa n 121 Bairro Floresta",NORMAL,,"Rua Amilto Gregore de Sousa n 121 Bairro Floresta, Divinópolis/MG",,,,"[""37 32155570"",""37 988190456""]","[""eikmonmaquinas@hotmail.com""]","[""17.487.628/0001-66""]",[],"[""Rua Amilto Gregore de Sousa n 121 Bairro Floresta, Divinópolis/MG""]",-20.1446,-44.8912,,,municipality,Divinópolis/MG,True
287,3122306,Divinópolis,DIVINOPOLIS,MG,MAIA GODOI COMERCIO E SERVICOS LTDA,"Minas Gerais DIVINÓPOLIS - ASSISTENCIA DA BERMAR, VERIFICAR SE ATENDE CAF","Minas Gerais DIVINÓPOLIS - ASSISTENCIA DA BERMAR, VERIFICAR SE ATENDE CAF

MAIA GODOI COMERCIO E SERVICOS LTDA

RICARDO

(37) 3027-6984/(37) 99140-3013

AVENIDA PARANA, 134 - CATALÃO, DIVINOPOLIS, MINAS GERAIS, 35501-168, BRASIL",CONSULTAR_ANTES,VERIFICAR,"AVENIDA PARANA, 134 - CATALÃO, DIVINOPOLIS, MINAS GERAIS, 35501-168, BRASIL/MG",,35501-168,,"[""(37) 3027-6984"",""(37) 99140-3013""]",[],[],"[""35501-168""]","[""AVENIDA PARANA, 134 - CATALÃO, DIVINOPOLIS, MINAS GERAIS, 35501-168, BRASIL/MG""]",-20.1446,-44.8912,,,municipality,Divinópolis/MG,True
288,3152501,Pouso Alegre,POUSO ALEGRE,MG,BALANÇAS POUSO ALEGRE LTDA,Minas Gerais POUSO ALEGRE,"Minas Gerais POUSO ALEGRE

BALANÇAS POUSO ALEGRE LTDA

CNPJ: 24.449.203/0001-28

35 99717-2277

RUA LUIZ BARBATO, 24 ARISTEU DA COSTA RIOS

CEP: 37558-467 POUSO ALEGRE – MG",NORMAL,,"RUA LUIZ BARBATO, 24 ARISTEU DA COSTA RIOS, Pouso Alegre/MG",,37558-467,,"[""35 99717-2277""]",[],"[""24.449.203/0001-28""]","[""37558-467""]","[""RUA LUIZ BARBATO, 24 ARISTEU DA COSTA RIOS, Pouso Alegre/MG""]",-22.2266,-45.9389,,,municipality,Pouso Alegre/MG,True
289,3152501,Pouso Alegre,POUSO ALEGRE,MG,SESSA BALANCAS E SERVICOS LTDA (FILITEC BALANCAS PA),Minas Gerais POUSO ALEGRE,"Minas Gerais POUSO ALEGRE

SESSA BALANCAS E SERVICOS LTDA (FILITEC BALANCAS PA)

CNPJ: 20.220.961/0001-19

CONTATO: (35) 99717-2277 – JESSICA

RUA LUIZ BARBATO, 24, ARISTEU DA COSTA RIOS - CEP: 37.558-466",NORMAL,,"RUA LUIZ BARBATO, 24, ARISTEU DA COSTA RIOS - CEP: 37.558-466, Pouso Alegre/MG",,37.558-466,,"[""(35) 99717-2277""]",[],"[""20.220.961/0001-19""]","[""37.558-466""]","[""RUA LUIZ BARBATO, 24, ARISTEU DA COSTA RIOS - CEP: 37.558-466, Pouso Alegre/MG""]",-22.2266,-45.9389,,,municipality,Pouso Alegre/MG,True
290,3152501,Pouso Alegre,POUSO ALEGRE,MG,Nome da empresa: GILBERTO BENEDITO PEREIRA - ME,Minas Gerais POUSO ALEGRE,"Minas Gerais POUSO ALEGRE

Nome da empresa: GILBERTO BENEDITO PEREIRA - ME

Telefone: 35 34234482 / 35 988611170

E-mail: minasul2@hotmail.com

End:",NORMAL,,,,,,"[""35 34234482"",""35 988611170""]","[""minasul2@hotmail.com""]",[],[],[],-22.2266,-45.9389,,,municipality,Pouso Alegre/MG,True
291,3152501,Pouso Alegre,POUSO ALEGRE,MG,JACQUELINE DANDARA OLIVEIRA DA SILVA (J.W.MANUTENÇÃO),Minas Gerais POUSO ALEGRE,"Minas Gerais POUSO ALEGRE

JACQUELINE DANDARA OLIVEIRA DA SILVA (J.W.MANUTENÇÃO)

CNPJ: 22.237.821/0001-89

jacquelinedandara@hotmail.com

TELEFONE: 35 99856-3158

RUA CANDIDO SILVERIO DOS REIS, 45 – SÃO GERALDO

CEP: 37550-162 – POUSO ALEGRE",NORMAL,,"RUA CANDIDO SILVERIO DOS REIS, 45 – SÃO GERALDO, Pouso Alegre/MG",,37550-162,,"[""35 99856-3158""]","[""jacquelinedandara@hotmail.com""]","[""22.237.821/0001-89""]","[""37550-162""]","[""RUA CANDIDO SILVERIO DOS REIS, 45 – SÃO GERALDO, Pouso Alegre/MG""]",-22.2266,-45.9389,,,municipality,Pouso Alegre/MG,True
292,3148103,Patrocínio,PATROCINIO,MG,Nome da empresa: ELETROMECANICA PATROCINIO LTDA,Minas Gerais PATROCÍNIO,"Minas Gerais PATROCÍNIO

Nome da empresa: ELETROMECANICA PATROCINIO LTDA

CNPJ: 19.570.076/0001-80

Telefone: 34 38311445 / 34 38912000 /  34 98828-9217

E-mail: eletromecanicaptc@hotmail.com",NORMAL,,,,,,"[""34 38311445"",""34 38912000"",""34 98828-9217""]","[""eletromecanicaptc@hotmail.com""]","[""19.570.076/0001-80""]",[],[],-18.9379,-46.9934,,,municipality,Patrocínio/MG,True
293,3147907,Passos,PASSOS,MG,LIRIOS PACK EMPREEND. COMERCIAIS LTDA – CANYONS BALANCAS,Minas Gerais PASSOS,"Minas Gerais PASSOS

LIRIOS PACK EMPREEND. COMERCIAIS LTDA – CANYONS BALANCAS

CNPJ: 39.759.156/0001-96

pszezim@yahoo.com.br

35 99110-6961 ZEZINHO 35 99982-7361

RUA GLORIA, 130 – SÃO BENEDITO

CEP: 37900-200 PASSOS – MG",NORMAL,,"RUA GLORIA, 130 – SÃO BENEDITO, Passos/MG",,37900-200,,"[""35 99110-6961"",""35 99982-7361""]","[""pszezim@yahoo.com.br""]","[""39.759.156/0001-96""]","[""37900-200""]","[""RUA GLORIA, 130 – SÃO BENEDITO, Passos/MG""]",-20.7193,-46.609,,,municipality,Passos/MG,True
294,3147907,Passos,PASSOS,MG,Nome da empresa: BALANCAS PASSOS LTDA,Minas Gerais PASSOS,"Minas Gerais PASSOS

Nome da empresa: BALANCAS PASSOS LTDA

Telefone: 35 3526-8972 / 99944-1767 FLAVIO

E-mail: balancaspassos@gmail.com

End: Av. Comendador Francisco Avelino Maia, 1382 - Canjeranus, Passos - MG, 37900-00",NORMAL,,"Av. Comendador Francisco Avelino Maia, 1382 - Canjeranus, Passos - MG, 37900-00",,,,"[""35 3526-8972"",""99944-1767""]","[""balancaspassos@gmail.com""]",[],[],"[""Av. Comendador Francisco Avelino Maia, 1382 - Canjeranus, Passos - MG, 37900-00""]",-20.7193,-46.609,,,municipality,Passos/MG,True
295,3147907,Passos,PASSOS,MG,Nome da empresa: IVAN APARECIDO DE ALMEIDA -ME,Minas Gerais PASSOS,"Minas Gerais PASSOS

Nome da empresa:  IVAN APARECIDO DE ALMEIDA -ME

REAL MAQUINAS

Telefone:  35 35225042 / 35 999075152

E-mail: realmaquinaspassos@outlook.com

End:",NORMAL,,,,,,"[""35 35225042"",""35 999075152""]","[""realmaquinaspassos@outlook.com""]",[],[],[],-20.7193,-46.609,,,municipality,Passos/MG,True
296,3152105,Ponte Nova,PONTE NOVA,MG,Nome da empresa: ANTONIO GARAVINI & CIA LTDA,Minas Gerais PONTE NOVA,"Minas Gerais PONTE NOVA

Nome da empresa: ANTONIO GARAVINI & CIA LTDA

Telefone:  31 38193100

E-mail: garavini@yahoo.com.br

End: AV. Abdala Felício n 312 Cep: 35430028 Centro",NORMAL,,"AV. Abdala Felício n 312 Cep: 35430028 Centro, Ponte Nova/MG",,35430028,,"[""31 38193100""]","[""garavini@yahoo.com.br""]",[],"[""35430028""]","[""AV. Abdala Felício n 312 Cep: 35430028 Centro, Ponte Nova/MG""]",-20.4111,-42.8978,,,municipality,Ponte Nova/MG,True
297,3151503,Piumhi,PIUMHI,MG,Nome da empresa: EURIPEDES BARSANUFO FERREIRA - ELETROMOTORES EBF,Minas Gerais PIUMHI,"Minas Gerais PIUMHI

Nome da empresa: EURIPEDES BARSANUFO FERREIRA - ELETROMOTORES EBF

CNPJ: 10.788.182/0001-60

Telefone: 37 33712467 / 37 999182250

E-mail: eletromotoresebf@yahoo.com.br

End: Rua Clarice Guimaraes n 310 Bairro: Novo Tempo Cep:37925000",NORMAL,,"Rua Clarice Guimaraes n 310 Bairro: Novo Tempo Cep:37925000, Piumhi/MG",,37925000,,"[""37 33712467"",""37 999182250""]","[""eletromotoresebf@yahoo.com.br""]","[""10.788.182/0001-60""]","[""37925000""]","[""Rua Clarice Guimaraes n 310 Bairro: Novo Tempo Cep:37925000, Piumhi/MG""]",-20.4762,-45.9589,,,municipality,Piumhi/MG,True
298,3106200,Belo Horizonte,BELO HORIZONTE,MG,Nome da empresa: LUZ REPRESENTACOES E SERVICOS LTDA – EPP,Minas Gerais BELO HORIZONTE,"Minas Gerais BELO HORIZONTE

Nome da empresa: LUZ REPRESENTACOES E SERVICOS LTDA – EPP

Telefone: 31 34626221 / 31 998594916

E-mail: luz@luzservicos.com

End: Rua Padre Eustáquio, Carlos Prates, n230 CEP 30710580",NORMAL,,"Rua Padre Eustáquio, Carlos Prates, n230 CEP 30710580, Belo Horizonte/MG",,30710580,,"[""31 34626221"",""31 998594916""]","[""luz@luzservicos.com""]",[],"[""30710580""]","[""Rua Padre Eustáquio, Carlos Prates, n230 CEP 30710580, Belo Horizonte/MG""]",-19.9102,-43.9266,,,municipality,Belo Horizonte/MG,True
299,3134400,Iturama,ITURAMA,MG,Nome da empresa: OZIAS FLORENCIO DE SOUZA - ME,Minas Gerais ITURAMA,"Minas Gerais ITURAMA

Nome da empresa: OZIAS FLORENCIO DE SOUZA - ME

Telefone: 34 34111493

E-mail: o.florencio@uol.com.br

End:",NORMAL,,,,,,"[""34 34111493""]","[""o.florencio@uol.com.br""]",[],[],[],-19.7276,-50.1966,,,municipality,Iturama/MG,True
300,3135100,Janaúba,JANAUBA,MG,Paulo Roberto Rodrigues de Oliveira – ME,Janaúba Minas Gerais,"Janaúba Minas Gerais

Paulo Roberto Rodrigues de Oliveira – ME

(M E M Manutenção Elétrica e Mecânica )

(33) 987088963 /  (38) 91464757 /  (38) 991482108

Rossini Leite de Oliveira/ Eduardo / Paulo

Av. Manuel Athayde n. 2768, Bairro: Santa Cruz, CEP: 39.447-339",NORMAL,,"Av. Manuel Athayde n. 2768, Bairro: Santa Cruz, CEP: 39.447-339, Janaúba/MG",,39.447-339,,"[""(33) 987088963"",""(38) 91464757"",""(38) 991482108""]",[],[],"[""39.447-339""]","[""Av. Manuel Athayde n. 2768, Bairro: Santa Cruz, CEP: 39.447-339, Janaúba/MG""]",-15.8022,-43.3132,,,municipality,Janaúba/MG,True
301,3133808,Itaúna,ITAUNA,MG,N. V. COMERCIO DE MAQ. E EQUIP. LTDA,MINAS GERAIS ITAÚNA,"MINAS GERAIS ITAÚNA

N. V. COMERCIO DE MAQ. E EQUIP. LTDA

CNPJ: 09.175.509/0001-40

nvcomerciodemaquinas2018@outlook.com

37 3241-3892 / 37 9982-1096

RUA BENJAMIM CARVALHO, 10 – LJ 02 – NOGUEIRA MACHADO

CEP: 35680-238 ITAUNA – MG",NORMAL,,"RUA BENJAMIM CARVALHO, 10 – LJ 02 – NOGUEIRA MACHADO, Itaúna/MG",,35680-238,,"[""37 3241-3892"",""37 9982-1096""]","[""nvcomerciodemaquinas2018@outlook.com""]","[""09.175.509/0001-40""]","[""35680-238""]","[""RUA BENJAMIM CARVALHO, 10 – LJ 02 – NOGUEIRA MACHADO, Itaúna/MG""]",-20.0818,-44.5801,,,municipality,Itaúna/MG,True
302,3114105,Carmo de Minas,CARMO DE MINAS,MG,ELETRO CARVALHO PATROCINIO LTDA - ELETRO NELSON,MINAS GERAIS CARMO DE MINAS,"MINAS GERAIS CARMO DE MINAS

ELETRO CARVALHO PATROCINIO LTDA - ELETRO NELSON

CNPJ: 00.216.548/0001-73

sleletronelson@hotmail.com

35 98862-2193 NELSON

AVENIDA FRANCISCO DIAS DE CASTRO, 880 – CENTRO

CEP: 37472-000 CARMO DE MINAS - MG",NORMAL,,"AVENIDA FRANCISCO DIAS DE CASTRO, 880 – CENTRO, Carmo de Minas/MG",,37472-000,,"[""35 98862-2193""]","[""sleletronelson@hotmail.com""]","[""00.216.548/0001-73""]","[""37472-000""]","[""AVENIDA FRANCISCO DIAS DE CASTRO, 880 – CENTRO, Carmo de Minas/MG""]",-22.1204,-45.1307,,,municipality,Carmo de Minas/MG,True
303,1506203,Salinópolis,SALINOPOLIS,PA,IRANILSON DOS SANTOS MONTEIRO 78071410268,PARÁ SALINÓPOLIS,"PARÁ SALINÓPOLIS

IRANILSON DOS SANTOS MONTEIRO 78071410268

CNPJ: 32.359.611/0001-17

iranmonteiro7878@gmail.com

91 99290-2659 IRAN

RUA SÃO JOSE, S/N – CALIFORNIA

CEP: 68721-000 SALINOPOLIS – PA",NORMAL,,"RUA SÃO JOSE, S/N – CALIFORNIA, Salinópolis/PA",,68721-000,,"[""91 99290-2659""]","[""iranmonteiro7878@gmail.com""]","[""32.359.611/0001-17""]","[""68721-000""]","[""RUA SÃO JOSE, S/N – CALIFORNIA, Salinópolis/PA""]",-0.630815,-47.3465,,,municipality,Salinópolis/PA,True
304,1500800,Ananindeua,ANANINDEUA,PA,49.462.173 ALEXANDRE SANTOS DE SOUSA JUNIOR,PARÁ ANANINDEUA,"PARÁ ANANINDEUA

49.462.173 ALEXANDRE SANTOS DE SOUSA JUNIOR

CNPJ: 49.462.173/0001-10

juniorsousa882080@gmail.com

91 98518-3128 ALEXANDRE

RUA DOUTOR REGIS, 64 – CIDADE NOVA

CEP: 67140-815 ANANINDEUA - PA",NORMAL,,"RUA DOUTOR REGIS, 64 – CIDADE NOVA, Ananindeua/PA",,67140-815,,"[""91 98518-3128""]","[""juniorsousa882080@gmail.com""]","[""49.462.173/0001-10""]","[""67140-815""]","[""RUA DOUTOR REGIS, 64 – CIDADE NOVA, Ananindeua/PA""]",-1.36391,-48.3743,,,municipality,Ananindeua/PA,True
305,1502707,Conceição do Araguaia,CONCEICAO DO ARAGUAIA,PA,54.515.255 WESLEY FERREIRA NASCIMENTO,PARÁ CONCEIÇÃO DO ARAGUAIA,"PARÁ CONCEIÇÃO DO ARAGUAIA

54.515.255 WESLEY FERREIRA NASCIMENTO

CNPJ: 54.515.255/0001-16

wf2029116@gmail.com / wf995558@gmail.com

94 99126-0393 WESLEY

TRAVESSA CASA VERDE 826, 196 – TANCREDO NEVES

CEP: 68540-000 CONCEIÇÃO DO ARAGUAIA – PA",NORMAL,,"TRAVESSA CASA VERDE 826, 196 – TANCREDO NEVES, Conceição do Araguaia/PA",,68540-000,,"[""94 99126-0393""]","[""wf2029116@gmail.com"",""wf995558@gmail.com""]","[""54.515.255/0001-16""]","[""68540-000""]","[""TRAVESSA CASA VERDE 826, 196 – TANCREDO NEVES, Conceição do Araguaia/PA""]",-8.26136,-49.2689,,,municipality,Conceição do Araguaia/PA,True
306,1508209,Vigia,VIGIA,PA,LEAL FERREIRA LTDA - POWERTEC,PARÁ VIGIA,"PARÁ VIGIA

LEAL FERREIRA LTDA - POWERTEC

CNPJ: 35.956.565/0001-21

powertecengenharia@outlook.com

91 98167-7808 / 91 8494-0673 GUILHERME

TRAVESSA VILHENA ALVES, 140 - CENTRO

CEP: 68780-000 VIGIA - PA",NORMAL,,"TRAVESSA VILHENA ALVES, 140 - CENTRO, Vigia/PA",,68780-000,,"[""91 98167-7808"",""91 8494-0673""]","[""powertecengenharia@outlook.com""]","[""35.956.565/0001-21""]","[""68780-000""]","[""TRAVESSA VILHENA ALVES, 140 - CENTRO, Vigia/PA""]",-0.861194,-48.1386,,,municipality,Vigia/PA,True
307,1506138,Redenção,REDENCAO,PA,94 9264-3091 EDVALDO,Pará REDENÇÃO,"Pará REDENÇÃO

94 9264-3091 EDVALDO

AINDA VAI ABRIR EMPRESA",NORMAL,,,,,,"[""94 9264-3091""]",[],[],[],[],-8.02529,-50.0317,,,municipality,Redenção/PA,True
308,1506138,Redenção,REDENCAO,PA,60.788.637 MARCELO HENRIQUE DE ASEVEDO,Pará REDENÇÃO,"Pará REDENÇÃO

60.788.637 MARCELO HENRIQUE DE ASEVEDO

CNPJ: 60.788.637/0001-16

marcelo.h.asevedo@gmail.com

94 98129-2216 MARCELO

AV. JEREMIAS LUNARDELLI, 756 – NUCLEO URBANO

CEP: 68553-070 REDENÇÃO – PA",NORMAL,,"AV. JEREMIAS LUNARDELLI, 756 – NUCLEO URBANO, Redenção/PA",,68553-070,,"[""94 98129-2216""]","[""marcelo.h.asevedo@gmail.com""]","[""60.788.637/0001-16""]","[""68553-070""]","[""AV. JEREMIAS LUNARDELLI, 756 – NUCLEO URBANO, Redenção/PA""]",-8.02529,-50.0317,,,municipality,Redenção/PA,True
309,1502400,Castanhal,CASTANHAL,PA,13.871.407 ELIAS FABIANO DE CARVALHO GOMES,Pará CASTANHAL,"Pará CASTANHAL

13.871.407 ELIAS FABIANO DE CARVALHO GOMES

CNPJ: 13.871.407/0001-36

fabvarejo@gmail.com

91 98140-3062 FABIANO

TV BENJAMIN CONSTANT, 19 – CENTRO

Complemento: ANEXO AO TERMINAL LOURENCO LEMOS – NA FEIRA

CEP: 68743-055 CASTANHAL - PA",NORMAL,,"TV BENJAMIN CONSTANT, 19 – CENTRO, Castanhal/PA",,68743-055,,"[""91 98140-3062""]","[""fabvarejo@gmail.com""]","[""13.871.407/0001-36""]","[""68743-055""]","[""TV BENJAMIN CONSTANT, 19 – CENTRO, Castanhal/PA""]",-1.29797,-47.9167,,,municipality,Castanhal/PA,True
310,1502400,Castanhal,CASTANHAL,PA,38.018.948 JOSE ORLANDO ANDRADE SOARES - ORLANDO REFRIGERACAO,Pará CASTANHAL,"Pará CASTANHAL

38.018.948 JOSE ORLANDO ANDRADE SOARES - ORLANDO REFRIGERACAO
CNPJ: 38.018.948/0001-47

joseorlando1924@gmail.com

(91) 98114-6721 José

ENDEREÇO OFICINA: RUA DAS OLIVEIRA, SN CONJ J. CASTANHAL(VALLE); QD 08 LT 06 – IMPERADOR

CEP: 68744-675 CASTANHAL – PA

ENDEREÇO PARA ENTREGA: Alameda imperial, 281 - São José

CEP: 68744-170 Castanhal - PA",NORMAL,,,,68744-675,,"[""(91) 98114-6721""]","[""joseorlando1924@gmail.com""]","[""38.018.948/0001-47""]","[""68744-675"",""68744-170""]",[],-1.29797,-47.9167,,,municipality,Castanhal/PA,True
311,1508100,Tucuruí,TUCURUI,PA,94 9119-0748 Marcelo Lima,PARÁ TUCURUÍ,"PARÁ TUCURUÍ

94 9119-0748 Marcelo Lima

NÃO TEM CNPJ",NORMAL,,,,,,"[""94 9119-0748""]",[],[],[],[],-3.7657,-49.6773,,,municipality,Tucuruí/PA,True
312,1504208,Marabá,MARABA,PA,RONALD F DE OLIVEIRA COMERCIO E SERVIÇOS – D.R Manutenções,MARABÁ - PARÁ,"MARABÁ - PARÁ

RONALD F DE OLIVEIRA COMERCIO E SERVIÇOS – D.R Manutenções
CNPJ: 21.439.012/0001-97

ronald-oliveira11@hotmail.com
ENDEREÇO: FOLHA 11 QUADRA 14 LOTE/N°: 10 
CEP: 68513-360
TELEFONE: (94) 9301-8194, (94) 99292- 6557, (94) 9164-4709",NORMAL,,"FOLHA 11 QUADRA 14 LOTE/N°: 10, Marabá/PA",,68513-360,,"[""(94) 9301-8194"",""(94) 99292- 6557"",""(94) 9164-4709""]","[""ronald-oliveira11@hotmail.com""]","[""21.439.012/0001-97""]","[""68513-360""]","[""FOLHA 11 QUADRA 14 LOTE/N°: 10, Marabá/PA""]",-5.38075,-49.1327,,,municipality,Marabá/PA,True
313,1501402,Belém,BELEM,PA,RUTILENE DA SILVA FONSECA – INOVA,Pará BELEM,"Pará BELEM

RUTILENE DA SILVA FONSECA – INOVA

CNPJ: 29.821.849/0001-08

Telefone: 91 32646522/3352-1282 / 98938-1545 Rute

E-mail: sacinovaps@gmail.com

End: Av. Pedro Alvares Cabral n 349 Bairro: Arambaia

CEP: BELÉM – PA",NORMAL,,"Av. Pedro Alvares Cabral n 349 Bairro: Arambaia, Belém/PA",,,,"[""91 32646522"",""3352-1282"",""98938-1545""]","[""sacinovaps@gmail.com""]","[""29.821.849/0001-08""]",[],"[""Av. Pedro Alvares Cabral n 349 Bairro: Arambaia, Belém/PA""]",-1.4554,-48.4898,,,municipality,Belém/PA,True
314,1501402,Belém,BELEM,PA,"VACUOMATC MAQUINAS, EMBALAGENS E SERVIÇOS LTDA",Pará BELEM,"Pará BELEM

VACUOMATC MAQUINAS, EMBALAGENS E SERVIÇOS LTDA

CNPJ: 37.991.715/0001-63

vacuomatic.belem@gmail.com

91 3236-3739 / 98434-5565

AVENIDA DUQUE DE CAXIAS, 1540 – MARCO",NORMAL,,"AVENIDA DUQUE DE CAXIAS, 1540 – MARCO, Belém/PA",,,,"[""91 3236-3739"",""98434-5565""]","[""vacuomatic.belem@gmail.com""]","[""37.991.715/0001-63""]",[],"[""AVENIDA DUQUE DE CAXIAS, 1540 – MARCO, Belém/PA""]",-1.4554,-48.4898,,,municipality,Belém/PA,True
315,1501402,Belém,BELEM,PA,NORTE REFRIGERACAO LTDA. 87,Pará BELEM,"Pará BELEM

NORTE REFRIGERACAO LTDA. 87

NORTE REFRIGERACAO - FILIAL TAPANA (CD)

(91) 40084477 /

ESTRADA DO TAPANA, N 8 , CEP: 66833075 TAPANA BELÉM",NORMAL,,"ESTRADA DO TAPANA, N 8 , CEP: 66833075 TAPANA BELÉM/PA",,66833075,,"[""(91) 40084477""]",[],[],"[""66833075""]","[""ESTRADA DO TAPANA, N 8 , CEP: 66833075 TAPANA BELÉM/PA""]",-1.4554,-48.4898,,,municipality,Belém/PA,True
316,1502202,Capanema,CAPANEMA,PA,COMBINAR VALORES ANTES DO ATENDIMENTO,CAPANEMA Pará,"CAPANEMA Pará

COMBINAR VALORES ANTES DO ATENDIMENTO

60.144.754 FERNANDO BARROS COSTA

CNPJ: 60.144.754/0001-47

fernandobc1983.m@gmail.com

91 99392-3423 / 98277-5202 FERNANDO

ENDEREÇO OFICINA:

PASSAGEM ANGELIM, S/N – DOM JOÃO VI

CEP: 68701-170 Capanema – PA",CONSULTAR_ANTES,COMBINAR VALORES,"PASSAGEM ANGELIM, S/N – DOM JOÃO VI, Capanema/PA",,68701-170,,"[""91 99392-3423"",""98277-5202""]","[""fernandobc1983.m@gmail.com""]","[""60.144.754/0001-47""]","[""68701-170""]","[""PASSAGEM ANGELIM, S/N – DOM JOÃO VI, Capanema/PA""]",-1.20529,-47.1778,,,municipality,Capanema/PA,True
317,1503606,Itaituba,ITAITUBA,PA,MATIAS EMPREENDIMENTOS LTDA – MATIAS MAQUINAS ITAITUBA,PARÁ ITAITUBA,"PARÁ ITAITUBA

MATIAS EMPREENDIMENTOS LTDA – MATIAS MAQUINAS ITAITUBA

CNPJ: 48.854.489/0001-95

lucasdasilvamatiasitb@gmail.com

93 99161-9463 DIEGO

TRAVESSA SÃO JOSÉ, 1419 – BELA VISTA

CEP: 68180-610 ITAITUBA – PA",NORMAL,,"TRAVESSA SÃO JOSÉ, 1419 – BELA VISTA, Itaituba/PA",,68180-610,,"[""93 99161-9463""]","[""lucasdasilvamatiasitb@gmail.com""]","[""48.854.489/0001-95""]","[""68180-610""]","[""TRAVESSA SÃO JOSÉ, 1419 – BELA VISTA, Itaituba/PA""]",-4.2667,-55.9926,,,municipality,Itaituba/PA,True
318,1505502,Paragominas,PARAGOMINAS,PA,CLEYDSON MARQUES DE ARAUJO (Gtec Refrigeração),PARÁ PARAGOMINAS,"PARÁ PARAGOMINAS

CLEYDSON MARQUES DE ARAUJO (Gtec Refrigeração)

CNPJ: 12.347.683/0001-37

cleydsonmarque@gmail.com

91 99181-8610 CLEYDSON

RUA BARÃO ARARUNA, 597 – PROMISSÃO II",NORMAL,,"RUA BARÃO ARARUNA, 597 – PROMISSÃO II, Paragominas/PA",,,,"[""91 99181-8610""]","[""cleydsonmarque@gmail.com""]","[""12.347.683/0001-37""]",[],"[""RUA BARÃO ARARUNA, 597 – PROMISSÃO II, Paragominas/PA""]",-3.00212,-47.3527,,,municipality,Paragominas/PA,True
319,1508407,Xinguara,XINGUARA,PA,ELETRO MOTOR XINGU LTDA,Pará XINGUARA,"Pará XINGUARA

ELETRO MOTOR XINGU LTDA

CNPJ: 26.894.668/0001-13

Telefone: 94 3426-2012 / 94 99142-6869

E-mail: edsonxing123@hotmail.com

End: RUA AMAZONAS, 268 - CENTRO

CEP: 68555-360 XINGUARA – PA",NORMAL,,"RUA AMAZONAS, 268 - CENTRO, Xinguara/PA",,68555-360,,"[""94 3426-2012"",""94 99142-6869""]","[""edsonxing123@hotmail.com""]","[""26.894.668/0001-13""]","[""68555-360""]","[""RUA AMAZONAS, 268 - CENTRO, Xinguara/PA""]",-7.0983,-49.9437,,,municipality,Xinguara/PA,True
320,1506807,Santarém,SANTAREM,PA,MACIEL E GORAYEB LTDA,PARÁ SANTAREM,"PARÁ SANTAREM

MACIEL E GORAYEB LTDA

CNPJ: 05.500.388/0001-03

karinagorayeb@hotmail.com

93 3523-9552 / 93 99166-0758 ICARO TECNICO

93 9122-7705 KARINA

AVENIDA MENDONÇA FURTADO, 2213 – ALDEIA

CEP: 68040-050 SANTAREM – PA",NORMAL,,"AVENIDA MENDONÇA FURTADO, 2213 – ALDEIA, Santarém/PA",,68040-050,,"[""93 3523-9552"",""93 99166-0758"",""93 9122-7705""]","[""karinagorayeb@hotmail.com""]","[""05.500.388/0001-03""]","[""68040-050""]","[""AVENIDA MENDONÇA FURTADO, 2213 – ALDEIA, Santarém/PA""]",-2.43849,-54.6996,,,municipality,Santarém/PA,True
321,2312908,Sobral,SOBRAL,CE,A.A. ARAGÃO – ME (ASSERTIVA ENGENHARIA ELETRICA),CEARÁ SOBRAL,"CEARÁ SOBRAL

A.A. ARAGÃO – ME (ASSERTIVA ENGENHARIA ELETRICA)

CNPJ: 48.099.342/0001-37

assertivaeletrica@gmail.com

88 99382-5275 AUGUSTO

RUA RAIMUNDO ANDRADE ARAUJO, 187 – CAMPO DOS VELHOS

CEP: 62030-170 SOBRAL – CE",NORMAL,,"RUA RAIMUNDO ANDRADE ARAUJO, 187 – CAMPO DOS VELHOS, Sobral/CE",,62030-170,,"[""88 99382-5275""]","[""assertivaeletrica@gmail.com""]","[""48.099.342/0001-37""]","[""62030-170""]","[""RUA RAIMUNDO ANDRADE ARAUJO, 187 – CAMPO DOS VELHOS, Sobral/CE""]",-3.68913,-40.3482,,,municipality,Sobral/CE,True
322,2510808,Patos,PATOS,PB,INDALO FREIRE PEREIRA,PARAÍBA PATOS,"PARAÍBA PATOS

INDALO FREIRE PEREIRA

CNPJ: 46.159.429/0001-27

indalofreire@icloud.com

83 99614-9197 INDALO

RUA FELIZARDO LEITE, 414 – CENTRO

CEP: 58700-030 PATOS – PB",NORMAL,,"RUA FELIZARDO LEITE, 414 – CENTRO, Patos/PB",,58700-030,,"[""83 99614-9197""]","[""indalofreire@icloud.com""]","[""46.159.429/0001-27""]","[""58700-030""]","[""RUA FELIZARDO LEITE, 414 – CENTRO, Patos/PB""]",-7.01743,-37.2747,,,municipality,Patos/PB,True
323,2516201,Sousa,SOUSA,PB,VICENTE DE PAULA ELIAS DE ASSIS – EPP (ELETROMEC ),Paraíba SOUSA,"Paraíba SOUSA

VICENTE DE PAULA ELIAS DE ASSIS – EPP (ELETROMEC )

CNPJ: 01.939.442/0001-60

eletromec@gmail.com

83 3142-2073 / 83 99127-8568 VICENTE

RUA Dr. Silva Mariz, 105 – Centro

CEP: SOUSA – PB",NORMAL,,"RUA Dr. Silva Mariz, 105 – Centro, Sousa/PB",,,,"[""83 3142-2073"",""83 99127-8568""]","[""eletromec@gmail.com""]","[""01.939.442/0001-60""]",[],"[""RUA Dr. Silva Mariz, 105 – Centro, Sousa/PB""]",-6.75148,-38.2311,,,municipality,Sousa/PB,True
324,2507507,João Pessoa,JOAO PESSOA,PB,36.826.003 Michael Henrique Alves Oliveira – JM MAQUINAS,João Pessoa Paraíba,"João Pessoa Paraíba

36.826.003 Michael Henrique Alves Oliveira – JM MAQUINAS

CNPJ: 36.826.003/0001-26

michael.henrique.oliveira67@gmail.com

83 99624-6002 Michael

Rua Praia de Carapibus, 39 – MANGABEIRA

CEP: 58059-824 JOÃO PESSOA – PB",NORMAL,,"Rua Praia de Carapibus, 39 – MANGABEIRA, João Pessoa/PB",,58059-824,,"[""83 99624-6002""]","[""michael.henrique.oliveira67@gmail.com""]","[""36.826.003/0001-26""]","[""58059-824""]","[""Rua Praia de Carapibus, 39 – MANGABEIRA, João Pessoa/PB""]",-7.11509,-34.8641,,,municipality,João Pessoa/PB,True
325,2507507,João Pessoa,JOAO PESSOA,PB,NORDESTE BALANÇAS COMERCIO E SERVIÇOS LTDA ME,Paraíba JOÃO PESSOA,"Paraíba JOÃO PESSOA

NORDESTE BALANÇAS COMERCIO E SERVIÇOS LTDA ME

CNPJ: 13.427.076/0001-40

contato@nordestebalancas.com.br
83 3045-2383 / 83 98784-6822 FÚLVIO

AV. JOÃO MACHADO, 170 – JAGUARIBE

CEP: 58015-038 – JOAO PESSOA PB",NORMAL,,"AV. JOÃO MACHADO, 170 – JAGUARIBE, João Pessoa/PB",,58015-038,,"[""83 3045-2383"",""83 98784-6822""]","[""contato@nordestebalancas.com.br""]","[""13.427.076/0001-40""]","[""58015-038""]","[""AV. JOÃO MACHADO, 170 – JAGUARIBE, João Pessoa/PB""]",-7.11509,-34.8641,,,municipality,João Pessoa/PB,True
326,2507507,João Pessoa,JOAO PESSOA,PB,NORDESTE SOLUÇÕES INTEGRADAS LTDA – NORDESTE BALANÇAS,Paraíba JOÃO PESSOA,"Paraíba JOÃO PESSOA

NORDESTE SOLUÇÕES INTEGRADAS LTDA – NORDESTE BALANÇAS

Telefone: 83 3045-2383 / 83 98784-6822

E-mail: contato@nordestebalancas.com.br

End:  Rua Agente Fiscal Otavio Leopoldino Machado, 125 Bairro: Alto do Mateus CEP: 58090-659",NORMAL,,"Rua Agente Fiscal Otavio Leopoldino Machado, 125 Bairro: Alto do Mateus CEP: 58090-659, João Pessoa/PB",,58090-659,,"[""83 3045-2383"",""83 98784-6822""]","[""contato@nordestebalancas.com.br""]",[],"[""58090-659""]","[""Rua Agente Fiscal Otavio Leopoldino Machado, 125 Bairro: Alto do Mateus CEP: 58090-659, João Pessoa/PB""]",-7.11509,-34.8641,,,municipality,João Pessoa/PB,True
327,2507507,João Pessoa,JOAO PESSOA,PB,Nome da empresa: BALMAQ COMERCIO LTDA - EPP,Paraíba JOÃO PESSOA,"Paraíba JOÃO PESSOA

Nome da empresa: BALMAQ COMERCIO LTDA - EPP

Telefone: 83 32227544 / 83 32227599

E-mail: assistencia@filipeso.com.br

End: Av. Maximiano Figueiredo, 504 - Centro, João Pessoa - PB, Cep:58013-470

KADISA INDÚSTRIA E COMÉRCIO LTDA EPP

(83) 3222-8426 / 98714-4742 RAFAELA

Rua Marciel Pinheiro, 392-A - Varadouro - Cep. 58010-130",NORMAL,,"Av. Maximiano Figueiredo, 504 - Centro, João Pessoa - PB, Cep:58013-470",,58013-470,,"[""83 32227544"",""83 32227599"",""(83) 3222-8426"",""98714-4742""]","[""assistencia@filipeso.com.br""]",[],"[""58013-470"",""58010-130""]","[""Av. Maximiano Figueiredo, 504 - Centro, João Pessoa - PB, Cep:58013-470"",""Rua Marciel Pinheiro, 392-A - Varadouro - Cep. 58010-130, João Pessoa/PB""]",-7.11509,-34.8641,,,municipality,João Pessoa/PB,True
328,2504009,Campina Grande,CAMPINA GRANDE,PB,Nome da empresa: MARCIO ALMEIDA DIAS 02108990429 - NB NORDESTE BALANCAS,Paraíba CAMPINA GRANDE,"Paraíba CAMPINA GRANDE

Nome da empresa: MARCIO ALMEIDA DIAS 02108990429 - NB NORDESTE BALANCAS

CNPJ: 18.670.189/0001-95

Telefone: 83 3058-0988

Márcio Almeida - Técnico Proprietário - (83) 98805-8569 - (83) 99910-6983

Janicleide Almeida - Financeiro - (83) 98801-2202

E-mail: nb.assistencia_tecnica@hotmail.com

End: Avenida Elpídio De Almeida, 866, Catolé Campina Grande/PB - CEP 58410-215",NORMAL,,"Avenida Elpídio De Almeida, 866, Catolé Campina Grande/PB - CEP 58410-215",,58410-215,,"[""83 3058-0988"",""(83) 98805-8569"",""(83) 99910-6983"",""(83) 98801-2202""]","[""nb.assistencia_tecnica@hotmail.com""]","[""18.670.189/0001-95""]","[""58410-215""]","[""Avenida Elpídio De Almeida, 866, Catolé Campina Grande/PB - CEP 58410-215""]",-7.22196,-35.8731,,,municipality,Campina Grande/PB,True
329,2504009,Campina Grande,CAMPINA GRANDE,PB,ANTONIO ALMEIDA DIAS – EPP – FIEL BALANÇAS ASSISTÊNCIA TÉCNICA (NÃO FAZ DESLOCAMENTO),Paraíba CAMPINA GRANDE,"Paraíba CAMPINA GRANDE

ANTONIO ALMEIDA DIAS – EPP – FIEL BALANÇAS ASSISTÊNCIA TÉCNICA (NÃO FAZ DESLOCAMENTO)

CNPJ: 35.420.371/0001-07

fiel.balancas1990@gmail.com

83 3341-2579 / 83 99975-9002 YTALO

RUA QUEBRA QUILOS, 84 – CENTRO

CEP: 58400-280 CAMPINA GRANDE – PB",CONSULTAR_ANTES,NAO FAZ DESLOCAMENTO,"RUA QUEBRA QUILOS, 84 – CENTRO, Campina Grande/PB",,58400-280,,"[""83 3341-2579"",""83 99975-9002""]","[""fiel.balancas1990@gmail.com""]","[""35.420.371/0001-07""]","[""58400-280""]","[""RUA QUEBRA QUILOS, 84 – CENTRO, Campina Grande/PB""]",-7.22196,-35.8731,,,municipality,Campina Grande/PB,True
330,4127965,Turvo,TURVO,PR,ASKEL E ASKEL LTDA ME – REFRIGERACAO PAPALEGUAS,PARANÁ – TURVO,"PARANÁ – TURVO

ASKEL E ASKEL LTDA ME – REFRIGERACAO PAPALEGUAS

CNPJ: 18.866.142/0001-00

papaleguas.turvo@hotmail.com

42 9916-0940 MARCIO

RUA JOÃO PEDRO HORST, 153 – JD ALEGRE

CEP: 85150-000 TURVO - PR",NORMAL,,"RUA JOÃO PEDRO HORST, 153 – JD ALEGRE, Turvo/PR",,85150-000,,"[""42 9916-0940""]","[""papaleguas.turvo@hotmail.com""]","[""18.866.142/0001-00""]","[""85150-000""]","[""RUA JOÃO PEDRO HORST, 153 – JD ALEGRE, Turvo/PR""]",-25.0437,-51.5282,,,municipality,Turvo/PR,True
331,4104907,Castro,CASTRO,PR,C&E SERVICE INSTALACOES INDUSTRIAIS LTDA,PARANÁ – CASTRO,"PARANÁ – CASTRO

C&E SERVICE INSTALACOES INDUSTRIAIS LTDA

CNPJ: 57.443.549/0001-78

adm@ceeservice.com.br / cleiton@ceeservice.com.br

42 99845-8977 / 42 99112-4805 CLEITON

RUA CRUZ MACHADO, 1746 – VILA RIO BRANCO

CEP: 84172-080 CASTRO – PR",NORMAL,,"RUA CRUZ MACHADO, 1746 – VILA RIO BRANCO, Castro/PR",,84172-080,,"[""42 99845-8977"",""42 99112-4805""]","[""adm@ceeservice.com.br"",""cleiton@ceeservice.com.br""]","[""57.443.549/0001-78""]","[""84172-080""]","[""RUA CRUZ MACHADO, 1746 – VILA RIO BRANCO, Castro/PR""]",-24.7891,-50.0108,,,municipality,Castro/PR,True
332,4104907,Castro,CASTRO,PR,53.963.049 JULIANE DOS SANTOS CARNEIRO (TECNICO NÃO TEM CONHECIMENTO),PARANÁ – CASTRO,"PARANÁ – CASTRO

53.963.049 JULIANE DOS SANTOS CARNEIRO (TECNICO NÃO TEM CONHECIMENTO)

CNPJ: 53.963.049/0001-06

julianecarneiro1201@gmail.com

42 98408-2110 JOÃO

TRAVESSA CORONEL OLEGARIO DE MACEDO, 681 – LACUSTRE

CEP: 84165-690 CASTRO – PR",NORMAL,,"TRAVESSA CORONEL OLEGARIO DE MACEDO, 681 – LACUSTRE, Castro/PR",,84165-690,,"[""42 98408-2110""]","[""julianecarneiro1201@gmail.com""]","[""53.963.049/0001-06""]","[""84165-690""]","[""TRAVESSA CORONEL OLEGARIO DE MACEDO, 681 – LACUSTRE, Castro/PR""]",-24.7891,-50.0108,,,municipality,Castro/PR,True
333,4112603,Jardim Olinda,JARDIM OLINDA,PR,60.056.665 AILTON JUNIOR DA SILVA – CLIMAQ,PARANÁ JARDIM OLINDA,"PARANÁ JARDIM OLINDA

60.056.665 AILTON JUNIOR DA SILVA – CLIMAQ

CNPJ: 60.056.665/0001-49

ailton_junior.silva@hotmail.com

44 99166-2921 AILTON

RUA GONÇALVES DIAS, 222 – JD OLINDA

CEP: 87690-049 JARDIM OLINDA – PR",NORMAL,,"RUA GONÇALVES DIAS, 222 – JD OLINDA, Jardim Olinda/PR",,87690-049,,"[""44 99166-2921""]","[""ailton_junior.silva@hotmail.com""]","[""60.056.665/0001-49""]","[""87690-049""]","[""RUA GONÇALVES DIAS, 222 – JD OLINDA, Jardim Olinda/PR""]",-22.5523,-52.0503,,,municipality,Jardim Olinda/PR,True
334,4121703,Reserva,RESERVA,PR,15.133.269 ELISEU CIONEK,PARANÁ RESERVA,"PARANÁ RESERVA

15.133.269 ELISEU CIONEK

CNPJ: 15.133.269/0001-13

eliseu.cionek@hotmail.com

42 99933-1314 ELISEU

RUA MARCILIO DIAS, 297 – CENTRO

CEP: 84320-000 RESERVA – PR",NORMAL,,"RUA MARCILIO DIAS, 297 – CENTRO, Reserva/PR",,84320-000,,"[""42 99933-1314""]","[""eliseu.cionek@hotmail.com""]","[""15.133.269/0001-13""]","[""84320-000""]","[""RUA MARCILIO DIAS, 297 – CENTRO, Reserva/PR""]",-24.6492,-50.8466,,,municipality,Reserva/PR,True
335,4105201,Cerro Azul,CERRO AZUL,PR,52.864.541 JOELINTON MANGGER – J&L REFRIGERAÇÃO E CLIMATIZAÇÃO,PARANÁ CERRO AZUL,"PARANÁ CERRO AZUL

52.864.541 JOELINTON MANGGER – J&L REFRIGERAÇÃO E CLIMATIZAÇÃO

CNPJ: 52.864.541/0001-61

joelintonmangger2@gmail.com

41 98472-7269 JOELINTON

RUA PREFEITO CARLOS BASSETTI, 306 – CENTRO

CEP: 83570-000 CERRO AZUL – PR",NORMAL,,"RUA PREFEITO CARLOS BASSETTI, 306 – CENTRO, Cerro Azul/PR",,83570-000,,"[""41 98472-7269""]","[""joelintonmangger2@gmail.com""]","[""52.864.541/0001-61""]","[""83570-000""]","[""RUA PREFEITO CARLOS BASSETTI, 306 – CENTRO, Cerro Azul/PR""]",-26.0891,-52.8691,,,municipality,Cerro Azul/PR,True
336,4117107,Nova Londrina,NOVA LONDRINA,PR,GLOBO MAQ – FABRICACAO DE MAQ. E EQUIP. LTDA,PARANÁ NOVA LONDRINA,"PARANÁ NOVA LONDRINA

GLOBO MAQ – FABRICACAO DE MAQ. E EQUIP. LTDA

CNPJ: 11.350.432/0001-49

norteio@vsp.com.br

44 99916-9372 BOITO

RUA ROSELEI SALETE ROSINSKI, 327 – CENTRO

CEP: 87970-000 NOVA LONDRINA – PR",NORMAL,,"RUA ROSELEI SALETE ROSINSKI, 327 – CENTRO, Nova Londrina/PR",,87970-000,,"[""44 99916-9372""]","[""norteio@vsp.com.br""]","[""11.350.432/0001-49""]","[""87970-000""]","[""RUA ROSELEI SALETE ROSINSKI, 327 – CENTRO, Nova Londrina/PR""]",-22.7639,-52.9868,,,municipality,Nova Londrina/PR,True
337,4128203,União da Vitória,UNIAO DA VITORIA,PR,MITZCO REFRIGERAÇÃO LTDA,PARANÁ UNIAO DA VITORIA,"PARANÁ UNIAO DA VITORIA

MITZCO REFRIGERAÇÃO LTDA

CNPJ: 55.950.954/0001-57

contato@1000b.com.br

42 99864-7199 CESAR

RUA JACOBE TERESKA, 228 – NSRA DO ROCIO

CEP: 84600-709 UNIÃO DA VITORIA – PR",NORMAL,,"RUA JACOBE TERESKA, 228 – NSRA DO ROCIO, União da Vitória/PR",,84600-709,,"[""42 99864-7199""]","[""contato@1000b.com.br""]","[""55.950.954/0001-57""]","[""84600-709""]","[""RUA JACOBE TERESKA, 228 – NSRA DO ROCIO, União da Vitória/PR""]",-26.2273,-51.0873,,,municipality,União da Vitória/PR,True
338,4110409,Indianópolis,INDIANOPOLIS,PR,LUIZ CARLOS BROLEZE 03515098950,PARANÁ INDIANOPOLIS,"PARANÁ INDIANOPOLIS

LUIZ CARLOS BROLEZE 03515098950

CNPJ: 25.156.270/0001-17

violabroleze@gmail.com

44 99880-6357 LUIZ CARLOS

RUA JOSE DE OLIVEIRA, 28 – JD. PANORAMA

CEP: 87235-000 INDIANOPOLIS – PR",NORMAL,,"RUA JOSE DE OLIVEIRA, 28 – JD. PANORAMA, Indianópolis/PR",,87235-000,,"[""44 99880-6357""]","[""violabroleze@gmail.com""]","[""25.156.270/0001-17""]","[""87235-000""]","[""RUA JOSE DE OLIVEIRA, 28 – JD. PANORAMA, Indianópolis/PR""]",-23.4762,-52.6989,,,municipality,Indianópolis/PR,True
339,4108809,Guaíra,GUAIRA,PR,THERMOCENTER-PECAS E SERV DE ELETRODOMESTICOS LTDA,PARANÁ GUAIRA,"PARANÁ GUAIRA

THERMOCENTER-PECAS E SERV DE ELETRODOMESTICOS LTDA

CNPJ: 00.813.778/0001-10

thermocenterguaira@hotmail.com

44 98442-5688 ELZA

RUA CASTRO ALVES, 300 – CENTRO

CEP: 85980-000 GUAIRA – PR",NORMAL,,"RUA CASTRO ALVES, 300 – CENTRO, Guaíra/PR",,85980-000,,"[""44 98442-5688""]","[""thermocenterguaira@hotmail.com""]","[""00.813.778/0001-10""]","[""85980-000""]","[""RUA CASTRO ALVES, 300 – CENTRO, Guaíra/PR""]",-24.085,-54.2573,,,municipality,Guaíra/PR,True
340,4118204,Paranaguá,PARANAGUA,PR,35.621.415 DAYANE DE CAMPOS,PARANÁ PARANAGUÁ,"PARANÁ PARANAGUÁ

35.621.415 DAYANE DE CAMPOS

CNPJ: 35.621.415/0001-67

dayacampos.1987@gmail.com

41 98792-4291 SILVONEI

RUA NATANAEL CORA, 127 – ILHA DOS VALADARES

CEP: 83250-000 PARANAGUA - PR",NORMAL,,"RUA NATANAEL CORA, 127 – ILHA DOS VALADARES, Paranaguá/PR",,83250-000,,"[""41 98792-4291""]","[""dayacampos.1987@gmail.com""]","[""35.621.415/0001-67""]","[""83250-000""]","[""RUA NATANAEL CORA, 127 – ILHA DOS VALADARES, Paranaguá/PR""]",-25.5161,-48.5225,,,municipality,Paranaguá/PR,True
341,4118204,Paranaguá,PARANAGUA,PR,25.422.579 CARLOS RENATO DO ROZARIO,PARANÁ PARANAGUÁ,"PARANÁ PARANAGUÁ

25.422.579 CARLOS RENATO DO ROZARIO

CNPJ: 25.422.579/0001-01

crenatocleg@gmail.com

41 98433-4533 RENATO

RUA JULIO GROTH ELIAS, 836 – DIVINEIA

CEP: 83212-415 PARANAGUA – PR",NORMAL,,"RUA JULIO GROTH ELIAS, 836 – DIVINEIA, Paranaguá/PR",,83212-415,,"[""41 98433-4533""]","[""crenatocleg@gmail.com""]","[""25.422.579/0001-01""]","[""83212-415""]","[""RUA JULIO GROTH ELIAS, 836 – DIVINEIA, Paranaguá/PR""]",-25.5161,-48.5225,,,municipality,Paranaguá/PR,True
342,4118501,Pato Branco,PATO BRANCO,PR,REDIFRIO INDUSTRIA E COMERCIO DE REFRIGERAÇÃO LTDA,PARANÁ PATO BRANCO,"PARANÁ PATO BRANCO

REDIFRIO INDUSTRIA E COMERCIO DE REFRIGERAÇÃO LTDA

CNPJ: 78.549.680/0001-94

(46)3224-3142

redifrio@redifriopb.com.br

CNPJ: 78.549.680/0001-94

ENDEREÇO: R PADRE ANCHIETA, nº 826 - Bairro: ANCHIETA",NORMAL,,"R PADRE ANCHIETA, nº 826 - Bairro: ANCHIETA, Pato Branco/PR",,,,"[""(46)3224-3142""]","[""redifrio@redifriopb.com.br""]","[""78.549.680/0001-94""]",[],"[""R PADRE ANCHIETA, nº 826 - Bairro: ANCHIETA, Pato Branco/PR""]",-26.2292,-52.6706,,,municipality,Pato Branco/PR,True
343,4111506,Ivaiporã,IVAIPORA,PR,Nome da empresa: CIAMAQUINAS OFFCCE LTDA,Paraná IVAIPORA TÉCNICO FRACO DE SERVIÇO,"Paraná IVAIPORA TÉCNICO FRACO DE SERVIÇO

Nome da empresa: CIAMAQUINAS OFFCCE LTDA

CNPJ: 09.423.582/0001-93

Telefone: 43 3472-4646 / 43 99929-5074

E-mail: ciamaquinas@gmail.com

Av. Paraná, 1265 – CENTRO

Cep:86870-000 Ivaiporã – PR",CONSULTAR_ANTES,TECNICO FRACO,"Av. Paraná, 1265 – CENTRO, Ivaiporã/PR",,86870-000,,"[""43 3472-4646"",""43 99929-5074""]","[""ciamaquinas@gmail.com""]","[""09.423.582/0001-93""]","[""86870-000""]","[""Av. Paraná, 1265 – CENTRO, Ivaiporã/PR""]",-24.2485,-51.6754,,,municipality,Ivaiporã/PR,True
344,4121505,Rebouças,REBOUCAS,PR,RAUL ARYON RODRIGES (R-TECH REFRIGERAÇÃO E AR-CONDICIONADO),"Paraná REBOUÇAS *** AINDA NÃO É TÉCNICO CAF, MAS CONHECE NOSSOS EQUIPAMENTOS","Paraná REBOUÇAS *** AINDA NÃO É TÉCNICO CAF, MAS CONHECE NOSSOS EQUIPAMENTOS

RAUL ARYON RODRIGES (R-TECH REFRIGERAÇÃO E AR-CONDICIONADO)

CNPJ: 48.890.380/0001-03

E-MAIL: raularyaon@gmail.com

FONE: 42 99925-7875 RAUL

RUA ALCIONE AFONSO CAMARGO PERUSSOLO, 09 – BARREIRO

CEP.: 84550-000 REBOUÇAS – PR",NORMAL,,"RUA ALCIONE AFONSO CAMARGO PERUSSOLO, 09 – BARREIRO, Rebouças/PR",,84550-000,,"[""42 99925-7875""]","[""raularyaon@gmail.com""]","[""48.890.380/0001-03""]","[""84550-000""]","[""RUA ALCIONE AFONSO CAMARGO PERUSSOLO, 09 – BARREIRO, Rebouças/PR""]",-25.6232,-50.6877,,,municipality,Rebouças/PR,True
345,4110706,Irati,IRATI,PR,Nome da empresa: JOSE REYNALDO DE ANDRADE 73338230834,Paraná IRATI,"Paraná IRATI

Nome da empresa: JOSE REYNALDO DE ANDRADE 73338230834

ZTECMEC

Telefone: 42 3423-1116 / 42 99840-7001

E-mail: ztecmec@gmail.com

End:",NORMAL,,,,,,"[""42 3423-1116"",""42 99840-7001""]","[""ztecmec@gmail.com""]",[],[],[],-25.4697,-50.6493,,,municipality,Irati/PR,True
346,4113304,Laranjeiras do Sul,LARANJEIRAS DO SUL,PR,ELETROLAR LARANJEIRAS DO SUL LTDA. ME,Paraná LARANJEIRAS DO SUL,"Paraná LARANJEIRAS DO SUL

ELETROLAR LARANJEIRAS DO SUL LTDA. ME

CNPJ: 06.349.494/0001-09

42 99149-6042 SILVERIO

RUA MARECHAL CANDIDO RONDON, 2222 – CENTRO

CEP: 85301-060 LARANJEIRAS DO SUL – PR",NORMAL,,"RUA MARECHAL CANDIDO RONDON, 2222 – CENTRO, Laranjeiras do Sul/PR",,85301-060,,"[""42 99149-6042""]",[],"[""06.349.494/0001-09""]","[""85301-060""]","[""RUA MARECHAL CANDIDO RONDON, 2222 – CENTRO, Laranjeiras do Sul/PR""]",-25.4077,-52.4109,,,municipality,Laranjeiras do Sul/PR,True
347,4113304,Laranjeiras do Sul,LARANJEIRAS DO SUL,PR,Nome da empresa: BANHARA & CIA LTDA,Paraná LARANJEIRAS DO SUL,"Paraná LARANJEIRAS DO SUL

Nome da empresa: BANHARA & CIA LTDA

Telefone: 42 3635-3288 / 42 99989-9958

E-mail: banhara@banhara.com.br

End:",NORMAL,,,,,,"[""42 3635-3288"",""42 99989-9958""]","[""banhara@banhara.com.br""]",[],[],[],-25.4077,-52.4109,,,municipality,Laranjeiras do Sul/PR,True
348,4115200,Maringá,MARINGA,PR,Nome da empresa: ALIMENTAR EQUIP. REFR. LTDA,Paraná MARINGA,"Paraná MARINGA

Nome da empresa: ALIMENTAR EQUIP. REFR. LTDA

Telefone: 44 3304-0101

E-mail: contato@alimentarequipamentos.com.br

End: Av. Laguna n 2169 cep:87050260",NORMAL,,"Av. Laguna n 2169 cep:87050260, Maringá/PR",,87050260,,"[""44 3304-0101""]","[""contato@alimentarequipamentos.com.br""]",[],"[""87050260""]","[""Av. Laguna n 2169 cep:87050260, Maringá/PR""]",-23.4205,-51.9333,,,municipality,Maringá/PR,True
349,4115200,Maringá,MARINGA,PR,M G NORONHA CASA DO ACOUGUEIRO,Paraná MARINGA,"Paraná MARINGA

M G NORONHA CASA DO ACOUGUEIRO

CNPJ: 18.742.672/0001-38

Telefone: (44)3268-3960 Alexandre

E-mail: financeirotripora@hotmail.com

End: AV DONA SOPHIA RASGULAEFF, nº 834 Bairro: JARDIM ALVORADA – MARINGA",NORMAL,,"AV DONA SOPHIA RASGULAEFF, nº 834 Bairro: JARDIM ALVORADA – MARINGA/PR",,,,"[""(44)3268-3960""]","[""financeirotripora@hotmail.com""]","[""18.742.672/0001-38""]",[],"[""AV DONA SOPHIA RASGULAEFF, nº 834 Bairro: JARDIM ALVORADA – MARINGA/PR""]",-23.4205,-51.9333,,,municipality,Maringá/PR,True
350,4115200,Maringá,MARINGA,PR,Nome da empresa: C. V. CONSERTOS DE EQUIPAMENTOS LTDA – TG MAQ,Paraná MARINGA,"Paraná MARINGA

Nome da empresa: C. V. CONSERTOS DE EQUIPAMENTOS LTDA – TG MAQ

CNPJ: 41.750.579/0001-97

Telefone: 44 2103-3500 / 44 99825-0077

E-mail: estoque@tgmaq.com.br

AV PINTASSILGO, 1595 - CONJ. RES. NEY BRAGA

CEP: 87.075-110",NORMAL,,"AV PINTASSILGO, 1595 - CONJ. RES. NEY BRAGA, Maringá/PR",,87.075-110,,"[""44 2103-3500"",""44 99825-0077""]","[""estoque@tgmaq.com.br""]","[""41.750.579/0001-97""]","[""87.075-110""]","[""AV PINTASSILGO, 1595 - CONJ. RES. NEY BRAGA, Maringá/PR""]",-23.4205,-51.9333,,,municipality,Maringá/PR,True
351,4115200,Maringá,MARINGA,PR,GUIDI ASSISTENCIA TECNICA LTDA (GUIA DO AÇOUGUEIRO),Paraná MARINGA,"Paraná MARINGA

GUIDI ASSISTENCIA TECNICA LTDA (GUIA DO AÇOUGUEIRO)

CNPJ: 57.268.970/0001-90

guia.acougueiro.oficina@gmail.com

44 8806-1271 ZELEY

44 8868-3437 FERREIRA

(44) 3020-0312 / (44) 99855-7764

AVENIDA KAKOGAWA, 449 – PQ DAS GREVILHAS

CEP: 87025-000 MARINGA – PR",NORMAL,,"AVENIDA KAKOGAWA, 449 – PQ DAS GREVILHAS, Maringá/PR",,87025-000,,"[""44 8806-1271"",""44 8868-3437"",""(44) 3020-0312"",""(44) 99855-7764""]","[""guia.acougueiro.oficina@gmail.com""]","[""57.268.970/0001-90""]","[""87025-000""]","[""AVENIDA KAKOGAWA, 449 – PQ DAS GREVILHAS, Maringá/PR""]",-23.4205,-51.9333,,,municipality,Maringá/PR,True
352,4115200,Maringá,MARINGA,PR,E M G MAQUINAS - GUIA DO AÇOUGUEIRO,Paraná MARINGA,"Paraná MARINGA

E M G MAQUINAS - GUIA DO AÇOUGUEIRO

CNPJ: 15.747.636/0001-79

(44) 3020-0312 / gerencia@guiadoacougueiro.com.br

AVENIDA KAKOGAWA, 449 – PQ DAS GREVILHAS",NORMAL,,"AVENIDA KAKOGAWA, 449 – PQ DAS GREVILHAS, Maringá/PR",,,,"[""(44) 3020-0312""]","[""gerencia@guiadoacougueiro.com.br""]","[""15.747.636/0001-79""]",[],"[""AVENIDA KAKOGAWA, 449 – PQ DAS GREVILHAS, Maringá/PR""]",-23.4205,-51.9333,,,municipality,Maringá/PR,True
353,4115200,Maringá,MARINGA,PR,EMG INOXIDAVEL MONTAGENS E SERVIÇOS LTDA (GUIA DO AÇOUGUEIRO),Paraná MARINGA,"Paraná MARINGA

EMG INOXIDAVEL MONTAGENS E SERVIÇOS LTDA (GUIA DO AÇOUGUEIRO)

CNPJ: 49.953.745/0001-64

guia.acougueiro.manutencao@gmail.com

(44) 3020-0312 / (44) 99855-7764

AVENIDA KAKOGAWA, 449 – PQ DAS GREVILHAS

CEP: 87025-000 MARINGA – PR",NORMAL,,"AVENIDA KAKOGAWA, 449 – PQ DAS GREVILHAS, Maringá/PR",,87025-000,,"[""(44) 3020-0312"",""(44) 99855-7764""]","[""guia.acougueiro.manutencao@gmail.com""]","[""49.953.745/0001-64""]","[""87025-000""]","[""AVENIDA KAKOGAWA, 449 – PQ DAS GREVILHAS, Maringá/PR""]",-23.4205,-51.9333,,,municipality,Maringá/PR,True
354,4115200,Maringá,MARINGA,PR,Nome da empresa: PAMAQ PARANA MAQ. ESCR. LTDA.,Paraná MARINGA,"Paraná MARINGA

Nome da empresa: PAMAQ PARANA MAQ. ESCR. LTDA.

Telefone: 44 32243956 / 44 32247575

E-mail: suporte@pamaqpr.com.br",NORMAL,,,,,,"[""44 32243956"",""44 32247575""]","[""suporte@pamaqpr.com.br""]",[],[],[],-23.4205,-51.9333,,,municipality,Maringá/PR,True
355,4119905,Ponta Grossa,PONTA GROSSA,PR,EDMAR HONORIO DE CASTRO – ASSISTEMAQ,Paraná PONTA GROSSA,"Paraná PONTA GROSSA

EDMAR HONORIO DE CASTRO – ASSISTEMAQ

CNPJ: 85.474.013/0001-55

assistemaqpg@hotmail.com

42 9932-0536 LILIAN

RUA MINAS GERAIS, 768 – BOA VISTA

CEP: 84070-040 PONTA GROSSA - PR",NORMAL,,"RUA MINAS GERAIS, 768 – BOA VISTA, Ponta Grossa/PR",,84070-040,,"[""42 9932-0536""]","[""assistemaqpg@hotmail.com""]","[""85.474.013/0001-55""]","[""84070-040""]","[""RUA MINAS GERAIS, 768 – BOA VISTA, Ponta Grossa/PR""]",-25.0916,-50.1668,,,municipality,Ponta Grossa/PR,True
356,4119905,Ponta Grossa,PONTA GROSSA,PR,Nome da empresa: VALDIR HAAS,Paraná PONTA GROSSA,"Paraná PONTA GROSSA

Nome da empresa: VALDIR HAAS

CNPJ: 05.979.833/0001-60

Telefone: 42 32279989 / 42 991019989

E-mail: valdir.haas@terra.com.br

End: Rua Elias Miguel Maia, 321, Boa Vista - Vila Los Angeles Ponta Grossa/PR - CEP 84071-230",NORMAL,,"Rua Elias Miguel Maia, 321, Boa Vista - Vila Los Angeles Ponta Grossa/PR - CEP 84071-230",,84071-230,,"[""42 32279989"",""42 991019989""]","[""valdir.haas@terra.com.br""]","[""05.979.833/0001-60""]","[""84071-230""]","[""Rua Elias Miguel Maia, 321, Boa Vista - Vila Los Angeles Ponta Grossa/PR - CEP 84071-230""]",-25.0916,-50.1668,,,municipality,Ponta Grossa/PR,True
357,4119905,Ponta Grossa,PONTA GROSSA,PR,Nome da empresa: LUCIA GRZGORCZYKI,Paraná PONTA GROSSA,"Paraná PONTA GROSSA

Nome da empresa: LUCIA GRZGORCZYKI

CNP: 10.689.546/0001-55

Telefone: 42 3236-2893 / 42 99923-7734 LUCIA

E-mail: eder_refrigeracao@hotmail.com

End: Rua ELIAS MIGUEL MAIA n 202 CEP : 84071-230 Boa Vista",NORMAL,,"Rua ELIAS MIGUEL MAIA n 202 CEP : 84071-230 Boa Vista, Ponta Grossa/PR",,84071-230,,"[""42 3236-2893"",""42 99923-7734""]","[""eder_refrigeracao@hotmail.com""]","[""10.689.546/0001-55""]","[""84071-230""]","[""Rua ELIAS MIGUEL MAIA n 202 CEP : 84071-230 Boa Vista, Ponta Grossa/PR""]",-25.0916,-50.1668,,,municipality,Ponta Grossa/PR,True
358,4119905,Ponta Grossa,PONTA GROSSA,PR,ALERSSON DIEGO ALABI UHAILE,Paraná PONTA GROSSA,"Paraná PONTA GROSSA

ALERSSON DIEGO ALABI UHAILE

(42) 32395303 / dipomaq07@gmail.com",NORMAL,,,,,,"[""(42) 32395303""]","[""dipomaq07@gmail.com""]",[],[],[],-25.0916,-50.1668,,,municipality,Ponta Grossa/PR,True
359,4119905,Ponta Grossa,PONTA GROSSA,PR,BRUSTOLIN TRANSPORTE E REPARAÇÃO LTDA,Paraná PONTA GROSSA,"Paraná PONTA GROSSA

BRUSTOLIN TRANSPORTE E REPARAÇÃO LTDA

CNPJ: 07.227.356/0001-01

financeiro.brustolin@uol.com.br

42 3227-3777

AV. DOM PEDRO II, 1016 – SL 203 – NOVA RUSSIA

CEP: 84053-000 PONTA GROSSA – PR",NORMAL,,"AV. DOM PEDRO II, 1016 – SL 203 – NOVA RUSSIA, Ponta Grossa/PR",,84053-000,,"[""42 3227-3777""]","[""financeiro.brustolin@uol.com.br""]","[""07.227.356/0001-01""]","[""84053-000""]","[""AV. DOM PEDRO II, 1016 – SL 203 – NOVA RUSSIA, Ponta Grossa/PR""]",-25.0916,-50.1668,,,municipality,Ponta Grossa/PR,True
360,4122008,Rio Azul,RIO AZUL,PR,Nome da empresa: GENESIO VANDROVIESKI,Paraná RIO AZUL,"Paraná RIO AZUL

Nome da empresa: GENESIO VANDROVIESKI

TECFRIO ELETROTECNICA E REFRIGERACAO

Telefone: 42 34631205 / 42 991234737

E-mail: tecfriorioazul@hotmail.com

End: Rua Maria T. Ribeiro, 68, LOJA, Centro, Rio Azul/PR - CEP 84560-000",NORMAL,,"Rua Maria T. Ribeiro, 68, LOJA, Centro, Rio Azul/PR - CEP 84560-000",,84560-000,,"[""42 34631205"",""42 991234737""]","[""tecfriorioazul@hotmail.com""]",[],"[""84560-000""]","[""Rua Maria T. Ribeiro, 68, LOJA, Centro, Rio Azul/PR - CEP 84560-000""]",-25.7306,-50.7985,,,municipality,Rio Azul/PR,True
361,4124103,Santo Antônio da Platina,SANTO ANTONIO DA PLATINA,PR,Nome da empresa: W F GALVAO CAMARGO & CIA LTDA - ASSISTENCIA MAQ NEW,Paraná SANTO ANTÔNIO DA PLATINA,"Paraná SANTO ANTÔNIO DA PLATINA

Nome da empresa: W F GALVAO CAMARGO & CIA LTDA - ASSISTENCIA MAQ NEW

CNPJ: 14.320.183/0001-37

E-mail: newmaqassistencia@hotmail.com

Telefone: 43 3534-5500 / 43 99629-6635

RUA DEP. BENEDITO LUCIO MACHADO, 622 - Bairro: JARDIM SANTA EFIGÊNIA

CEP: 86.430-000 SANTO ANTÔNIO DA PLATINA – PR",NORMAL,,"RUA DEP. BENEDITO LUCIO MACHADO, 622 - Bairro: JARDIM SANTA EFIGÊNIA, Santo Antônio da Platina/PR",,86.430-000,,"[""43 3534-5500"",""43 99629-6635""]","[""newmaqassistencia@hotmail.com""]","[""14.320.183/0001-37""]","[""86.430-000""]","[""RUA DEP. BENEDITO LUCIO MACHADO, 622 - Bairro: JARDIM SANTA EFIGÊNIA, Santo Antônio da Platina/PR""]",-23.2959,-50.0815,,,municipality,Santo Antônio da Platina/PR,True
362,4101507,Arapongas,ARAPONGAS,PR,52.388.109 SUELEN CRISTINA VICENTE DOS SANTOS - OFICINA VAPOR,PARANÁ ARAPONGAS,"PARANÁ ARAPONGAS

52.388.109 SUELEN CRISTINA VICENTE DOS SANTOS - OFICINA VAPOR

CNPJ: 52.388.109/0001-41

suh2017vicente@gmail.com

43 9646-9377 WELINGTON

43 99622-4245

RUA GUARACAVA VERDE, 131 – RES. ARAPONGAS III

CEP: 86716-004 ARAPONGAS – PR",NORMAL,,"RUA GUARACAVA VERDE, 131 – RES. ARAPONGAS III/PR",,86716-004,,"[""43 9646-9377"",""43 99622-4245""]","[""suh2017vicente@gmail.com""]","[""52.388.109/0001-41""]","[""86716-004""]","[""RUA GUARACAVA VERDE, 131 – RES. ARAPONGAS III/PR""]",-23.4153,-51.4259,,,municipality,Arapongas/PR,True
363,4106902,Curitiba,CURITIBA,PR,54.280.611 GABRIEL ALVES BEJES – CONSERGAB,Paraná CURITIBA,"Paraná CURITIBA

54.280.611 GABRIEL ALVES BEJES – CONSERGAB

CNPJ: 54.280.611/0001-60

atconsergab@gmail.com

WhatsApp Gabriel: (41) 99927-8948

WhatsApp Milaine: (41) 98809-1073

Rua Clara Kuchenny, 625 – Abranches

CEP 82130-390 – Curitiba-PR",NORMAL,,"Rua Clara Kuchenny, 625 – Abranches, Curitiba/PR",,82130-390,,"[""(41) 99927-8948"",""(41) 98809-1073""]","[""atconsergab@gmail.com""]","[""54.280.611/0001-60""]","[""82130-390""]","[""Rua Clara Kuchenny, 625 – Abranches, Curitiba/PR""]",-25.4195,-49.2646,,,municipality,Curitiba/PR,True
364,4106902,Curitiba,CURITIBA,PR,ACETEC SERVICOS DE ASSISTENCIA TECNICA LTDA – ME,Paraná CURITIBA,"Paraná CURITIBA

ACETEC SERVICOS DE ASSISTENCIA TECNICA LTDA – ME

CNPJ: 17.946.085/0001-06

financeiro@aacetec.com.br / adm@aacetec.com.br

41 4102-6606 ESCRITORIO

41 98491-7169 CELSO

RUA GABRIEL RIBEIRO, 410 – SITIO CERCADO

CEP: 81925-620 CURITIBA - PR",NORMAL,,"RUA GABRIEL RIBEIRO, 410 – SITIO CERCADO, Curitiba/PR",,81925-620,,"[""41 4102-6606"",""41 98491-7169""]","[""financeiro@aacetec.com.br"",""adm@aacetec.com.br""]","[""17.946.085/0001-06""]","[""81925-620""]","[""RUA GABRIEL RIBEIRO, 410 – SITIO CERCADO, Curitiba/PR""]",-25.4195,-49.2646,,,municipality,Curitiba/PR,True
365,4106902,Curitiba,CURITIBA,PR,Nome da empresa: PRECISAO COMERCIO DE BALANCAS EIRELI ME,Paraná CURITIBA,"Paraná CURITIBA

Nome da empresa: PRECISAO COMERCIO DE BALANCAS EIRELI ME

Telefone: 41 3346-0883 / 41 99906-0347/9602-8324

E-mail: precisaobalancas@yahoo.com.br

End: R. José Ferreira Barros, 211 - Fanny, Curitiba - PR,CEP:81030-320",NORMAL,,"R. José Ferreira Barros, 211 - Fanny, Curitiba - PR,CEP:81030-320",,81030-320,,"[""41 3346-0883"",""41 99906-0347"",""9602-8324""]","[""precisaobalancas@yahoo.com.br""]",[],"[""81030-320""]","[""R. José Ferreira Barros, 211 - Fanny, Curitiba - PR,CEP:81030-320""]",-25.4195,-49.2646,,,municipality,Curitiba/PR,True
366,4106902,Curitiba,CURITIBA,PR,Nome da empresa: VALTER PEREIRA DA SILVA-EQUIPAMENTOS,Paraná CURITIBA,"Paraná CURITIBA

Nome da empresa: VALTER PEREIRA DA SILVA-EQUIPAMENTOS

Telefone: 41 3249-2675 / 41 99184-7651

E-mail: supercorte_valter@hotmail.com

End: Rua Antonio Pastre 113 CEP: 81450-390",NORMAL,,"Rua Antonio Pastre 113 CEP: 81450-390, Curitiba/PR",,81450-390,,"[""41 3249-2675"",""41 99184-7651""]","[""supercorte_valter@hotmail.com""]",[],"[""81450-390""]","[""Rua Antonio Pastre 113 CEP: 81450-390, Curitiba/PR""]",-25.4195,-49.2646,,,municipality,Curitiba/PR,True
367,4106902,Curitiba,CURITIBA,PR,Nome da empresa: ATLANTICA COM. BAL. PESAG.LTDA,Paraná CURITIBA,"Paraná CURITIBA

Nome da empresa: ATLANTICA COM. BAL. PESAG.LTDA

CNPJ: 79.727.236/0001-84

Telefone: 41 33459228 / 41 99700181

RUA JOAO BETTEGA n 2027, cep: 81070001 PORTAO, CURITIBA",NORMAL,,"RUA JOAO BETTEGA n 2027, cep: 81070001 PORTAO, CURITIBA/PR",,81070001,,"[""41 33459228"",""41 99700181""]",[],"[""79.727.236/0001-84""]","[""81070001""]","[""RUA JOAO BETTEGA n 2027, cep: 81070001 PORTAO, CURITIBA/PR""]",-25.4195,-49.2646,,,municipality,Curitiba/PR,True
368,4106902,Curitiba,CURITIBA,PR,IDEAL REFRIGERACAO COMERCIAL LTDA (ATLANTICA EQUIPAMENTOS),Paraná CURITIBA,"Paraná CURITIBA

IDEAL REFRIGERACAO COMERCIAL LTDA (ATLANTICA EQUIPAMENTOS)

CNPJ 09.643.286/0001-06

assistencia2@atlanticarefrigeracao.com.br

41 3345-9228 / 41 99970-0181 LILIAN

RUA JOAO BETTEGA, 2027 – PORTÃO

CEP: 81240-080 CURITIBA – PR",NORMAL,,"RUA JOAO BETTEGA, 2027 – PORTÃO, Curitiba/PR",,81240-080,,"[""41 3345-9228"",""41 99970-0181""]","[""assistencia2@atlanticarefrigeracao.com.br""]","[""09.643.286/0001-06""]","[""81240-080""]","[""RUA JOAO BETTEGA, 2027 – PORTÃO, Curitiba/PR""]",-25.4195,-49.2646,,,municipality,Curitiba/PR,True
369,4125506,São José dos Pinhais,SAO JOSE DOS PINHAIS,PR,Nome da empresa: COML. BREY LTDA.,Paraná SÃO JOSÉ DOS PINHAIS,"Paraná SÃO JOSÉ DOS PINHAIS

Nome da empresa: COML. BREY LTDA.

CNPJ: 02.608.645/0001-37

Telefone:41 32820088 / 41 999727183

E-mail: vendas2@comercialbrey.com",NORMAL,,,,,,"[""41 32820088"",""41 999727183""]","[""vendas2@comercialbrey.com""]","[""02.608.645/0001-37""]",[],[],-25.5313,-49.2031,,,municipality,São José dos Pinhais/PR,True
370,4125506,São José dos Pinhais,SAO JOSE DOS PINHAIS,PR,Nome da empresa: IGOR SOLUCOES PARA ALIMENTACAO E COM. DE REFRIGERACAO,Paraná SÃO JOSÉ DOS PINHAIS,"Paraná SÃO JOSÉ DOS PINHAIS

Nome da empresa: IGOR SOLUCOES PARA ALIMENTACAO E COM. DE REFRIGERACAO

Telefone: 41 32834643

E-mail: igor@igorsolucoes.com  larissa@igorsolucoes.com",NORMAL,,,,,,"[""41 32834643""]","[""igor@igorsolucoes.com"",""larissa@igorsolucoes.com""]",[],[],[],-25.5313,-49.2031,,,municipality,São José dos Pinhais/PR,True
371,4125605,São Mateus do Sul,SAO MATEUS DO SUL,PR,Nome da empresa: REFRISMA ASSISTENCIA TECNICA LTDA ( mão de obra cara),Paraná SÃO MATEUS DO SUL,"Paraná SÃO MATEUS DO SUL

Nome da empresa: REFRISMA ASSISTENCIA TECNICA LTDA ( mão de obra cara)

CNPJ: 20.016.262/0001-51

Telefone: 42 3532.6445 (WhatsApp)

E-mail: refrisma.assistencia@gmail.com / adm.refrisma@gmail.com

End: Rua PEDRO IGNASZEWSKI, 847 - JD. DNA HERMINIA",CONSULTAR_ANTES,MAO DE OBRA (?:MUITO )?CARA,"Rua PEDRO IGNASZEWSKI, 847 - JD. DNA HERMINIA, São Mateus do Sul/PR",,,,"[""42 3532.6445""]","[""refrisma.assistencia@gmail.com"",""adm.refrisma@gmail.com""]","[""20.016.262/0001-51""]",[],"[""Rua PEDRO IGNASZEWSKI, 847 - JD. DNA HERMINIA, São Mateus do Sul/PR""]",-25.8677,-50.384,,,municipality,São Mateus do Sul/PR,True
372,4103453,Cafelândia,CAFELANDIA,PR,Nome da empresa: C KRIK - SERVICOS - ME,Paraná CAFELÂNDIA,"Paraná CAFELÂNDIA

Nome da empresa: C KRIK - SERVICOS - ME

ELETROMAQUINAS

Telefone:  45 32412089 / 45 999685029

E-mail:  eletromaquinasrefrigeracao@hotmail.com",NORMAL,,,,,,"[""45 32412089"",""45 999685029""]","[""eletromaquinasrefrigeracao@hotmail.com""]",[],[],[],-24.6189,-53.3207,,,municipality,Cafelândia/PR,True
373,4106407,Cornélio Procópio,CORNELIO PROCOPIO,PR,AUTOMATIC INSTR. DE PRECISAO LTDA,Paraná CORNELIO PROCOPIO,"Paraná CORNELIO PROCOPIO

AUTOMATIC INSTR. DE PRECISAO LTDA

CNPJ: 00.748.409/0001-90

Telefone: 43 3523-3979 / 43 999738297

E-mail: automaticinstrumentos@gmail.com

RUA BENTO FERRAZ DE CAMPOS 506 - JD. BELA VISTA",NORMAL,,"RUA BENTO FERRAZ DE CAMPOS 506 - JD. BELA VISTA, Cornélio Procópio/PR",,,,"[""43 3523-3979"",""43 999738297""]","[""automaticinstrumentos@gmail.com""]","[""00.748.409/0001-90""]",[],"[""RUA BENTO FERRAZ DE CAMPOS 506 - JD. BELA VISTA, Cornélio Procópio/PR""]",-23.1829,-50.6498,,,municipality,Cornélio Procópio/PR,True
374,4112801,Joaquim Távora,JOAQUIM TAVORA,PR,Nome da empresa: KALEMPA & TEIXEIRA LTDA,Paraná JOAQUIM TÁVORA,"Paraná JOAQUIM TÁVORA

Nome da empresa: KALEMPA & TEIXEIRA LTDA

Telefone: 43 35592097

E-mail: marcom_marcos@hotmail.com",NORMAL,,,,,,"[""43 35592097""]","[""marcom_marcos@hotmail.com""]",[],[],[],-23.4987,-49.909,,,municipality,Joaquim Távora/PR,True
375,4113700,Londrina,LONDRINA,PR,Nome da empresa: R J A COM. ASSIST. TEC. BAL. ELETRONICAS,Paraná LONDRINA,"Paraná LONDRINA

Nome da empresa: R J A COM. ASSIST. TEC. BAL. ELETRONICAS

CNPJ: 82.411.505/0001-03

Telefone: 43 3329-3373 / 99998-8033 RAFAEL

E-mail: rjabalancas@sercomtel.com.br

End: Rua Quintino Bocaiuva, 1154 - Centro

Cep: 86020-150",NORMAL,,"Rua Quintino Bocaiuva, 1154 - Centro, Londrina/PR",,86020-150,,"[""43 3329-3373"",""99998-8033""]","[""rjabalancas@sercomtel.com.br""]","[""82.411.505/0001-03""]","[""86020-150""]","[""Rua Quintino Bocaiuva, 1154 - Centro, Londrina/PR""]",-23.304,-51.1691,,,municipality,Londrina/PR,True
376,4101408,Apucarana,APUCARANA,PR,GIOMAR BELINO ARGENTAO – ART FRIO REFRIGERAÇÃO,Paraná APUCARANA,"Paraná APUCARANA

GIOMAR BELINO ARGENTAO – ART FRIO REFRIGERAÇÃO

CNPJ: 22.083.362/0001-26

gilmar_argentao@hotmail.com

43 99810-9689

RUA TOMIO NAKAMURA, 11 – NUCLEO HAB. DAS INDUSTRIAS

CEP: 86806-616 APUCARANA – PR",NORMAL,,"RUA TOMIO NAKAMURA, 11 – NUCLEO HAB. DAS INDUSTRIAS, Apucarana/PR",,86806-616,,"[""43 99810-9689""]","[""gilmar_argentao@hotmail.com""]","[""22.083.362/0001-26""]","[""86806-616""]","[""RUA TOMIO NAKAMURA, 11 – NUCLEO HAB. DAS INDUSTRIAS, Apucarana/PR""]",-23.55,-51.4635,,,municipality,Apucarana/PR,True
377,4101408,Apucarana,APUCARANA,PR,REFRIGERACAO COLDMAX LTDA,Paraná APUCARANA,"Paraná APUCARANA

REFRIGERACAO COLDMAX LTDA

CNPJ: 20.605.320/0001-82

coldmaxrefrigeracao@hotmail.com

Telefone: 43 3422-5327 / 43 99916-1096

AVENIDA CURITIBA, 591 – BARRA FUNDA

CEP: 86800-605 APUCARANA – PR",NORMAL,,"AVENIDA CURITIBA, 591 – BARRA FUNDA, Apucarana/PR",,86800-605,,"[""43 3422-5327"",""43 99916-1096""]","[""coldmaxrefrigeracao@hotmail.com""]","[""20.605.320/0001-82""]","[""86800-605""]","[""AVENIDA CURITIBA, 591 – BARRA FUNDA, Apucarana/PR""]",-23.55,-51.4635,,,municipality,Apucarana/PR,True
378,4119806,Planalto,PLANALTO,PR,Nome da empresa: REFRIGERACAO CENTRO NOVO,Paraná PLANALTO,"Paraná PLANALTO

Nome da empresa: REFRIGERACAO CENTRO NOVO

Telefone: 46 3555-1564 / 46 93300-2656 / 46 99977-1696

E-mail: refrigeracaocentronovo1@yahoo.com

End: Rua Jacob Kaufgmann - Centro Novo, Planalto - PR, CEP: 85750-000",NORMAL,,"Rua Jacob Kaufgmann - Centro Novo, Planalto - PR, CEP: 85750-000",,85750-000,,"[""46 3555-1564"",""46 93300-2656"",""46 99977-1696""]","[""refrigeracaocentronovo1@yahoo.com""]",[],"[""85750-000""]","[""Rua Jacob Kaufgmann - Centro Novo, Planalto - PR, CEP: 85750-000""]",-25.7211,-53.7642,,,municipality,Planalto/PR,True
379,4109401,Guarapuava,GUARAPUAVA,PR,37.643.240 RAMON NUNES CENTOFANTI,Paraná GUARAPUAVA,"Paraná GUARAPUAVA

37.643.240 RAMON NUNES CENTOFANTI

CNPJ: 37.643.240/0001-14

ramon.rncentofanti@gmail.com

42 99964-7343 RAMON

AVENIDA BANDEIRANTES, 598 – PRIMAVERA

CEP: 85050-000",NORMAL,,"AVENIDA BANDEIRANTES, 598 – PRIMAVERA, Guarapuava/PR",,85050-000,,"[""42 99964-7343""]","[""ramon.rncentofanti@gmail.com""]","[""37.643.240/0001-14""]","[""85050-000""]","[""AVENIDA BANDEIRANTES, 598 – PRIMAVERA, Guarapuava/PR""]",-25.3902,-51.4623,,,municipality,Guarapuava/PR,True
380,4109401,Guarapuava,GUARAPUAVA,PR,42 9937-3464 VILSON,GUARAPUAVA – PR,"GUARAPUAVA – PR

CNPJ 22.270.626/0001-50 Vilson Coltro

Av. Professor Pedro Carli número 4177 Vila Carli Guarapuava Pr CEP: 85040005

42 9937-3464 VILSON",NORMAL,,Av. Professor Pedro Carli número 4177 Vila Carli Guarapuava Pr CEP: 85040005,,85040005,,"[""42 9937-3464""]",[],"[""22.270.626/0001-50""]","[""85040005""]","[""Av. Professor Pedro Carli número 4177 Vila Carli Guarapuava Pr CEP: 85040005""]",-25.3902,-51.4623,,,municipality,Guarapuava/PR,True
381,4109401,Guarapuava,GUARAPUAVA,PR,Nome da empresa: MARLI LEMOS DE LIMA HORBATEI COM. De MATERIAL ELETRICO – (ELETRO MOTOR ANJO),Paraná GUARAPUAVA,"Paraná GUARAPUAVA

Nome da empresa: MARLI LEMOS DE LIMA HORBATEI COM. De MATERIAL ELETRICO – (ELETRO MOTOR ANJO)

CNPJ: 36.696.866/0001-26

E-mail: eletromotoranjo@hotmail.com

42 98888-0647 / 42  3035-4944 Alessandra / 42 9977-8192 JOSE CARLOS TECNICO

RUA BRIGADEIRO ROCHA, 3513 – DOS ESTADOS

CEP: 85035-270  Guarapuava - PR",NORMAL,,"RUA BRIGADEIRO ROCHA, 3513 – DOS ESTADOS, Guarapuava/PR",,85035-270,,"[""42 98888-0647"",""42 3035-4944"",""42 9977-8192""]","[""eletromotoranjo@hotmail.com""]","[""36.696.866/0001-26""]","[""85035-270""]","[""RUA BRIGADEIRO ROCHA, 3513 – DOS ESTADOS, Guarapuava/PR""]",-25.3902,-51.4623,,,municipality,Guarapuava/PR,True
382,4106902,Curitiba,CURITIBA,PR,Nome da empresa: ROMARIO TELES DE LIMA – RTL ASSISTENCIA TECNICA,Paraná CURITIBA,"Paraná CURITIBA

Nome da empresa: ROMARIO TELES DE LIMA – RTL ASSISTENCIA TECNICA

CNPJ: 00.609.502/0001-14

Telefone: 41 32564541 / 41 999430055/ 41 992247449

recepcaortl@gmail.com

Rua José Milleck, 16 - Boa Vista

Cep: 82560-450 CURITIBA – PR",NORMAL,,"Rua José Milleck, 16 - Boa Vista, Curitiba/PR",,82560-450,,"[""41 32564541"",""41 999430055"",""41 992247449""]","[""recepcaortl@gmail.com""]","[""00.609.502/0001-14""]","[""82560-450""]","[""Rua José Milleck, 16 - Boa Vista, Curitiba/PR""]",-25.4195,-49.2646,,,municipality,Curitiba/PR,True
383,4127700,Toledo,TOLEDO,PR,A LOJA DO ARGENTINO LTDA,Paraná TOLEDO,"Paraná TOLEDO

A LOJA DO ARGENTINO LTDA

CNPJ: 39.877.895/0001-82

alojadoargentino@gmail.com

45 9112-3997 MARCELO SANCHEZ

AVENIDA MARIPA, 4384 – CENTRO

CEP: 85901-000 TOLEDO – PR",NORMAL,,"AVENIDA MARIPA, 4384 – CENTRO, Toledo/PR",,85901-000,,"[""45 9112-3997""]","[""alojadoargentino@gmail.com""]","[""39.877.895/0001-82""]","[""85901-000""]","[""AVENIDA MARIPA, 4384 – CENTRO, Toledo/PR""]",-24.7246,-53.7412,,,municipality,Toledo/PR,True
384,4127700,Toledo,TOLEDO,PR,A. ROSA EQUIPAMENTOS INDUSTRIAIS LTDA – AR TECH (MÃO DE OBRA CARA),Paraná TOLEDO,"Paraná TOLEDO

A. ROSA EQUIPAMENTOS INDUSTRIAIS LTDA – AR TECH (MÃO DE OBRA CARA)

CNPJ: 21.105.644/0001-14

financeiro@artech.srv.br

45 3277-1864 / 45 99148-0449

AV. MARIPA, 6884 - Jardim La Salle

CEP: 85902-060 TOLEDO – PR",CONSULTAR_ANTES,MAO DE OBRA (?:MUITO )?CARA,"AV. MARIPA, 6884 - Jardim La Salle, Toledo/PR",,85902-060,,"[""45 3277-1864"",""45 99148-0449""]","[""financeiro@artech.srv.br""]","[""21.105.644/0001-14""]","[""85902-060""]","[""AV. MARIPA, 6884 - Jardim La Salle, Toledo/PR""]",-24.7246,-53.7412,,,municipality,Toledo/PR,True
385,4106902,Curitiba,CURITIBA,PR,JUAREZ ANTONIO BATISTA - RCM RECUPERACAO E COMERCIO DE MAQUINAS,Paraná CURITIBA,"Paraná CURITIBA

JUAREZ ANTONIO BATISTA - RCM RECUPERACAO E COMERCIO DE MAQUINAS

CNPJ: 13.963.349/0001-70

compras@rcmtecnica.com.br

Telefone: 41 32733021 / 41 32733490 / 41 99228-9857

RUA IVETE MARIA VARGAS, 313 - São Braz

CEP 82300-690 CURITIBA - PR",NORMAL,,"RUA IVETE MARIA VARGAS, 313 - São Braz, Curitiba/PR",,82300-690,,"[""41 32733021"",""41 32733490"",""41 99228-9857""]","[""compras@rcmtecnica.com.br""]","[""13.963.349/0001-70""]","[""82300-690""]","[""RUA IVETE MARIA VARGAS, 313 - São Braz, Curitiba/PR""]",-25.4195,-49.2646,,,municipality,Curitiba/PR,True
386,4118402,Paranavaí,PARANAVAI,PR,ADRIANA OLIVEIRA BERNADELLI DE S. GOES - ME,Paraná PARANAVAI,"Paraná PARANAVAI

ADRIANA OLIVEIRA BERNADELLI DE S. GOES - ME

DIGITEC

digitec.pvai@bol.com.br

(44) 3423-6766  / 44 99869-5250 Osvaldo",NORMAL,,,,,,"[""(44) 3423-6766"",""44 99869-5250""]","[""digitec.pvai@bol.com.br""]",[],[],[],-23.0816,-52.4617,,,municipality,Paranavaí/PR,True
387,4118402,Paranavaí,PARANAVAI,PR,OSVALDO DE SOUZA GOES 24368164920,Paraná PARANAVAI,"Paraná PARANAVAI

OSVALDO DE SOUZA GOES 24368164920

CNPJ: 40.135.209/0001-87

nalvamonteiro2008@hotmail.com

44 3423-6766 / 44 99869-5250 Osvaldo

RUA ANTONIO JESUS DE OLIVEIRA, 1980 – VILA PRUDENCIO

CEP: 87702-310",NORMAL,,"RUA ANTONIO JESUS DE OLIVEIRA, 1980 – VILA PRUDENCIO, Paranavaí/PR",,87702-310,,"[""44 3423-6766"",""44 99869-5250""]","[""nalvamonteiro2008@hotmail.com""]","[""40.135.209/0001-87""]","[""87702-310""]","[""RUA ANTONIO JESUS DE OLIVEIRA, 1980 – VILA PRUDENCIO, Paranavaí/PR""]",-23.0816,-52.4617,,,municipality,Paranavaí/PR,True
388,4106902,Curitiba,CURITIBA,PR,Nome da empresa: TRIPAMAR COMERCIO DE EQUIPAMENTOS INDUSTRIAIS LIMITADOS,Paraná CURITIBA,"Paraná CURITIBA

Nome da empresa: TRIPAMAR COMERCIO DE EQUIPAMENTOS INDUSTRIAIS LIMITADOS

CNPJ: 05.001.602/0001-87

Telefone: 41 3248-7425

E-mail: tripamar@terra.com.br",NORMAL,,,,,,"[""41 3248-7425""]","[""tripamar@terra.com.br""]","[""05.001.602/0001-87""]",[],[],-25.4195,-49.2646,,,municipality,Curitiba/PR,True
389,4128104,Umuarama,UMUARAMA,PR,MAQ ASSISTENCIA ELETRO TECNICA LTDA,Paraná UMUARAMA,"Paraná UMUARAMA

MAQ ASSISTENCIA ELETRO TECNICA LTDA

CNPJ: 30.767.205/0001-68

maq.servico@gmail.com

(44) 98429-9575 MARCIANO / 99751-1119

AV. GOVERNADOR PARIGOT DE SOUZA, 1908 QD03 LT 04 – ZONA VII

CEP: 87503-410 UMUARAMA – PR",NORMAL,,"AV. GOVERNADOR PARIGOT DE SOUZA, 1908 QD03 LT 04 – ZONA VII, Umuarama/PR",,87503-410,,"[""(44) 98429-9575"",""99751-1119""]","[""maq.servico@gmail.com""]","[""30.767.205/0001-68""]","[""87503-410""]","[""AV. GOVERNADOR PARIGOT DE SOUZA, 1908 QD03 LT 04 – ZONA VII, Umuarama/PR""]",-23.7656,-53.3201,,,municipality,Umuarama/PR,True
390,4113700,Londrina,LONDRINA,PR,LONDRIPESO COM. DE BAL. LTDA,Paraná LONDRINA,"Paraná LONDRINA

LONDRIPESO COM. DE BAL. LTDA

CNPJ: 81.396.806/0001-42

londripeso@hotmail.com

(43) 3329-3994

Rua Guaporé, 931",NORMAL,,"Rua Guaporé, 931, Londrina/PR",,,,"[""(43) 3329-3994""]","[""londripeso@hotmail.com""]","[""81.396.806/0001-42""]",[],"[""Rua Guaporé, 931, Londrina/PR""]",-23.304,-51.1691,,,municipality,Londrina/PR,True
391,4104303,Campo Mourão,CAMPO MOURAO,PR,R C COVALSKI – AFIACAO,Paraná CAMPO MOURAO,"Paraná CAMPO MOURAO

R C COVALSKI – AFIACAO

CNPJ: 04.266.670/0001-05

(44) 35248261 / delta@deltaasses.com.br

Rua Ney Braga, 1035 - Jardim Izabel - Campo Mourão - PR",NORMAL,,"Rua Ney Braga, 1035 - Jardim Izabel - Campo Mourão - PR",,,,"[""(44) 35248261""]","[""delta@deltaasses.com.br""]","[""04.266.670/0001-05""]",[],"[""Rua Ney Braga, 1035 - Jardim Izabel - Campo Mourão - PR""]",-24.0463,-52.378,,,municipality,Campo Mourão/PR,True
392,4106902,Curitiba,CURITIBA,PR,Nome da empresa: E MARTINS FERRAMENTAS ME,Paraná CURITIBA,"Paraná CURITIBA

Nome da empresa: E MARTINS FERRAMENTAS ME

Telefone: 41 32863480

E-mail: eferramentas@hotmail.com

PAULO LUBAS FERRAMENTAS MANUTENCAO E AFIACAO

PL 100%

(41) 3084-0129 / paulolubas100@hotmail.com",NORMAL,,,,,,"[""41 32863480"",""(41) 3084-0129""]","[""eferramentas@hotmail.com"",""paulolubas100@hotmail.com""]",[],[],[],-25.4195,-49.2646,,,municipality,Curitiba/PR,True
393,4104808,Cascavel,CASCAVEL,PR,JAT Eletrônica e Assistência Técnica LTDA,Paraná CASCAVEL,"Paraná CASCAVEL

JAT Eletrônica e Assistência Técnica LTDA

CNPJ: 08.434.679/0001-39

jatassistencia@hotmail.com

Fone: (45) 3226-0077 Fernando: (45) 999692219  Lucélio: (45)999110706

R. Presidente Bernardes Nº: 2488 / Fundos

CEP: 85810-130 Cascavel - PR",NORMAL,,,,85810-130,,"[""(45) 3226-0077"",""(45) 999692219"",""(45)999110706""]","[""jatassistencia@hotmail.com""]","[""08.434.679/0001-39""]","[""85810-130""]",[],-24.9573,-53.459,,,municipality,Cascavel/PR,True
394,4104808,Cascavel,CASCAVEL,PR,TALITA ATAIDES DA ROSA - ANVAT SOLUCOES,Paraná CASCAVEL,"Paraná CASCAVEL

TALITA ATAIDES DA ROSA - ANVAT SOLUCOES

CNPJ: 27.038.755/0001-31

(45) 9 99115930 / 99998-5424

Av. Sabiá, 913 - Floresta, Cascavel - PR, cep: 85814-730",NORMAL,,"Av. Sabiá, 913 - Floresta, Cascavel - PR, cep: 85814-730",,85814-730,,"[""99115930"",""99998-5424""]",[],"[""27.038.755/0001-31""]","[""85814-730""]","[""Av. Sabiá, 913 - Floresta, Cascavel - PR, cep: 85814-730""]",-24.9573,-53.459,,,municipality,Cascavel/PR,True
395,4104808,Cascavel,CASCAVEL,PR,VALDAIR JOSE AURELUK 78723973900,Paraná CASCAVEL,"Paraná CASCAVEL

VALDAIR JOSE AURELUK 78723973900

(45) 32248872 / mapa.contabilidade@outlook.com

Rua Antonio Lucas de Castilhos, 192 NEVA CASCAVEL - PR  
85802-330",NORMAL,,"Rua Antonio Lucas de Castilhos, 192 NEVA CASCAVEL - PR",,85802-330,,"[""(45) 32248872""]","[""mapa.contabilidade@outlook.com""]",[],"[""85802-330""]","[""Rua Antonio Lucas de Castilhos, 192 NEVA CASCAVEL - PR""]",-24.9573,-53.459,,,municipality,Cascavel/PR,True
396,4104808,Cascavel,CASCAVEL,PR,Nome da empresa: LENZI COM. DE EQUIP. PARA MERCADOS LTDA,Paraná CASCAVEL,"Paraná CASCAVEL

Nome da empresa: LENZI COM. DE EQUIP. PARA MERCADOS LTDA

ASSISTEK

Telefone: 45 30357407 / 45 991539242

E-mail: chamados@assistekassistencia.com.br

MM BALANCAS EIRELI - EPP (TM BALANCAS) – NÃO SOLICITAR ATENDIMENTO EM GARANTIA E NEM FAZER INDICAÇÃO

CNPJ: 08.981.817/0001-08

45 98802-2910   3222-3636 ANTONIO

Rua Engenheiro Reboucas, 1911 - Centro - 85812-131- Cascavel/ PR",NAO_INDICAR,NAO SOLICITAR,"Rua Engenheiro Reboucas, 1911 - Centro - 85812-131- Cascavel/ PR",,85812-131,,"[""45 30357407"",""45 991539242"",""45 98802-2910"",""3222-3636""]","[""chamados@assistekassistencia.com.br""]","[""08.981.817/0001-08""]","[""85812-131""]","[""Rua Engenheiro Reboucas, 1911 - Centro - 85812-131- Cascavel/ PR""]",-24.9573,-53.459,,,municipality,Cascavel/PR,True
397,4217709,Sombrio,SOMBRIO,SC,DIOMAR MEDEIROS VALIM – (MÃO DE OBRA MUITO CARA),SANTA CATARINA SOMBRIO,"SANTA CATARINA SOMBRIO

DIOMAR MEDEIROS VALIM – (MÃO DE OBRA MUITO CARA)

CNPJ: 30.627.878/0001-12

medeirosvalim@gmail.com

48 99153-1235 DIOMAR

RUA BRENO CARDOSO, 610 – SÃO LUIZ

CEP: 88960-000 SOMBRIO – SC",CONSULTAR_ANTES,MAO DE OBRA (?:MUITO )?CARA,"RUA BRENO CARDOSO, 610 – SÃO LUIZ, Sombrio/SC",,88960-000,,"[""48 99153-1235""]","[""medeirosvalim@gmail.com""]","[""30.627.878/0001-12""]","[""88960-000""]","[""RUA BRENO CARDOSO, 610 – SÃO LUIZ, Sombrio/SC""]",-29.108,-49.6328,,,municipality,Sombrio/SC,True
398,4208104,Itaiópolis,ITAIOPOLIS,SC,JOAO WOJCISKI 04910409971,SANTA CATARINA ITAIÓPOLIS,"SANTA CATARINA ITAIÓPOLIS

JOAO WOJCISKI 04910409971

CNPJ: 22.189.188/0001-09

joao.rodomaq@hotmail.com

47 98439-9436 JOÃO

RUA CABO ANTONIO HEMPEL, 139 – PARAGUAÇU

CEP: 89340-000 ITAIOPOLIS – SC",NORMAL,,"RUA CABO ANTONIO HEMPEL, 139 – PARAGUAÇU, Itaiópolis/SC",,89340-000,,"[""47 98439-9436""]","[""joao.rodomaq@hotmail.com""]","[""22.189.188/0001-09""]","[""89340-000""]","[""RUA CABO ANTONIO HEMPEL, 139 – PARAGUAÇU, Itaiópolis/SC""]",-26.339,-49.9092,,,municipality,Itaiópolis/SC,True
399,4201208,Antônio Carlos,ANTONIO CARLOS,SC,FORMULA USINAGEM LTDA,SANTA CATARINA BIGUAÇU - Antônio Carlos,"SANTA CATARINA BIGUAÇU - Antônio Carlos

FORMULA USINAGEM LTDA

CNPJ: 38.949.358/0001-38

engenharia@formulausinagem.com.br

48 9119-0962 BRUNO

OFICINA: Rua Maria Reitz Schmitz, 110 – Centro

CEP: 88180-191 Antônio Carlos – SC

ENDEREÇO CADASTRO: AREA RURAL, 162-179 CASA RUA AMARO M. FARIA/LOTEAMENTO SANTA CATARINA – BAIRRO: MORRO DA BINA

CEP: 88169-899 BIGUAÇU - SC",NORMAL,,"Rua Maria Reitz Schmitz, 110 – Centro, Antônio Carlos/SC",,88180-191,,"[""48 9119-0962""]","[""engenharia@formulausinagem.com.br""]","[""38.949.358/0001-38""]","[""88180-191"",""88169-899""]","[""Rua Maria Reitz Schmitz, 110 – Centro, Antônio Carlos/SC""]",-27.5191,-48.766,,,municipality,Antônio Carlos/SC,True
400,4219309,Videira,VIDEIRA,SC,ORMEG COMERCIO DE PEÇAS E SERVIÇOS LTDA,SANTA CATARINA VIDEIRA,"SANTA CATARINA VIDEIRA

ORMEG COMERCIO DE PEÇAS E SERVIÇOS LTDA

CNPJ: 12.022.374/0001-97

elena.ormeg@gmail.com

49 3566-3046 ELENA

AVENIDA DOM PEDRO II, 383 – CENTRO

CEP: 89560-210 – VIDEIRA – SC",NORMAL,,"AVENIDA DOM PEDRO II, 383 – CENTRO, Videira/SC",,89560-210,,"[""49 3566-3046""]","[""elena.ormeg@gmail.com""]","[""12.022.374/0001-97""]","[""89560-210""]","[""AVENIDA DOM PEDRO II, 383 – CENTRO, Videira/SC""]",-27.0086,-51.1543,,,municipality,Videira/SC,True
401,4218004,Tijucas,TIJUCAS,SC,GABRIEL LEMOS FREITAS – FERROVALE,SANTA CATARINA TIJUCAS,"SANTA CATARINA TIJUCAS

GABRIEL LEMOS FREITAS – FERROVALE

CNPJ: 23.722.030/0001-07

motores@ferrovale.com.br

48 99989-9451

RUA JUVENTINO GIACOMOSSI, 73 – CENTRO

CEP: 88200-212 TIJUCAS – SC",NORMAL,,"RUA JUVENTINO GIACOMOSSI, 73 – CENTRO, Tijucas/SC",,88200-212,,"[""48 99989-9451""]","[""motores@ferrovale.com.br""]","[""23.722.030/0001-07""]","[""88200-212""]","[""RUA JUVENTINO GIACOMOSSI, 73 – CENTRO, Tijucas/SC""]",-27.2354,-48.6322,,,municipality,Tijucas/SC,True
402,4218004,Tijucas,TIJUCAS,SC,JIBL SERVICOS E EQUIPAMENTOS GASTRONOMICOS,SANTA CATARINA TIJUCAS,"SANTA CATARINA TIJUCAS

JIBL SERVICOS E EQUIPAMENTOS GASTRONOMICOS

CNPJ: 41.929.536/0001-73

financeiro@iblequipamentos.com.br

48 99980-8685 BATISTA

RUA ALINOR FURTADO, 425 – JOAIA

CEP: 88200-000 TIJUCAS – SC",NORMAL,,"RUA ALINOR FURTADO, 425 – JOAIA, Tijucas/SC",,88200-000,,"[""48 99980-8685""]","[""financeiro@iblequipamentos.com.br""]","[""41.929.536/0001-73""]","[""88200-000""]","[""RUA ALINOR FURTADO, 425 – JOAIA, Tijucas/SC""]",-27.2354,-48.6322,,,municipality,Tijucas/SC,True
403,4209409,Laguna,LAGUNA,SC,FORTHE MOTORES LTDA,SANTA CATARINA LAGUNA,"SANTA CATARINA LAGUNA

FORTHE MOTORES LTDA

CNPJ: 06.929.007/0001-79

forthemotores@gmail.com

48 3644-5335 / 99687-2559 ELTON

AV. CALISTRATO MULLER SALLES, 230 – PROGRESSO

CEP: 88790-000 LAGUNA – SC",NORMAL,,"AV. CALISTRATO MULLER SALLES, 230 – PROGRESSO, Laguna/SC",,88790-000,,"[""48 3644-5335"",""99687-2559""]","[""forthemotores@gmail.com""]","[""06.929.007/0001-79""]","[""88790-000""]","[""AV. CALISTRATO MULLER SALLES, 230 – PROGRESSO, Laguna/SC""]",-28.4843,-48.7772,,,municipality,Laguna/SC,True
404,4218202,Timbó,TIMBO,SC,EDUARDO FELIPE MORATELLI – EF MOTORES ELETRONICOS,SANTA CATARINA TIMBÓ,"SANTA CATARINA TIMBÓ

EDUARDO FELIPE MORATELLI – EF MOTORES ELETRONICOS

CNPJ: 37.353.804/0001-84

motoreseletricosef@gmail.com

47 99728-1965 EDUARDO

RUA AUGUSTO BRANDT, 65 – POMERANOS

CEP: 89120-000 TIMBO - SC",NORMAL,,"RUA AUGUSTO BRANDT, 65 – POMERANOS, Timbó/SC",,89120-000,,"[""47 99728-1965""]","[""motoreseletricosef@gmail.com""]","[""37.353.804/0001-84""]","[""89120-000""]","[""RUA AUGUSTO BRANDT, 65 – POMERANOS, Timbó/SC""]",-26.8246,-49.269,,,municipality,Timbó/SC,True
405,4207502,Indaial,INDAIAL,SC,FABRICIO CARVALHO – FC O INSTALADOR,SANTA CATARINA INDAIAL - ***MÃO DE OBRA CARA***,"SANTA CATARINA INDAIAL - ***MÃO DE OBRA CARA***

FABRICIO CARVALHO – FC O INSTALADOR

CNPJ: 17.239.041/0001-38

fc.oinstalador@gmail.com

47 99163-7780 FABRICIO

RUA GUSTAVO LAUTH, 38 – SOL

CEP: 89086-110 INDAIAL – SC",CONSULTAR_ANTES,MAO DE OBRA (?:MUITO )?CARA,"RUA GUSTAVO LAUTH, 38 – SOL, Indaial/SC",,89086-110,,"[""47 99163-7780""]","[""fc.oinstalador@gmail.com""]","[""17.239.041/0001-38""]","[""89086-110""]","[""RUA GUSTAVO LAUTH, 38 – SOL, Indaial/SC""]",-26.8992,-49.2354,,,municipality,Indaial/SC,True
406,4207502,Indaial,INDAIAL,SC,EDUARDO VIEIRA CARDOSO SERVIÇOS – INDANOX METALMECÂNICA,SANTA CATARINA INDAIAL,"SANTA CATARINA INDAIAL

EDUARDO VIEIRA CARDOSO SERVIÇOS – INDANOX METALMECÂNICA

CNPJ: 21.526.808/0001-87

indanoxcontato@gmail.com

47 99214-0379

RUA DOUTOR BLUMENAU, 1799 – BAIRRO SOL

CEP: 89086-085 INDAIAL – SC",NORMAL,,"RUA DOUTOR BLUMENAU, 1799 – BAIRRO SOL, Indaial/SC",,89086-085,,"[""47 99214-0379""]","[""indanoxcontato@gmail.com""]","[""21.526.808/0001-87""]","[""89086-085""]","[""RUA DOUTOR BLUMENAU, 1799 – BAIRRO SOL, Indaial/SC""]",-26.8992,-49.2354,,,municipality,Indaial/SC,True
407,4212502,Penha,PENHA,SC,JAQUELINE PORTO DA SILVA DA CUNHA – GASTROCLIMA,SANTA CATARINA PENHA,"SANTA CATARINA PENHA

JAQUELINE PORTO DA SILVA DA CUNHA – GASTROCLIMA

CNPJ: 51.398.762/0001-29

47 99194-6850 JAQUELINE / 47 99198-8298 EZEQUIAS

ja.queh@hotmail.com

RUA OSORIO DOMINGOS CORREA, 280 - N. SENHORA DE FATIMA

CEP: 88385-000 PENHA – SC",NORMAL,,"RUA OSORIO DOMINGOS CORREA, 280 - N. SENHORA DE FATIMA, Penha/SC",,88385-000,,"[""47 99194-6850"",""47 99198-8298""]","[""ja.queh@hotmail.com""]","[""51.398.762/0001-29""]","[""88385-000""]","[""RUA OSORIO DOMINGOS CORREA, 280 - N. SENHORA DE FATIMA, Penha/SC""]",-26.7754,-48.6465,,,municipality,Penha/SC,True
408,4207007,Içara,ICARA,SC,TIAGO MEDEIROS CARDOSO - Assistência Técnica Kesia (SETMA),SANTA CATARINA IÇARA,"SANTA CATARINA IÇARA

TIAGO MEDEIROS CARDOSO - Assistência Técnica Kesia (SETMA)

CNPJ: 18.906.186/0001-08

setma.setma@gmail.com

(48)3437-5955

RUA SANTA RITA DE CASSIA, 575 - PRESIDENTE VARGAS",NORMAL,,"RUA SANTA RITA DE CASSIA, 575 - PRESIDENTE VARGAS, Içara/SC",,,,"[""(48)3437-5955""]","[""setma.setma@gmail.com""]","[""18.906.186/0001-08""]",[],"[""RUA SANTA RITA DE CASSIA, 575 - PRESIDENTE VARGAS, Içara/SC""]",-28.7132,-49.3087,,,municipality,Içara/SC,True
409,4205704,Garopaba,GAROPABA,SC,LORIVO DA ROSA (LORIMAR ASSISTENCIA ELETRICA MECANICA),SANTA CATARINA GAROPABA,"SANTA CATARINA GAROPABA

LORIVO DA ROSA (LORIMAR ASSISTENCIA ELETRICA MECANICA)

CNPJ: 37.066.397/0001-24

lorivodarosa@outlook.com

48 98501-3072 LORIVO

RUA ADELAIDE ARAUJO CARDOSO, 123 – AMBROSIO

CEP.: 88495-000",NORMAL,,"RUA ADELAIDE ARAUJO CARDOSO, 123 – AMBROSIO, Garopaba/SC",,88495-000,,"[""48 98501-3072""]","[""lorivodarosa@outlook.com""]","[""37.066.397/0001-24""]","[""88495-000""]","[""RUA ADELAIDE ARAUJO CARDOSO, 123 – AMBROSIO, Garopaba/SC""]",-28.0275,-48.6192,,,municipality,Garopaba/SC,True
410,4208906,Jaraguá do Sul,JARAGUA DO SUL,SC,ASSISTENCIA TECNICA CEAT LTDA – NUTRITEC,Santa Catarina JARAGUA DO SUL,"Santa Catarina JARAGUA DO SUL

ASSISTENCIA TECNICA CEAT LTDA – NUTRITEC

CNPJ: 13.295.188/0001-94

(47)  3050-0993 / assistencianutritec@gmail.com",NORMAL,,,,,,"[""(47) 3050-0993""]","[""assistencianutritec@gmail.com""]","[""13.295.188/0001-94""]",[],[],-26.4851,-49.0713,,,municipality,Jaraguá do Sul/SC,True
411,4202404,Blumenau,BLUMENAU,SC,BLUTEC MANUT. DE EQUIPAMENTOS P/ ACOUGUE LTDA,Santa Catarina BLUMENAU,"Santa Catarina BLUMENAU

BLUTEC MANUT. DE EQUIPAMENTOS P/ ACOUGUE LTDA

CNPJ: 15.344721/0001-96

blutecmanutencao@gmail.com

Tel.: (47) 3234-1506

Cel.: (47) 99166-9941 – IOLANDA",NORMAL,,,,15.344721,,"[""(47) 3234-1506"",""(47) 99166-9941""]","[""blutecmanutencao@gmail.com""]","[""15.344721/0001-96""]","[""15.344721""]",[],-26.9155,-49.0709,,,municipality,Blumenau/SC,True
412,4115804,Medianeira,MEDIANEIRA,PR,VENZON & VENZON LTDA,Paraná MEDIANEIRA,"Paraná MEDIANEIRA

VENZON & VENZON LTDA

(45)  3264-0565 /",NORMAL,,,,,,"[""(45) 3264-0565""]",[],[],[],[],-25.2977,-54.0943,,,municipality,Medianeira/PR,True
413,4202008,Balneário Camboriú,BALNEARIO CAMBORIU,SC,E. K. HOLODNIAK - (DATAPESO),Santa Catarina BALNEARIO CAMBORIU,"Santa Catarina BALNEARIO CAMBORIU

E. K. HOLODNIAK - (DATAPESO)

CNPJ: 10.479.438/0001-58

assistencia@datapeso.com.br

47 3241-6000 / 99963-2407

RUA 2550, 579 – CENTRO",NORMAL,,"RUA 2550, 579 – CENTRO, Balneário Camboriú/SC",,,,"[""47 3241-6000"",""99963-2407""]","[""assistencia@datapeso.com.br""]","[""10.479.438/0001-58""]",[],"[""RUA 2550, 579 – CENTRO, Balneário Camboriú/SC""]",-26.9926,-48.6352,,,municipality,Balneário Camboriú/SC,True
414,4202008,Balneário Camboriú,BALNEARIO CAMBORIU,SC,SERVEETEC MANUTENCAO E COMERCIO DE PEÇAS LTDA,Santa Catarina BALNEARIO CAMBORIU,"Santa Catarina BALNEARIO CAMBORIU

SERVEETEC MANUTENCAO E COMERCIO DE PEÇAS LTDA

CNPJ: 30.409.134/0001-21

joaoedimeia@uol.com.br

47 99947-3211 BRENO

RUA ITALIA, 411 – BAIRRO DAS NACOES

CEP: 88338-260 BALNEÁRIO CAMBORIU – SC",NORMAL,,"RUA ITALIA, 411 – BAIRRO DAS NACOES, Balneário Camboriú/SC",,88338-260,,"[""47 99947-3211""]","[""joaoedimeia@uol.com.br""]","[""30.409.134/0001-21""]","[""88338-260""]","[""RUA ITALIA, 411 – BAIRRO DAS NACOES, Balneário Camboriú/SC""]",-26.9926,-48.6352,,,municipality,Balneário Camboriú/SC,True
415,4208302,Itapema,ITAPEMA,SC,22.649.790 FABIO LUIZ ALGERI - Algeri Manutenções Gastronomicas,Santa Catarina ITAPEMA,"Santa Catarina ITAPEMA

22.649.790 FABIO LUIZ ALGERI - Algeri Manutenções Gastronomicas

CNPJ: 22.649.790/0001-73

algerimanutencoesgastronomicas@gmail.com

47 99963-6205 FABIO

RUA 406G, 120 – MORRETES

CEP: 88220-000 ITAPEMA – SC",NORMAL,,"RUA 406G, 120 – MORRETES, Itapema/SC",,88220-000,,"[""47 99963-6205""]","[""algerimanutencoesgastronomicas@gmail.com""]","[""22.649.790/0001-73""]","[""88220-000""]","[""RUA 406G, 120 – MORRETES, Itapema/SC""]",-27.0861,-48.616,,,municipality,Itapema/SC,True
416,4108403,Francisco Beltrão,FRANCISCO BELTRAO,PR,Nome da empresa: ADS REFRIGERACAO LTDA,Paraná FRANCISCO BELTRÃO,"Paraná FRANCISCO BELTRÃO

Nome da empresa: ADS REFRIGERACAO LTDA

Telefone: 46 3524-2022 / 46 99907-9410

E-mail: adsrefrigeracaofb@hotmail.com

End: Av. Luiz Antônio Faedo, 233, sl 06, Centro, CEP: 85601-275
Francisco Beltrão-PR",NORMAL,,"Av. Luiz Antônio Faedo, 233, sl 06, Centro, CEP: 85601-275, Francisco Beltrão/PR",,85601-275,,"[""46 3524-2022"",""46 99907-9410""]","[""adsrefrigeracaofb@hotmail.com""]",[],"[""85601-275""]","[""Av. Luiz Antônio Faedo, 233, sl 06, Centro, CEP: 85601-275, Francisco Beltrão/PR""]",-26.0817,-53.0535,,,municipality,Francisco Beltrão/PR,True
417,2607901,Jaboatão dos Guararapes,JABOATAO DOS GUARARAPES,PE,53.886.597 EMANUEL JOSE MARQUES DOS SANTOS,PERNAMBUCO JABOATÃO DOS GUARARAPES,"PERNAMBUCO JABOATÃO DOS GUARARAPES

53.886.597 EMANUEL JOSE MARQUES DOS SANTOS

CNPJ: 53.886.597/0001-80

etl.service@hotmail.com

81 98198-9256 EMANUEL (PARTE TÉCNICA)

81 98939-0179 ASSUNTOS ADMINISTRATIVOS

RUA DEZENOVE, 110 APTO 108 – CURADO

CEP: 54270-150 JABOATAO DOS GUARARAPES - PE",NORMAL,,"RUA DEZENOVE, 110 APTO 108 – CURADO, Jaboatão dos Guararapes/PE",,54270-150,,"[""81 98198-9256"",""81 98939-0179""]","[""etl.service@hotmail.com""]","[""53.886.597/0001-80""]","[""54270-150""]","[""RUA DEZENOVE, 110 APTO 108 – CURADO, Jaboatão dos Guararapes/PE""]",-8.11298,-35.015,,,municipality,Jaboatão dos Guararapes/PE,True
418,2603454,Camaragibe,CAMARAGIBE,PE,MARCIO ALEXANDRE DA COSTA PEREIRA – ELETROCLIMA,PERNAMBUCO CAMARAGIBE,"PERNAMBUCO CAMARAGIBE

MARCIO ALEXANDRE DA COSTA PEREIRA – ELETROCLIMA

CNPJ: 11.833.929/0001-18

contato@eletroclimbrasil.com.br

81 3458-9016 MARCIO

RUA MARIA APARECIDA DE BARROS, 290 – TIMBI

CEP: 54768-140 CAMARAGIBE – PE",NORMAL,,"RUA MARIA APARECIDA DE BARROS, 290 – TIMBI, Camaragibe/PE",,54768-140,,"[""81 3458-9016""]","[""contato@eletroclimbrasil.com.br""]","[""11.833.929/0001-18""]","[""54768-140""]","[""RUA MARIA APARECIDA DE BARROS, 290 – TIMBI, Camaragibe/PE""]",-8.02351,-34.9782,,,municipality,Camaragibe/PE,True
419,2611309,Pombos,POMBOS,PE,57.372.176 JOAO VITOR DA SILVA,PERNAMBUCO POMBOS (ATENDE SANTO ANTÃO – 11KM),"PERNAMBUCO POMBOS (ATENDE SANTO ANTÃO – 11KM)

57.372.176 JOAO VITOR DA SILVA

CNPJ: 57.372.176/0001-91

erikalourenzattocontabilidade@gmail.com

81 99428-4887 JOÃO VITOR

RUA ITAUNA, 39 – CANOES

CEP: 55630-000 POMBOS – PE",NORMAL,,"RUA ITAUNA, 39 – CANOES, Pombos/PE",,55630-000,,"[""81 99428-4887""]","[""erikalourenzattocontabilidade@gmail.com""]","[""57.372.176/0001-91""]","[""55630-000""]","[""RUA ITAUNA, 39 – CANOES, Pombos/PE""]",-8.13982,-35.3967,,,municipality,Pombos/PE,True
420,2610004,Palmares,PALMARES,PE,81 99986-2014 SERGIO,PERNAMBUCO – PALMARES,"PERNAMBUCO – PALMARES

81 99986-2014 SERGIO

AV CORONEL PEDRO PARANHOS, 226 – SÃO SEBASTIÃO

USA DADOS ABAIXO PARA NOTA DE SERVIÇO

43.163.288 HIALLY FERREIRA SAMPAIO

CNPJ: 43.163.288/0001-28",NORMAL,,"AV CORONEL PEDRO PARANHOS, 226 – SÃO SEBASTIÃO, Palmares/PE",,,,"[""81 99986-2014""]",[],"[""43.163.288/0001-28""]",[],"[""AV CORONEL PEDRO PARANHOS, 226 – SÃO SEBASTIÃO, Palmares/PE""]",-8.68423,-35.589,,,municipality,Palmares/PE,True
421,2604106,Caruaru,CARUARU,PE,"AC CONSULTORIA, SERVICOS E TRANSPORTE LTDA – MAKLOG SERVIÇOS",PERNAMBUCO - CARUARU,"PERNAMBUCO - CARUARU

AC CONSULTORIA, SERVICOS E TRANSPORTE LTDA – MAKLOG SERVIÇOS

CNPJ: 29.598.446/0001-41

anselmo.coutinho@maklog.com.br

81 99584-8000 ANSELMO

RUA PRIMEIRO DE MAIO, 39 – NSRA DAS DORES

CEP: 55002-130 – CARUARU – PE",NORMAL,,"RUA PRIMEIRO DE MAIO, 39 – NSRA DAS DORES, Caruaru/PE",,55002-130,,"[""81 99584-8000""]","[""anselmo.coutinho@maklog.com.br""]","[""29.598.446/0001-41""]","[""55002-130""]","[""RUA PRIMEIRO DE MAIO, 39 – NSRA DAS DORES, Caruaru/PE""]",-8.28455,-35.9699,,,municipality,Caruaru/PE,True
422,2604106,Caruaru,CARUARU,PE,WITALLANEI DA SILVA ME (BM PEÇAS),PERNAMBUCO - CARUARU,"PERNAMBUCO - CARUARU

WITALLANEI DA SILVA ME (BM PEÇAS)

CNPJ: 15.459.762/0001-28

(81)3095-8696 – 3722-0432 / 81 99999-6349

Telefones: (81) 3722.0432 | (81) 99946.3962

bmpecasassistencia@hotmail.com

END.: RUA CONEGO LUIZ GONZAFA, 32 – CENTRO",NORMAL,,"RUA CONEGO LUIZ GONZAFA, 32 – CENTRO, Caruaru/PE",,,,"[""(81)3095-8696"",""3722-0432"",""81 99999-6349"",""(81) 3722.0432"",""(81) 99946.3962""]","[""bmpecasassistencia@hotmail.com""]","[""15.459.762/0001-28""]",[],"[""RUA CONEGO LUIZ GONZAFA, 32 – CENTRO, Caruaru/PE""]",-8.28455,-35.9699,,,municipality,Caruaru/PE,True
423,2611606,Recife,RECIFE,PE,M DE S MORENO SILVA ME (BALMEC BALANÇAS),Pernambuco RECIFE,"Pernambuco RECIFE

M DE S MORENO SILVA ME (BALMEC BALANÇAS)

CNPJ: 06.889.003/0001-04

balmecbalancas@gmail.com

81 3428-1010 SANDRA

ESTRADA DOS REMEDIOS, 501 – 02 – AFOGADOS

CEP: 50770-120 RECIFE - PE",NORMAL,,"ESTRADA DOS REMEDIOS, 501 – 02 – AFOGADOS, Recife/PE",,50770-120,,"[""81 3428-1010""]","[""balmecbalancas@gmail.com""]","[""06.889.003/0001-04""]","[""50770-120""]","[""ESTRADA DOS REMEDIOS, 501 – 02 – AFOGADOS, Recife/PE""]",-8.04666,-34.8771,,,municipality,Recife/PE,True
424,2611606,Recife,RECIFE,PE,Nome da empresa: CLIMATEC SERVICOS TECNICOS LTDA EPP,Pernambuco RECIFE,"Pernambuco RECIFE

Nome da empresa: CLIMATEC SERVICOS TECNICOS LTDA EPP

Telefone: 81 34535652

E-mail: sac@climatec-ne.com.br

End: R. Cel. Lima Botelho, 76 – Iputinga

Cep: 50680-760",NORMAL,,"R. Cel. Lima Botelho, 76 – Iputinga, Recife/PE",,50680-760,,"[""81 34535652""]","[""sac@climatec-ne.com.br""]",[],"[""50680-760""]","[""R. Cel. Lima Botelho, 76 – Iputinga, Recife/PE""]",-8.04666,-34.8771,,,municipality,Recife/PE,True
425,2611606,Recife,RECIFE,PE,Fernanda Brasileiro Silva Rodrigues – GTEC JOPEB,Pernambuco RECIFE,"Pernambuco RECIFE

Fernanda Brasileiro Silva Rodrigues – GTEC JOPEB

CNPJ: 31.017.595/0001-11

jopeb.rec@gmail.com

81 98161-3260 GEORGE

Rua Nestor Moreira, 94 B – Imbiribeira

CEP: 51150-580 Recife - PE",NORMAL,,"Rua Nestor Moreira, 94 B – Imbiribeira, Recife/PE",,51150-580,,"[""81 98161-3260""]","[""jopeb.rec@gmail.com""]","[""31.017.595/0001-11""]","[""51150-580""]","[""Rua Nestor Moreira, 94 B – Imbiribeira, Recife/PE""]",-8.04666,-34.8771,,,municipality,Recife/PE,True
426,2611606,Recife,RECIFE,PE,J.C VIDES SERVIÇOS DE BALANÇAS ELETRÔNICAS LTDA,Pernambuco RECIFE,"Pernambuco RECIFE

J.C VIDES SERVIÇOS DE BALANÇAS ELETRÔNICAS LTDA

VIDESERV

(81) 997700069 JADIEL

AVENIDA MARECHAL MASCARENHAS DE MORAES, 4797 LOJA 1 E 2",NORMAL,,"AVENIDA MARECHAL MASCARENHAS DE MORAES, 4797 LOJA 1 E 2, Recife/PE",,,,"[""(81) 997700069""]",[],[],[],"[""AVENIDA MARECHAL MASCARENHAS DE MORAES, 4797 LOJA 1 E 2, Recife/PE""]",-8.04666,-34.8771,,,municipality,Recife/PE,True
427,2611606,Recife,RECIFE,PE,Nome da empresa: C. J. CAVALCANTI LAPA FILHO REFRIGERACAO ME (C.J. PEÇAS E SERVIÇOS),Pernambuco RECIFE,"Pernambuco RECIFE

Nome da empresa: C. J. CAVALCANTI LAPA FILHO REFRIGERACAO ME (C.J. PEÇAS E SERVIÇOS)

Telefone: (81) 33396509 OU (81) 30487509 (81) 991780259 ADRINA E MIRAM

E-mail: unidasrefatendimento@yahoo.com.br

End: RUA VINTE E UM DE ABRIL, 411 - AFOGADOS, RECIFE, PERNAMBUCO, CEP 50820-000, BRASIL.",NORMAL,,"RUA VINTE E UM DE ABRIL, 411 - AFOGADOS, RECIFE, PERNAMBUCO, CEP 50820-000, BRASIL./PE",,50820-000,,"[""(81) 33396509"",""(81) 30487509"",""(81) 991780259""]","[""unidasrefatendimento@yahoo.com.br""]",[],"[""50820-000""]","[""RUA VINTE E UM DE ABRIL, 411 - AFOGADOS, RECIFE, PERNAMBUCO, CEP 50820-000, BRASIL./PE""]",-8.04666,-34.8771,,,municipality,Recife/PE,True
428,2611606,Recife,RECIFE,PE,KADISA INDÚSTRIA E COMÉRCIO LTDA,Pernambuco RECIFE,"Pernambuco RECIFE

KADISA INDÚSTRIA E COMÉRCIO LTDA

CNPJ: 03.735242/0001-11

administracao@kadisa.com.br

(81) 3453-5652 / 99867-0589 EDILSON

Rua da Concordia, 831 - São José

CEP: 50020-055 RECIFE - PE",NORMAL,,"Rua da Concordia, 831 - São José, Recife/PE",,03.735242,,"[""(81) 3453-5652"",""99867-0589""]","[""administracao@kadisa.com.br""]","[""03.735242/0001-11""]","[""03.735242"",""50020-055""]","[""Rua da Concordia, 831 - São José, Recife/PE""]",-8.04666,-34.8771,,,municipality,Recife/PE,True
429,2611606,Recife,RECIFE,PE,NEWFILI ASSISTENCIA TECNICA E SERVICOS LTDA - FILISERVICE,Pernambuco RECIFE,"Pernambuco RECIFE

NEWFILI ASSISTENCIA TECNICA E SERVICOS LTDA - FILISERVICE

CNPJ: 60.017.682/0001-77

erissonmelo@gmail.com

81 98715-0211 MELO

ESTRADA DOS REMEDIOS, 1943 – ILHA DO RETIRO

CEP: 50750-265 RECIFE - PE",NORMAL,,"ESTRADA DOS REMEDIOS, 1943 – ILHA DO RETIRO, Recife/PE",,50750-265,,"[""81 98715-0211""]","[""erissonmelo@gmail.com""]","[""60.017.682/0001-77""]","[""50750-265""]","[""ESTRADA DOS REMEDIOS, 1943 – ILHA DO RETIRO, Recife/PE""]",-8.04666,-34.8771,,,municipality,Recife/PE,True
430,2601201,Arcoverde,ARCOVERDE,PE,Nome da empresa: J. CARVALHO ASSISTENCIA TECNICA,Pernambuco ARCOVERDE,"Pernambuco ARCOVERDE

Nome da empresa: J. CARVALHO ASSISTENCIA TECNICA

Telefone: 87 38226622 / 87 988044055

E-mail: jcarvalhome@hotmail.com

End: AV DOM PEDRO II, 101 - CENTRO, Cep: 56506-470",NORMAL,,"AV DOM PEDRO II, 101 - CENTRO, Cep: 56506-470, Arcoverde/PE",,56506-470,,"[""87 38226622"",""87 988044055""]","[""jcarvalhome@hotmail.com""]",[],"[""56506-470""]","[""AV DOM PEDRO II, 101 - CENTRO, Cep: 56506-470, Arcoverde/PE""]",-8.41519,-37.0577,,,municipality,Arcoverde/PE,True
431,2609907,Ouricuri,OURICURI,PE,PEDRO RODRIGUES SEVERO (ELETRO-AR INSTALAÇÕES),PERNAMBUCO OURICURI,"PERNAMBUCO OURICURI

PEDRO RODRIGUES SEVERO (ELETRO-AR INSTALAÇÕES)

CNPJ: 19.787.823/0001-37

87 99204-0540

AVENIDA CAPIM GROSSO, 510 - SANTA MARIA",NORMAL,,"AVENIDA CAPIM GROSSO, 510 - SANTA MARIA, Ouricuri/PE",,,,"[""87 99204-0540""]",[],"[""19.787.823/0001-37""]",[],"[""AVENIDA CAPIM GROSSO, 510 - SANTA MARIA, Ouricuri/PE""]",-7.87918,-40.08,,,municipality,Ouricuri/PE,True
432,2609907,Ouricuri,OURICURI,PE,JOAS P. DO NASCIMENTO JUNIOR ME,OURICURI – PE,"OURICURI – PE

PEDROELETROAR@GMAIL.COM

JOAS P. DO NASCIMENTO JUNIOR ME

OFICINA JOAS

(87) 99992-6561 / 99913-0996 JOAS

R. Pero Vas de Caminha, 352 - Aluizio Pinto - Cep. 55298-690",NORMAL,,,,55298-690,,"[""(87) 99992-6561"",""99913-0996""]","[""PEDROELETROAR@GMAIL.COM""]",[],"[""55298-690""]",[],-7.87918,-40.08,,,municipality,Ouricuri/PE,True
433,2606002,Garanhuns,GARANHUNS,PE,JERONIMO FERREIRA NUNES,Pernambuco GARANHUNS,"Pernambuco GARANHUNS

JERONIMO FERREIRA NUNES

ENERGYSERVICES ENGENHARIA

(81) 99386-3016 / 98949-5913

Rua Cinquenta e Cinco, 188 - Jardim Paulista - Cep. 53409-560",NORMAL,,"Rua Cinquenta e Cinco, 188 - Jardim Paulista - Cep. 53409-560, Garanhuns/PE",,53409-560,,"[""(81) 99386-3016"",""98949-5913""]",[],[],"[""53409-560""]","[""Rua Cinquenta e Cinco, 188 - Jardim Paulista - Cep. 53409-560, Garanhuns/PE""]",-8.88243,-36.4966,,,municipality,Garanhuns/PE,True
434,2609600,Olinda,OLINDA,PE,ERALDO ANTONIO DA SILVA - TECNI MULTIMARCAS,Pernambuco OLINDA,"Pernambuco OLINDA

ERALDO ANTONIO DA SILVA - TECNI MULTIMARCAS

CNPJ: 51.787.032/0001-10

tecniatendimento@gmail.com

81 98891-8355 YURI

AV. SEN. NILO DE SOUZA COELHO, 2195 – OURO PRETO

CEP: 53370-320 OLINDA – PE",NORMAL,,"AV. SEN. NILO DE SOUZA COELHO, 2195 – OURO PRETO, Olinda/PE",,53370-320,,"[""81 98891-8355""]","[""tecniatendimento@gmail.com""]","[""51.787.032/0001-10""]","[""53370-320""]","[""AV. SEN. NILO DE SOUZA COELHO, 2195 – OURO PRETO, Olinda/PE""]",-8.01017,-34.8545,,,municipality,Olinda/PE,True
435,2611101,Petrolina,PETROLINA,PE,62.563.078 JOSE ANDRELINO DA SILVA,Pernambuco PETROLINA,"Pernambuco PETROLINA

62.563.078 JOSE ANDRELINO DA SILVA

CNPJ: 62.563.078/0001-71

assistenciajomaq@gmail.com

87 99652-3710 ANDRELINO

RUA QUINZE, 360 – LOTEAMENTO RECIFE

CEP: 56320-773 PETROLINA - PE",NORMAL,,"RUA QUINZE, 360 – LOTEAMENTO RECIFE, Petrolina/PE",,56320-773,,"[""87 99652-3710""]","[""assistenciajomaq@gmail.com""]","[""62.563.078/0001-71""]","[""56320-773""]","[""RUA QUINZE, 360 – LOTEAMENTO RECIFE, Petrolina/PE""]",-9.38866,-40.5027,,,municipality,Petrolina/PE,True
436,2607208,Ipojuca,IPOJUCA,PE,MM REFRIGERACAO E COCCAO INDUSTRIAL LTDA,Pernambuco - IPOJUCA,"Pernambuco - IPOJUCA

MM REFRIGERACAO E COCCAO INDUSTRIAL LTDA

CNPJ: 48.331.479/0001-75

CONTATO: (81) 99245-1090 – HUMBERTO

E-MAIL: MARCONIMIRANDA@ICLOUD.COM

ENDEREÇO: ROD PE 009, S/N, KM 01, NOSSA SENHORA DO O - CEP: 55.590-000",NORMAL,,"ROD PE 009, S/N, KM 01, NOSSA SENHORA DO O - CEP: 55.590-000, Ipojuca/PE",,55.590-000,,"[""(81) 99245-1090""]","[""MARCONIMIRANDA@ICLOUD.COM""]","[""48.331.479/0001-75""]","[""55.590-000""]","[""ROD PE 009, S/N, KM 01, NOSSA SENHORA DO O - CEP: 55.590-000, Ipojuca/PE""]",-8.39303,-35.0609,,,municipality,Ipojuca/PE,True
437,2211001,Teresina,TERESINA,PI,M C ROCHA COMERCIO DE BALANÇAS LTDA (CASA DAS BALANÇAS) – MÃO DE OBRA CARA E SÓ ENTREGA EQUIPAMENTO APÓS PAGAMENTO,Piauí TERESINA,"Piauí TERESINA

M C ROCHA COMERCIO DE BALANÇAS LTDA (CASA DAS BALANÇAS) – MÃO DE OBRA CARA E SÓ ENTREGA EQUIPAMENTO APÓS PAGAMENTO

CNPJ: 25.125.651/0001-39

cbalancas1988.the@gmail.com

FONE: 86 99499-9755 JADER OU ALESSANDRO

AV. MIGUEL ROSA, 5555 SL A1 – NSRA DAS GRAÇAS

CEP.: 64018-550 TERESINA - PI",CONSULTAR_ANTES,MAO DE OBRA (?:MUITO )?CARA,"AV. MIGUEL ROSA, 5555 SL A1 – NSRA DAS GRAÇAS, Teresina/PI",,64018-550,,"[""86 99499-9755""]","[""cbalancas1988.the@gmail.com""]","[""25.125.651/0001-39""]","[""64018-550""]","[""AV. MIGUEL ROSA, 5555 SL A1 – NSRA DAS GRAÇAS, Teresina/PI""]",-5.09194,-42.8034,,,municipality,Teresina/PI,True
438,2211001,Teresina,TERESINA,PI,MAXIMILIANO DA SILVA SANTOS (MAX BALANÇAS),Piauí TERESINA,"Piauí TERESINA

MAXIMILIANO DA SILVA SANTOS (MAX BALANÇAS)
CNPJ: 28.089.640/0001-39

AV. INDUSTRIAL GIL MARTINS, 10 – QD C 10/2 – BAIRRO TABULETA

CEP: 64019.630

FONE: 86 3218-3086 / 86 99972-2461

maxibalancas@gmail.com",NORMAL,,"AV. INDUSTRIAL GIL MARTINS, 10 – QD C 10/2 – BAIRRO TABULETA, Teresina/PI",,,,"[""86 3218-3086"",""86 99972-2461""]","[""maxibalancas@gmail.com""]","[""28.089.640/0001-39""]",[],"[""AV. INDUSTRIAL GIL MARTINS, 10 – QD C 10/2 – BAIRRO TABULETA, Teresina/PI""]",-5.09194,-42.8034,,,municipality,Teresina/PI,True
439,2211001,Teresina,TERESINA,PI,EDUARDO DA SILVA FERREIRA – AKI-MAQUINAS E PEÇAS,PIAUÍ TERESINA,"PIAUÍ TERESINA

EDUARDO DA SILVA FERREIRA – AKI-MAQUINAS E PEÇAS

CNPJ: 57.558.125/0001-59

rhelpmaquinas@hotmail.com

86 3212-1709 / 86 98803-9922 CANDIDO

AV. PROFESSOR VALTER ALENCAR, 2266 LOJA 01 – MONTE CASTELO

CEP: 64017-425 TERESINA - PI",NORMAL,,"AV. PROFESSOR VALTER ALENCAR, 2266 LOJA 01 – MONTE CASTELO, Teresina/PI",,64017-425,,"[""86 3212-1709"",""86 98803-9922""]","[""rhelpmaquinas@hotmail.com""]","[""57.558.125/0001-59""]","[""64017-425""]","[""AV. PROFESSOR VALTER ALENCAR, 2266 LOJA 01 – MONTE CASTELO, Teresina/PI""]",-5.09194,-42.8034,,,municipality,Teresina/PI,True
440,2211001,Teresina,TERESINA,PI,Nome da empresa: **M DO S SILVA SOARES ME,**Piauí TERESINA**,"**Piauí TERESINA**

| Nome da empresa: **M DO S SILVA SOARES ME**
**CNPJ: 21.998.835/0001-52**
candidobalancas@hotmail.com |
| --- |

Telefone: (86) **3229-1325** / 86 98803-9922 CANDIDO

**AV PROF VALTER ALENCAR, n 1520**** ****LJ 01 ****- ****MACAUBA **

**Cep: 64016-096 ****TERESINA**** - PI**",NORMAL,,"AV PROF VALTER ALENCAR, n 1520**** ****LJ 01 ****- ****MACAUBA, Teresina/PI",,64016-096,,"[""3229-1325"",""86 98803-9922""]","[""candidobalancas@hotmail.com""]","[""21.998.835/0001-52""]","[""64016-096""]","[""AV PROF VALTER ALENCAR, n 1520**** ****LJ 01 ****- ****MACAUBA, Teresina/PI""]",-5.09194,-42.8034,,,municipality,Teresina/PI,True
441,4208203,Itajaí,ITAJAI,SC,RAFAELA DA CUNHA,Santa Catarina – ITAJAI,"Santa Catarina – ITAJAI

RAFAELA DA CUNHA

CNPJ: 35.786.633/0001-51

rafinhadacunha.rc@gmail.com

47 99928-9505 LUIZ TECNICO

47 99905-4669 RAFAELA

RUA ALVARO BERALDI, 400 BLOCO 7 APTO 205 – RESSACADA

CEP: 88307-740 ITAJAI – SC",NORMAL,,"RUA ALVARO BERALDI, 400 BLOCO 7 APTO 205 – RESSACADA, Itajaí/SC",,88307-740,,"[""47 99928-9505"",""47 99905-4669""]","[""rafinhadacunha.rc@gmail.com""]","[""35.786.633/0001-51""]","[""88307-740""]","[""RUA ALVARO BERALDI, 400 BLOCO 7 APTO 205 – RESSACADA, Itajaí/SC""]",-26.9101,-48.6705,,,municipality,Itajaí/SC,True
442,4208203,Itajaí,ITAJAI,SC,DOUGLAS DEBARBA – (AUTEC SOLAR),"Santa Catarina ITAJAI ( mão de obra caríssima, não chamar nem indicar)","Santa Catarina ITAJAI ( mão de obra caríssima, não chamar nem indicar)

DOUGLAS DEBARBA – (AUTEC SOLAR)

CNPJ: 20.601.942/0001-32

autec.energia.solar@gmail.com / douglas.debarba@hotmail.com

47 99950-6347 DOUGLAS

RUA OLAVO BILAC, 526 – SÃO VICENTE

CEP: 88309-440 ITAJAÍ - SC

**J CESAR DA VEIGA & CIA LTDA ME**

**cnpj: 02.410.217/0001-03**

47 3241-2142 / 99905-4669

veter.maquinas@gmail.com /  elisaternes@hotmail.com

** ENDEREÇO: **RUA OLAVO BILAC, nº 509 - Bairro: SÃO VICENTE",NAO_INDICAR,NAO CHAMAR,"RUA OLAVO BILAC, 526 – SÃO VICENTE, Itajaí/SC",,88309-440,,"[""47 99950-6347"",""47 3241-2142"",""99905-4669""]","[""autec.energia.solar@gmail.com"",""douglas.debarba@hotmail.com"",""veter.maquinas@gmail.com"",""elisaternes@hotmail.com""]","[""20.601.942/0001-32"",""02.410.217/0001-03""]","[""88309-440""]","[""RUA OLAVO BILAC, 526 – SÃO VICENTE, Itajaí/SC"",""**RUA OLAVO BILAC, nº 509 - Bairro: SÃO VICENTE, Itajaí/SC""]",-26.9101,-48.6705,,,municipality,Itajaí/SC,True
443,4208500,Ituporanga,ITUPORANGA,SC,MAQUIFRIG SERV. EQUIP. P/ FRIG. LTDA,Santa Catarina ITUPORANGA,"Santa Catarina ITUPORANGA

MAQUIFRIG SERV. EQUIP. P/ FRIG. LTDA

(47) 3533-1510 / maquifrig@uol.com.br",NORMAL,,,,,,"[""(47) 3533-1510""]","[""maquifrig@uol.com.br""]",[],[],[],-27.4101,-49.5963,,,municipality,Ituporanga/SC,True
444,3306107,Valença,VALENCA,RJ,"WZIMAR DE CARVALHO SILVA 12917626712 (FALOU QUE IA ATENDER O CLIENTE E NÃO FOI, NEM DEU SATISFAÇÃO)",RIO DE JANEIRO VALENÇA,"RIO DE JANEIRO VALENÇA

WZIMAR DE CARVALHO SILVA 12917626712 (FALOU QUE IA ATENDER O CLIENTE E NÃO FOI, NEM DEU SATISFAÇÃO)

CNPJ: 48.017.415/0001-02

wzymarcarvalhomello@gmail.com

24 99909-8770 WZIMAR

RUA MACIEL NASCIMENTO, 224 – VARGINHA

CEP: 27600-000 VALENÇA – RJ",NAO_INDICAR,NAO FOI,"RUA MACIEL NASCIMENTO, 224 – VARGINHA, Valença/RJ",,27600-000,,"[""24 99909-8770""]","[""wzymarcarvalhomello@gmail.com""]","[""48.017.415/0001-02""]","[""27600-000""]","[""RUA MACIEL NASCIMENTO, 224 – VARGINHA, Valença/RJ""]",-22.2445,-43.7129,,,municipality,Valença/RJ,True
445,3302601,Mangaratiba,MANGARATIBA,RJ,62.997.491 LUIZ PAULO DAS CHAGAS MARTURELLI (LUIZ PAULO SOLUÇÕES ELÉTRICAS),RIO DE JANEIRO MANGARATIBA,"RIO DE JANEIRO MANGARATIBA

62.997.491 LUIZ PAULO DAS CHAGAS MARTURELLI (LUIZ PAULO SOLUÇÕES ELÉTRICAS)

CNPJ: 62.997.491/0001-44

seueletricistalp@gmail.com

21 97900-9197 LUIZ

TRAVESSA FERROVIARIA LOURIVAL JOSE VIEIRA, 21 – ITACURUÇA

CEP: 23860-000 MANGARATIBA – RJ",NORMAL,,"TRAVESSA FERROVIARIA LOURIVAL JOSE VIEIRA, 21 – ITACURUÇA, Mangaratiba/RJ",,23860-000,,"[""21 97900-9197""]","[""seueletricistalp@gmail.com""]","[""62.997.491/0001-44""]","[""23860-000""]","[""TRAVESSA FERROVIARIA LOURIVAL JOSE VIEIRA, 21 – ITACURUÇA, Mangaratiba/RJ""]",-22.9594,-44.0409,,,municipality,Mangaratiba/RJ,True
446,3301207,Carmo,CARMO,RJ,43.566.106 RYAN TROPIANO DOS SANTOS,RIO DE JANEIRO – CARMO,"RIO DE JANEIRO – CARMO

43.566.106 RYAN TROPIANO DOS SANTOS

CNPJ: 43.566.106/0001-60

ryantropiano@hotmail.com

22 99275-5767 REINALDO

RUA EDMUNDO CHAVES MONTEIRO, 60 – BOM PASTOR

CEP: 28640-000 CARMO – RJ",NORMAL,,"RUA EDMUNDO CHAVES MONTEIRO, 60 – BOM PASTOR, Carmo/RJ",,28640-000,,"[""22 99275-5767""]","[""ryantropiano@hotmail.com""]","[""43.566.106/0001-60""]","[""28640-000""]","[""RUA EDMUNDO CHAVES MONTEIRO, 60 – BOM PASTOR, Carmo/RJ""]",-21.931,-42.6046,,,municipality,Carmo/RJ,True
447,3304706,Santo Antônio de Pádua,SANTO ANTONIO DE PADUA,RJ,JOSELIO LIANO DA SILVA – JS MANUTENÇÕES E REPARAÇÕES DE MAQUINAS,RIO DE JANEIRO – SANTO ANTÔNIO DE PÁDUA,"RIO DE JANEIRO – SANTO ANTÔNIO DE PÁDUA

JOSELIO LIANO DA SILVA – JS MANUTENÇÕES E REPARAÇÕES DE MAQUINAS

CNPJ: 40.761.065/0001-74

joselioliano3@gmail.com

22 98158-1017 JOSELIO

RUA MAJOR PADILHA, 0 – SÃO FELIX

CEP: 28470-000 SANTO ANTONIO DE PADUA - RJ",NORMAL,,"RUA MAJOR PADILHA, 0 – SÃO FELIX, Santo Antônio de Pádua/RJ",,28470-000,,"[""22 98158-1017""]","[""joselioliano3@gmail.com""]","[""40.761.065/0001-74""]","[""28470-000""]","[""RUA MAJOR PADILHA, 0 – SÃO FELIX, Santo Antônio de Pádua/RJ""]",-21.541,-42.1832,,,municipality,Santo Antônio de Pádua/RJ,True
448,3304300,Rio Bonito,RIO BONITO,RJ,LUCAS ARAUJO SANTOS – LUCAS MAQUINAS,RIO DE JANEIRO – RIO BONITO,"RIO DE JANEIRO – RIO BONITO

LUCAS ARAUJO SANTOS – LUCAS MAQUINAS

CNPJ: 16.845.559/0001-52

lucassantosaraujo58@gmail.com

21 99590-2444 LUCAS

RUA PINTO COELHO JUNIOR, 31 – CENTRO

CEP: 28800-000 RIO BONITO – RJ",NORMAL,,"RUA PINTO COELHO JUNIOR, 31 – CENTRO, Rio Bonito/RJ",,28800-000,,"[""21 99590-2444""]","[""lucassantosaraujo58@gmail.com""]","[""16.845.559/0001-52""]","[""28800-000""]","[""RUA PINTO COELHO JUNIOR, 31 – CENTRO, Rio Bonito/RJ""]",-22.7181,-42.6276,,,municipality,Rio Bonito/RJ,True
449,3306008,Três Rios,TRES RIOS,RJ,GN ELETRIC E HIDRO S/C LTDA,RIO DE JANEIRO – TRÊS RIOS,"RIO DE JANEIRO – TRÊS RIOS

GN ELETRIC E HIDRO S/C LTDA

CNPJ: 05.308.203/0001-63

gneletric@yahoo.com.br

24 2252-0573 / 99945-2987 GUILHERMANO

Estr. União e Indústria, 721 - Boa União KM 124

CEP: 25810-440 Três Rios - RJ",NORMAL,,,,25810-440,,"[""24 2252-0573"",""99945-2987""]","[""gneletric@yahoo.com.br""]","[""05.308.203/0001-63""]","[""25810-440""]",[],-22.1165,-43.2185,,,municipality,Três Rios/RJ,True
450,3302205,Itaperuna,ITAPERUNA,RJ,JOHNNY SILVA ABRUSSEZZE – CASA DAS MAQUINAS,RIO DE JANEIRO - ITAPERUNA,"RIO DE JANEIRO - ITAPERUNA

JOHNNY SILVA ABRUSSEZZE – CASA DAS MAQUINAS

CNPJ: 38.295.027/0001-21

casadasmaquinasloja@gmail.com

22 99913-6460 JOHNNY

RUA CORONEL JOSE BASTOS, 1280 – SA TINOCO",NORMAL,,"RUA CORONEL JOSE BASTOS, 1280 – SA TINOCO, Itaperuna/RJ",,,,"[""22 99913-6460""]","[""casadasmaquinasloja@gmail.com""]","[""38.295.027/0001-21""]",[],"[""RUA CORONEL JOSE BASTOS, 1280 – SA TINOCO, Itaperuna/RJ""]",-21.1997,-41.8799,,,municipality,Itaperuna/RJ,True
451,3302205,Itaperuna,ITAPERUNA,RJ,GENESLEI OLIVEIRA DA GAMA FILHO 01761122789 (NEI MAQUINAS),RIO DE JANEIRO - ITAPERUNA,"RIO DE JANEIRO - ITAPERUNA

GENESLEI OLIVEIRA DA GAMA FILHO 01761122789 (NEI MAQUINAS)

CNPJ: 43.344.150/0001-25

neimaquinasitap@gmail.com

FONE: 22 99946-6289 NEI GAMA

TRAVESSA ALVARODINIZ, 58 (CASA ALTOS) – CENTRO

CEP: 28300-000 ITAPERUNA – RJ

OFICINA: RUA MARIA ORTEGA ARRABAL, 271 – AEROPORTO

VANTRIP COM. E REPRESENTACOES LTDA

CNPJ: 07.031.440/0001-55

22 3822-6114 GUILHERME

RUA JOSE DE ASSIS BARBOSA 648 BAIRRO GOV. ROB. SILVEIRA",NORMAL,,"TRAVESSA ALVARODINIZ, 58 (CASA ALTOS) – CENTRO, Itaperuna/RJ",,28300-000,,"[""22 99946-6289"",""22 3822-6114""]","[""neimaquinasitap@gmail.com""]","[""43.344.150/0001-25"",""07.031.440/0001-55""]","[""28300-000""]","[""TRAVESSA ALVARODINIZ, 58 (CASA ALTOS) – CENTRO, Itaperuna/RJ"",""RUA MARIA ORTEGA ARRABAL, 271 – AEROPORTO, Itaperuna/RJ"",""RUA JOSE DE ASSIS BARBOSA 648 BAIRRO GOV. ROB. SILVEIRA, Itaperuna/RJ""]",-21.1997,-41.8799,,,municipality,Itaperuna/RJ,True
452,3302205,Itaperuna,ITAPERUNA,RJ,AMANDA NUNES DE SOUZA 13998787780 verificar se atende,ITAPERUNA RJ,"ITAPERUNA RJ

AMANDA NUNES DE SOUZA 13998787780 verificar se atende

BOSQUES, DOS, 394 - VILA SANTA TERESA
**BELFORD ROXO - RJ**
Telefones: (21) 98297.4218
leandrordom1994@gmail.com",CONSULTAR_ANTES,VERIFICAR,,,,,"[""(21) 98297.4218""]","[""leandrordom1994@gmail.com""]",[],[],[],-21.1997,-41.8799,,,municipality,Itaperuna/RJ,True
453,3304201,Resende,RESENDE,RJ,VIRTUAL TEC DE RESENDE MAQUINAS LTDA (TELEMAQ) – so atende equipamentos que ele revenda,Rio de Janeiro RESENDE,"Rio de Janeiro RESENDE

VIRTUAL TEC DE RESENDE MAQUINAS LTDA (TELEMAQ) – so atende equipamentos que ele revenda

CNPJ: 01.257.954/0001-47

telemaqrj@ig.com.br

24 3354-5601 / 24 98865-1609 PAULO

RUA ISAAC DAVID HALPERN, 230 – COMERCIAL

CEP: 27.542-140 RESENDE – RJ",NORMAL,,"RUA ISAAC DAVID HALPERN, 230 – COMERCIAL, Resende/RJ",,27.542-140,,"[""24 3354-5601"",""24 98865-1609""]","[""telemaqrj@ig.com.br""]","[""01.257.954/0001-47""]","[""27.542-140""]","[""RUA ISAAC DAVID HALPERN, 230 – COMERCIAL, Resende/RJ""]",-22.4705,-44.4509,,,municipality,Resende/RJ,True
454,3301009,Campos dos Goytacazes,CAMPOS DOS GOYTACAZES,RJ,ES INACIO MANUTENÇÃO DE MAQUINAS – GREENTECH,Rio de Janeiro CAMPOS DOS GOYTACAZES,"Rio de Janeiro CAMPOS DOS GOYTACAZES

ES INACIO MANUTENÇÃO DE MAQUINAS – GREENTECH

CNPJ: 39.254.295/0001-68

eduardo.souzainacio@gmail.com

22 99208-2034 EDUARDO

RUA SALDANHA MARINHO, 81 – CENTRO

CEP: 28013-021 CAMPOS DOS GOYTACAZES – RJ",NORMAL,,"RUA SALDANHA MARINHO, 81 – CENTRO, Campos dos Goytacazes/RJ",,28013-021,,"[""22 99208-2034""]","[""eduardo.souzainacio@gmail.com""]","[""39.254.295/0001-68""]","[""28013-021""]","[""RUA SALDANHA MARINHO, 81 – CENTRO, Campos dos Goytacazes/RJ""]",-21.7622,-41.3181,,,municipality,Campos dos Goytacazes/RJ,True
455,3301009,Campos dos Goytacazes,CAMPOS DOS GOYTACAZES,RJ,AYALAS FREITAS PESSANHA 08807548771 – AFP SOLUÇÕES ELETRICAS,Rio de Janeiro CAMPOS DOS GOYTACAZES,"Rio de Janeiro CAMPOS DOS GOYTACAZES

AYALAS FREITAS PESSANHA 08807548771 – AFP SOLUÇÕES ELETRICAS

CNPJ: 30.537.422/0001-61

afp.solucoeseletricas@gmail.com

22 99273-5921 – 99985-2924 DANIEL

RUA CAPITÃO MENEZES, 85 – PQ BARÃO DO RIO BRANCO

CEP: 28085-625 CAMPOS DOS GOYTACAZES – RJ",NORMAL,,"RUA CAPITÃO MENEZES, 85 – PQ BARÃO DO RIO BRANCO, Campos dos Goytacazes/RJ",,28085-625,,"[""22 99273-5921"",""99985-2924""]","[""afp.solucoeseletricas@gmail.com""]","[""30.537.422/0001-61""]","[""28085-625""]","[""RUA CAPITÃO MENEZES, 85 – PQ BARÃO DO RIO BRANCO, Campos dos Goytacazes/RJ""]",-21.7622,-41.3181,,,municipality,Campos dos Goytacazes/RJ,True
456,3301009,Campos dos Goytacazes,CAMPOS DOS GOYTACAZES,RJ,Nome da empresa: F A COM. DE MAQ. E EQUIP. DE PANIF. LTDA ME – MAQUIPAN,Rio de Janeiro CAMPOS DOS GOYTACAZES,"Rio de Janeiro CAMPOS DOS GOYTACAZES

Nome da empresa: F A COM. DE MAQ. E EQUIP. DE PANIF. LTDA ME – MAQUIPAN

CNPJ: 13.986.999/0001-31

Telefone: 22 27202497 / 22 998166588

E-mail: maquipan13@gmail.com

Rua Saldanha Marinho, 77 B – Centro

CEP: 28013-021 CAMPOS DOS GOYTACAZES - RJ",NORMAL,,"Rua Saldanha Marinho, 77 B – Centro, Campos dos Goytacazes/RJ",,28013-021,,"[""22 27202497"",""22 998166588""]","[""maquipan13@gmail.com""]","[""13.986.999/0001-31""]","[""28013-021""]","[""Rua Saldanha Marinho, 77 B – Centro, Campos dos Goytacazes/RJ""]",-21.7622,-41.3181,,,municipality,Campos dos Goytacazes/RJ,True
457,3301009,Campos dos Goytacazes,CAMPOS DOS GOYTACAZES,RJ,Nome da empresa: AMARO OLIVEIRA DA CONCEIÇÃO JUNIOR,Rio de Janeiro CAMPOS DOS GOYTACAZES,"Rio de Janeiro CAMPOS DOS GOYTACAZES

Nome da empresa: AMARO OLIVEIRA DA CONCEIÇÃO JUNIOR

Telefone: 22 27240773 / 22 999580733

E-mail: eletricakaimar@yahoo.com.br

End: AV PRESIDENTE KENNEDY n 531 bairro: PARQUE JOQUEI CLUB cep: 28020-010",NORMAL,,"AV PRESIDENTE KENNEDY n 531 bairro: PARQUE JOQUEI CLUB cep: 28020-010, Campos dos Goytacazes/RJ",,28020-010,,"[""22 27240773"",""22 999580733""]","[""eletricakaimar@yahoo.com.br""]",[],"[""28020-010""]","[""AV PRESIDENTE KENNEDY n 531 bairro: PARQUE JOQUEI CLUB cep: 28020-010, Campos dos Goytacazes/RJ""]",-21.7622,-41.3181,,,municipality,Campos dos Goytacazes/RJ,True
458,3303906,Petrópolis,PETROPOLIS,RJ,Nome da empresa: RMP COMÉRCIO E SERVIÇO TÉCNICO LTDA ME (QUALITEC SERVIÇO TÉCNICO),Rio de Janeiro PETROPOLIS,"Rio de Janeiro PETROPOLIS

Nome da empresa: RMP COMÉRCIO E SERVIÇO TÉCNICO LTDA ME (QUALITEC SERVIÇO TÉCNICO)

CNPJ: 20.591.561/0001-10

Telefone: 24 22802824 / 24 992034679/ 988442824 / 24 999861832

BRUNO GONÇALVES

E-mail : comercial@rmpservicos.com.br

End: Estrada Mineira, 1709 Correas - Petrópolis - RJ Cep: CEP 25720-250",NORMAL,,"Estrada Mineira, 1709 Correas - Petrópolis - RJ Cep: CEP 25720-250",,25720-250,,"[""24 22802824"",""24 992034679"",""988442824"",""24 999861832""]","[""comercial@rmpservicos.com.br""]","[""20.591.561/0001-10""]","[""25720-250""]","[""Estrada Mineira, 1709 Correas - Petrópolis - RJ Cep: CEP 25720-250""]",-22.52,-43.1926,,,municipality,Petrópolis/RJ,True
459,3302403,Macaé,MACAE,RJ,Nome da empresa: PETROLON MANUTENCAO INDUSTRIAL LTDA,Rio de Janeiro MACAÉ,"Rio de Janeiro MACAÉ

Nome da empresa: PETROLON MANUTENCAO INDUSTRIAL LTDA

CNPJ: 20.547.195/0001-00

Telefone: 22 21424774 / 22 997495274

E-mail: petrolonmacae@gmail.com

End:  R. Júpiter, 11 - Novo Cavaleiros, Cep: 27930-150",NORMAL,,"R. Júpiter, 11 - Novo Cavaleiros, Cep: 27930-150, Macaé/RJ",,27930-150,,"[""22 21424774"",""22 997495274""]","[""petrolonmacae@gmail.com""]","[""20.547.195/0001-00""]","[""27930-150""]","[""R. Júpiter, 11 - Novo Cavaleiros, Cep: 27930-150, Macaé/RJ""]",-22.3768,-41.7848,,,municipality,Macaé/RJ,True
460,3302403,Macaé,MACAE,RJ,INDUSMAC LOCACAO COM. E SERVICOS DE MAQ. E EQUIP. LTDA (MÃO DE OBRA CARA),Rio de Janeiro MACAÉ,"Rio de Janeiro MACAÉ

INDUSMAC LOCACAO COM. E SERVICOS DE MAQ. E EQUIP. LTDA (MÃO DE OBRA CARA)

CNPJ: 28.091.757/0001-57

indusmac.macae@gmail.com

22 99233-5949 PAULO

RUA VER. ADILSON FIGUEIRA DA SILVA, 107 – MIRAMAR

CEP: 27943-485 MACAÉ – RJ",CONSULTAR_ANTES,MAO DE OBRA (?:MUITO )?CARA,"RUA VER. ADILSON FIGUEIRA DA SILVA, 107 – MIRAMAR, Macaé/RJ",,27943-485,,"[""22 99233-5949""]","[""indusmac.macae@gmail.com""]","[""28.091.757/0001-57""]","[""27943-485""]","[""RUA VER. ADILSON FIGUEIRA DA SILVA, 107 – MIRAMAR, Macaé/RJ""]",-22.3768,-41.7848,,,municipality,Macaé/RJ,True
461,3301900,Itaboraí,ITABORAI,RJ,Nome da empresa: FABIO ROCHA FURTADO 11245002783,Rio de Janeiro ITABORAI,"Rio de Janeiro ITABORAI

Nome da empresa: FABIO ROCHA FURTADO 11245002783

CNPJ: 26.486.794/0001-39

Telefone: 21 97022-2540

E-mail: asrefrigeracao7@gmail.com / rochasfurtado@hotmail.com

RUA VINTE, 26 COND BID 2 – JOAQUIM DE OLIVEIRA

CEP: 24813-508 ITABORAI – RJ

Endereço para entrega correio:

RUA DONA BELA, 21 – TRÊS PONTES

HAPPY LAND 4 – CASA 270

CEP: 24809-230 ITABORAÍ – RJ",NORMAL,,"RUA VINTE, 26 COND BID 2 – JOAQUIM DE OLIVEIRA, Itaboraí/RJ",,24813-508,,"[""21 97022-2540""]","[""asrefrigeracao7@gmail.com"",""rochasfurtado@hotmail.com""]","[""26.486.794/0001-39""]","[""24813-508"",""24809-230""]","[""RUA VINTE, 26 COND BID 2 – JOAQUIM DE OLIVEIRA, Itaboraí/RJ"",""RUA DONA BELA, 21 – TRÊS PONTES, Itaboraí/RJ""]",-22.7565,-42.8639,,,municipality,Itaboraí/RJ,True
462,3303609,Paracambi,PARACAMBI,RJ,SUSANA GOULART – BIOTECH EQUIPAMENTOS,Rio de Janeiro PARACAMBI – MUDOU DE CIDADE,"Rio de Janeiro PARACAMBI – MUDOU DE CIDADE

SUSANA GOULART – BIOTECH EQUIPAMENTOS

CNPJ: 47.393.783/0001-84

biotech.equipamentos@hotmail.com

21 2697-6609 / 98400-1831 Wilson

AV. PREFEITO DELIO BASILIO LEAL, 500 BOX 14 A – CENTRO

CEP: 26.600-000 PARACAMBI – RJ",NORMAL,,"AV. PREFEITO DELIO BASILIO LEAL, 500 BOX 14 A – CENTRO, Paracambi/RJ",,26.600-000,,"[""21 2697-6609"",""98400-1831""]","[""biotech.equipamentos@hotmail.com""]","[""47.393.783/0001-84""]","[""26.600-000""]","[""AV. PREFEITO DELIO BASILIO LEAL, 500 BOX 14 A – CENTRO, Paracambi/RJ""]",-22.6078,-43.7108,,,municipality,Paracambi/RJ,True
463,3304557,Rio de Janeiro,RIO DE JANEIRO,RJ,"Perfectavares Assistência Técnica LTDA (NÃO ESTÁ NO MONDAY, NÃO FOI TRATADO VALORES)",Rio de Janeiro RIO DE JANEIRO,"Rio de Janeiro RIO DE JANEIRO

Perfectavares Assistência Técnica LTDA (NÃO ESTÁ NO MONDAY, NÃO FOI TRATADO VALORES)

CNPJ: 09.466.635/0001-53

perfectavares@gmail.com

21 99953-3784

Tel.: 21 2580-9373 / 21 2580-9423 PAULO ROBERTO

Endereço: Rua Ricardo Machado, 13 - São Cristóvão

Cep: 20921-270 Rio de Janeiro - RJ",NAO_INDICAR,NAO FOI,"Rua Ricardo Machado, 13 - São Cristóvão, Rio de Janeiro/RJ",,20921-270,,"[""21 99953-3784"",""21 2580-9373"",""21 2580-9423""]","[""perfectavares@gmail.com""]","[""09.466.635/0001-53""]","[""20921-270""]","[""Rua Ricardo Machado, 13 - São Cristóvão, Rio de Janeiro/RJ""]",-22.9129,-43.2003,,,municipality,Rio de Janeiro/RJ,True
464,3304557,Rio de Janeiro,RIO DE JANEIRO,RJ,Nome da empresa: JPS SOLUCOES INOVADORAS – NÃO INDICAR NÃO QUER MAIS FAZER ASSISTÊNCIA DISSE QUE A CAF NÃO PAGOU,Rio de Janeiro RIO DE JANEIRO,"Rio de Janeiro RIO DE JANEIRO

Nome da empresa: JPS SOLUCOES INOVADORAS – NÃO INDICAR NÃO QUER MAIS FAZER ASSISTÊNCIA DISSE QUE A CAF NÃO PAGOU

Telefone: 21 993432956 / 21 988909007

E-mail: comercial@engenhariajc.com.br

RUA SANTA JULIANA, 430 - CAMPO GRANDE (CONFIRMAR ENDEREÇO)

CEP: 23082-490 RIO DE JANEIRO – RJ",NAO_INDICAR,NAO INDICAR; NAO QUER MAIS,"RUA SANTA JULIANA, 430 - CAMPO GRANDE (CONFIRMAR ENDEREÇO), Rio de Janeiro/RJ",,23082-490,,"[""21 993432956"",""21 988909007""]","[""comercial@engenhariajc.com.br""]",[],"[""23082-490""]","[""RUA SANTA JULIANA, 430 - CAMPO GRANDE (CONFIRMAR ENDEREÇO), Rio de Janeiro/RJ""]",-22.9129,-43.2003,,,municipality,Rio de Janeiro/RJ,True
465,3304557,Rio de Janeiro,RIO DE JANEIRO,RJ,ZION SOLUCOES TECNICAS PARA GASTRONOMIA LTDA,Rio de Janeiro RIO DE JANEIRO,"Rio de Janeiro RIO DE JANEIRO

**ZION SOLUCOES TECNICAS PARA GASTRONOMIA LTDA **

CNPJ: 50.011.119/0001-38

LAMBERT@PLANETAEQUIPAMENTOS.COM.BR

21 97265-0555 Mariana

AV ISABEL DOMINGUES, 300 (BLC 005 LOJ 0142), GARDENIA AZUL

CEP: 22.763-959 RIO DE JANEIRO – RJ

OFICINA: RUA ANTONIO BRAUNE, 233 – VILA DA PENHA",NORMAL,,"AV ISABEL DOMINGUES, 300 (BLC 005 LOJ 0142), GARDENIA AZUL, Rio de Janeiro/RJ",,22.763-959,,"[""21 97265-0555""]","[""LAMBERT@PLANETAEQUIPAMENTOS.COM.BR""]","[""50.011.119/0001-38""]","[""22.763-959""]","[""AV ISABEL DOMINGUES, 300 (BLC 005 LOJ 0142), GARDENIA AZUL, Rio de Janeiro/RJ"",""RUA ANTONIO BRAUNE, 233 – VILA DA PENHA, Rio de Janeiro/RJ""]",-22.9129,-43.2003,,,municipality,Rio de Janeiro/RJ,True
466,3301702,Duque de Caxias,DUQUE DE CAXIAS,RJ,Referência: Condomínio Damai,"RJ Capital, Baixada Fluminense, Leste Fluminense, Duque de Caxias","RJ Capital, Baixada Fluminense, Leste Fluminense, Duque de Caxias

ENDEREÇO DE ENTREGA: Avenida Tim Maia 7285, Recreio dos bandeirantes - Apto 901, bloco 2

Referência: Condomínio Damai",NORMAL,,,,,,[],[],[],[],[],-22.7858,-43.3049,,,municipality,Duque de Caxias/RJ,True
467,3304557,Rio de Janeiro,RIO DE JANEIRO,RJ,MAERCIO ELETRODOMESTICOS LTDA - MAERCIO ELETRO,Rio de Janeiro RIO DE JANEIRO,"Rio de Janeiro RIO DE JANEIRO

MAERCIO ELETRODOMESTICOS LTDA - MAERCIO ELETRO

CNPJ: 33.293.762/0001-82

financeiromaercioeletro@gmail.com

21 98698-0932 ISABEL

21 98558-3681 (PARTICULAR ISABEL)

RUA VOLUNTARIOS DA PATRIA, 381 LOJA A – BOTAFOGO

CEP: 22227-000 RIO DE JANEIRO – RJ",NORMAL,,"RUA VOLUNTARIOS DA PATRIA, 381 LOJA A – BOTAFOGO, Rio de Janeiro/RJ",,22227-000,,"[""21 98698-0932"",""21 98558-3681""]","[""financeiromaercioeletro@gmail.com""]","[""33.293.762/0001-82""]","[""22227-000""]","[""RUA VOLUNTARIOS DA PATRIA, 381 LOJA A – BOTAFOGO, Rio de Janeiro/RJ""]",-22.9129,-43.2003,,,municipality,Rio de Janeiro/RJ,True
468,3304557,Rio de Janeiro,RIO DE JANEIRO,RJ,PLANETA EQUIP. TORNEARIA E SERVIÇOS DE MANUT. LTDA,Rio de Janeiro RIO DE JANEIRO,"Rio de Janeiro RIO DE JANEIRO

PLANETA EQUIP. TORNEARIA E SERVIÇOS DE MANUT. LTDA

CNPJ: 49.741.185/0001-84

comercial1@planetaequipamentos.com.br
21 3190-4856 / 21 97265-0555 DAVI

21 97015-9100 BRUNA

RUA SABINO RIBEIRO, 116 – COLEGIO

CEP: 21235-360 RIO DE JANEIRO – RJ",NORMAL,,"RUA SABINO RIBEIRO, 116 – COLEGIO, Rio de Janeiro/RJ",,21235-360,,"[""21 3190-4856"",""21 97265-0555"",""21 97015-9100""]","[""comercial1@planetaequipamentos.com.br""]","[""49.741.185/0001-84""]","[""21235-360""]","[""RUA SABINO RIBEIRO, 116 – COLEGIO, Rio de Janeiro/RJ""]",-22.9129,-43.2003,,,municipality,Rio de Janeiro/RJ,True
469,3304557,Rio de Janeiro,RIO DE JANEIRO,RJ,RIOSERV COMERCIO E SERVICOS LTDA ME – HP ELETRICA,RIO DE JANEIRO - RIO DE JANEIRO,"RIO DE JANEIRO - RIO DE JANEIRO

RIOSERV COMERCIO E SERVICOS LTDA ME – HP ELETRICA

CNPJ: 12.482.069/0001-88

hpeletrica.gruporj@hotmail.com /hpeletrica.service@outlook.com

21-98833-8398 / 22-99792-5369 / 24-99953-7090 EDSON

RUA ADALGISA ALEIXO, 313 – BENTO RIBEIRO

CEP: 21340-060 RIO DE JANEIRO – RJ",NORMAL,,"RUA ADALGISA ALEIXO, 313 – BENTO RIBEIRO, Rio de Janeiro/RJ",,21340-060,,"[""21-98833-8398"",""22-99792-5369"",""24-99953-7090""]","[""hpeletrica.gruporj@hotmail.com"",""hpeletrica.service@outlook.com""]","[""12.482.069/0001-88""]","[""21340-060""]","[""RUA ADALGISA ALEIXO, 313 – BENTO RIBEIRO, Rio de Janeiro/RJ""]",-22.9129,-43.2003,,,municipality,Rio de Janeiro/RJ,True
470,3304557,Rio de Janeiro,RIO DE JANEIRO,RJ,FERNANDO BORGES DO NASCIMENTO (JBN MAQUINAS),Rio de Janeiro RIO DE JANEIRO,"Rio de Janeiro RIO DE JANEIRO

FERNANDO BORGES DO NASCIMENTO (JBN MAQUINAS)

CNPJ: 26.196.418/0001-00

fernandinborges@yahoo.com.br

21 96651-9205 FERNANDO

RUA RESTINGA, QD 56 LT 07 – CASA 1 – CAMPO GRANDE

CEP.: 23097-650 RIO DE JANEIRO – RJ",NORMAL,,"RUA RESTINGA, QD 56 LT 07 – CASA 1 – CAMPO GRANDE, Rio de Janeiro/RJ",,23097-650,,"[""21 96651-9205""]","[""fernandinborges@yahoo.com.br""]","[""26.196.418/0001-00""]","[""23097-650""]","[""RUA RESTINGA, QD 56 LT 07 – CASA 1 – CAMPO GRANDE, Rio de Janeiro/RJ""]",-22.9129,-43.2003,,,municipality,Rio de Janeiro/RJ,True
471,3304557,Rio de Janeiro,RIO DE JANEIRO,RJ,J C BALANCAS E MAQUINAS LTDA,Rio de Janeiro RIO DE JANEIRO,"Rio de Janeiro RIO DE JANEIRO

J C BALANCAS E MAQUINAS LTDA

CNPJ: 26.222.948/0001-85

lohana.firmino@jcbalancas.com.br

21 3395-3151 / 3395-0367 / 96450-3175

21 96450-3324 Júlio César

AVN JOAO XXIII, 621 SANTA CRUZ –

CEP: 23.560-352 RIO DE JANEIRO RJ",NORMAL,,,,23.560-352,,"[""21 3395-3151"",""3395-0367"",""96450-3175"",""21 96450-3324""]","[""lohana.firmino@jcbalancas.com.br""]","[""26.222.948/0001-85""]","[""23.560-352""]",[],-22.9129,-43.2003,,,municipality,Rio de Janeiro/RJ,True
472,3304557,Rio de Janeiro,RIO DE JANEIRO,RJ,J C COMERCIO E CONSERTO DE BALANÇAS LTDA,Rio de Janeiro RIO DE JANEIRO,"Rio de Janeiro RIO DE JANEIRO

J C COMERCIO E CONSERTO DE BALANÇAS LTDA

CNPJ: 40.346.025/0001-66

lucia@jcbalancas.com.br

21 3395-3151 / 3395-0367 / 96450-3175

21 96450-3324 Júlio César

AVN JOAO XXIII, 586 SANTA CRUZ

CEP: 23.560-352 RIO DE JANEIRO RJ",NORMAL,,,,23.560-352,,"[""21 3395-3151"",""3395-0367"",""96450-3175"",""21 96450-3324""]","[""lucia@jcbalancas.com.br""]","[""40.346.025/0001-66""]","[""23.560-352""]",[],-22.9129,-43.2003,,,municipality,Rio de Janeiro/RJ,True
473,3304557,Rio de Janeiro,RIO DE JANEIRO,RJ,SMART CLIMATIZA COM. E SERV. DE MANUTENÇÃO EM GERAL LTDA,RIO DE JANEIRO - RJ,"RIO DE JANEIRO - RJ

SMART CLIMATIZA COM. E SERV. DE MANUTENÇÃO EM GERAL LTDA

CNPJ: 14.195.889/0001-14

21 4111-5393 / 96443-3481

contato@smartclimatiza.com.br

RUA BELA, 37 - SÃO CRISTOVÃO",NORMAL,,"RUA BELA, 37 - SÃO CRISTOVÃO, Rio de Janeiro/RJ",,,,"[""21 4111-5393"",""96443-3481""]","[""contato@smartclimatiza.com.br""]","[""14.195.889/0001-14""]",[],"[""RUA BELA, 37 - SÃO CRISTOVÃO, Rio de Janeiro/RJ""]",-22.9129,-43.2003,,,municipality,Rio de Janeiro/RJ,True
474,3304557,Rio de Janeiro,RIO DE JANEIRO,RJ,"CRUZADO MAQ. EQUIP. COM. LTDA (cliente com irregularidades fiscais, não conseguimos enviar peças)","Rio de Janeiro, RJ","Rio de Janeiro, RJ

CRUZADO MAQ. EQUIP. COM. LTDA (cliente com irregularidades fiscais, não conseguimos enviar peças)

CNPJ: 31.306.699/0001-46

Telefone: 21 22528610

E-mail: cruzado@cruzadomaquinas.com.br

End: RUA DE SANTANA, 211 – CENTRO",NORMAL,,"RUA DE SANTANA, 211 – CENTRO, Rio de Janeiro/RJ",,,,"[""21 22528610""]","[""cruzado@cruzadomaquinas.com.br""]","[""31.306.699/0001-46""]",[],"[""RUA DE SANTANA, 211 – CENTRO, Rio de Janeiro/RJ""]",-22.9129,-43.2003,,,municipality,Rio de Janeiro/RJ,True
475,3304557,Rio de Janeiro,RIO DE JANEIRO,RJ,C&S REFRIGERACAO E MANUTENCAO LTDA – BMH BIERRENBACH,"RIO DE JANEIRO, RJ","RIO DE JANEIRO, RJ

C&S REFRIGERACAO E MANUTENCAO LTDA – BMH BIERRENBACH

CNPJ: 37.606.172/0001-13

Telefone: 21 3272-6126 - 21 96416-2742

E-mail: bierrenbach.ltdarj@gmail.com

End: RUA MOREIRA, 406 – ABOLICAO

CEP: 20751-190 RIO DE JANEIRO - RJ",NORMAL,,"RUA MOREIRA, 406 – ABOLICAO, Rio de Janeiro/RJ",,20751-190,,"[""21 3272-6126"",""21 96416-2742""]","[""bierrenbach.ltdarj@gmail.com""]","[""37.606.172/0001-13""]","[""20751-190""]","[""RUA MOREIRA, 406 – ABOLICAO, Rio de Janeiro/RJ""]",-22.9129,-43.2003,,,municipality,Rio de Janeiro/RJ,True
476,3304557,Rio de Janeiro,RIO DE JANEIRO,RJ,Nome da empresa: RIODAY EQUIPAMENTOS EIRELI – ME,"RIO DE JANEIRO, RJ","RIO DE JANEIRO, RJ

Nome da empresa: RIODAY EQUIPAMENTOS EIRELI – ME

CNPJ: 31.619.281/0001-99

Telefone:21 2270-3536 / 21 98124-2021

E-mail: assistencia@rioday.com.br

End: Av. Dom Hélder Câmara, 2611 - Maria da Graça",NORMAL,,"Av. Dom Hélder Câmara, 2611 - Maria da Graça, Rio de Janeiro/RJ",,,,"[""21 2270-3536"",""21 98124-2021""]","[""assistencia@rioday.com.br""]","[""31.619.281/0001-99""]",[],"[""Av. Dom Hélder Câmara, 2611 - Maria da Graça, Rio de Janeiro/RJ""]",-22.9129,-43.2003,,,municipality,Rio de Janeiro/RJ,True
477,3304557,Rio de Janeiro,RIO DE JANEIRO,RJ,LLEBESAI REPARAÇÃO DE MAQUINAS LTDA,RIO DE JANEIRO RJ,"RIO DE JANEIRO RJ

LLEBESAI REPARAÇÃO DE MAQUINAS LTDA

CTI DAS BALANÇAS

(21) 3301-5703 FRANKLIN OLIVEIRA

RUA TAJURI, 364 VICENTE DE CARVALHO - CEP 21.371-100",NORMAL,,"RUA TAJURI, 364 VICENTE DE CARVALHO - CEP 21.371-100, Rio de Janeiro/RJ",,21.371-100,,"[""(21) 3301-5703""]",[],[],"[""21.371-100""]","[""RUA TAJURI, 364 VICENTE DE CARVALHO - CEP 21.371-100, Rio de Janeiro/RJ""]",-22.9129,-43.2003,,,municipality,Rio de Janeiro/RJ,True
478,3304557,Rio de Janeiro,RIO DE JANEIRO,RJ,Nome da empresa: JL MANUTENCAO DE MAQ. E EQUIP. LTDA- ME,"RIO DE JANEIRO, RJ","RIO DE JANEIRO, RJ

Nome da empresa: JL MANUTENCAO DE MAQ. E EQUIP. LTDA- ME

Telefone: 21 32812378 / 21 984736140

E-mail: jlmaquinas2010@hotmail.com

End: Estr. do Campinho, 742 - Campo Grande, Cep: 23070-220

Segue contato do Leandro Mota 21 96432-3704.",NORMAL,,"Estr. do Campinho, 742 - Campo Grande, Cep: 23070-220, Rio de Janeiro/RJ",,23070-220,,"[""21 32812378"",""21 984736140"",""21 96432-3704""]","[""jlmaquinas2010@hotmail.com""]",[],"[""23070-220""]","[""Estr. do Campinho, 742 - Campo Grande, Cep: 23070-220, Rio de Janeiro/RJ""]",-22.9129,-43.2003,,,municipality,Rio de Janeiro/RJ,True
479,3304557,Rio de Janeiro,RIO DE JANEIRO,RJ,Nome da empresa: UNITED BROSS MAQUINAS E ACESS. LTDA ME,"Rio de Janeiro, RJ","Rio de Janeiro, RJ

Nome da empresa: UNITED BROSS MAQUINAS E ACESS. LTDA ME

Telefone: 21 34079608

E-mail: ubm@ubmmaquinarios.com.br

End: Estrada do Magarca, 4244 GUARATIBA Cep: 23035-380",NORMAL,,"Estrada do Magarca, 4244 GUARATIBA Cep: 23035-380, Rio de Janeiro/RJ",,23035-380,,"[""21 34079608""]","[""ubm@ubmmaquinarios.com.br""]",[],"[""23035-380""]","[""Estrada do Magarca, 4244 GUARATIBA Cep: 23035-380, Rio de Janeiro/RJ""]",-22.9129,-43.2003,,,municipality,Rio de Janeiro/RJ,True
480,3304557,Rio de Janeiro,RIO DE JANEIRO,RJ,Nome da empresa: BALTRONIC SERV. MANUT. LTDA.,"Rio de Janeiro, RJ","Rio de Janeiro, RJ

Nome da empresa: BALTRONIC SERV. MANUT. LTDA.

Telefone: 21 2595-7556 /  21 96754-2598 JOSÉ RODRIGUES",NORMAL,,,,,,"[""21 2595-7556"",""21 96754-2598""]",[],[],[],[],-22.9129,-43.2003,,,municipality,Rio de Janeiro/RJ,True
481,3304557,Rio de Janeiro,RIO DE JANEIRO,RJ,Nome da empresa: FERNANDO BORGES DO NASCIMENTO 15831967735,"RIO DE JANEIRO, RJ","RIO DE JANEIRO, RJ

Nome da empresa: FERNANDO BORGES DO NASCIMENTO 15831967735

Telefone: 21 96651-9205 / 21 96597-7648

E-mail: fernandinborges@yahoo.com.br",NORMAL,,,,,,"[""21 96651-9205"",""21 96597-7648""]","[""fernandinborges@yahoo.com.br""]",[],[],[],-22.9129,-43.2003,,,municipality,Rio de Janeiro/RJ,True
482,3305208,São Pedro da Aldeia,SAO PEDRO DA ALDEIA,RJ,Nome da empresa: CASA DAS MAQUINAS DA ALDEIA LTDA,Rio de Janeiro SAO PEDRO DA ALDEIA,"Rio de Janeiro SAO PEDRO DA ALDEIA

Nome da empresa: CASA DAS MAQUINAS DA ALDEIA LTDA

Telefone:  22 2625-2728

E-mail: marquinho-maquinas@hotmail.com",NORMAL,,,,,,"[""22 2625-2728""]","[""marquinho-maquinas@hotmail.com""]",[],[],[],-22.8429,-42.1026,,,municipality,São Pedro da Aldeia/RJ,True
483,3306305,Volta Redonda,VOLTA REDONDA,RJ,RELOF COZINHAS PROFISSIONAIS COMERCIO E SERVICOS LTDA,Rio de Janeiro VOLTA REDONDA,"Rio de Janeiro VOLTA REDONDA

RELOF COZINHAS PROFISSIONAIS COMERCIO E SERVICOS LTDA

CNPJ: 27.894.614/0001-10

relofcozinhas@gmail.com

24 99999-8023 TATIANE

AV. SAVIO COTA DE ALMEIDA GAMA, 878 – RETIRO

CEP: 27283-527 VOLTA REDONDA – RJ",NORMAL,,"AV. SAVIO COTA DE ALMEIDA GAMA, 878 – RETIRO, Volta Redonda/RJ",,27283-527,,"[""24 99999-8023""]","[""relofcozinhas@gmail.com""]","[""27.894.614/0001-10""]","[""27283-527""]","[""AV. SAVIO COTA DE ALMEIDA GAMA, 878 – RETIRO, Volta Redonda/RJ""]",-22.5202,-44.0996,,,municipality,Volta Redonda/RJ,True
484,3306305,Volta Redonda,VOLTA REDONDA,RJ,Nome da empresa: REIMAQ SUL COMERCIO E SERV MAQ IND LTDA,Rio de Janeiro VOLTA REDONDA,"Rio de Janeiro VOLTA REDONDA

Nome da empresa: REIMAQ SUL COMERCIO E SERV MAQ IND LTDA

CNPJ: 28.216.235/0001-34

Telefone: 24 3348-0422 / 97404-6227

E-mail: manutencao@reimaq.com.br

End: Via Sergio Braga, 632 – Ponte Alta",NORMAL,,"Via Sergio Braga, 632 – Ponte Alta, Volta Redonda/RJ",,,,"[""24 3348-0422"",""97404-6227""]","[""manutencao@reimaq.com.br""]","[""28.216.235/0001-34""]",[],"[""Via Sergio Braga, 632 – Ponte Alta, Volta Redonda/RJ""]",-22.5202,-44.0996,,,municipality,Volta Redonda/RJ,True
485,3303302,Niterói,NITEROI,RJ,Nome da empresa: AGM NITEROI MANUTENCAO DE MAQUINAS E COMERCIO LTDA,Rio de Janeiro NITERÓI,"Rio de Janeiro NITERÓI

Nome da empresa: AGM NITEROI MANUTENCAO DE MAQUINAS E COMERCIO LTDA

CNPJ: 03.951.501/0001-41

Telefone: 21 27197390 / 21 964290598 / 21 26210838

E-mail: agm.niteroi@gmail.com

End: R. Mal. Deodoro, 184 - Centro, Cep: 24030-060",NORMAL,,"R. Mal. Deodoro, 184 - Centro, Cep: 24030-060, Niterói/RJ",,24030-060,,"[""21 27197390"",""21 964290598"",""21 26210838""]","[""agm.niteroi@gmail.com""]","[""03.951.501/0001-41""]","[""24030-060""]","[""R. Mal. Deodoro, 184 - Centro, Cep: 24030-060, Niterói/RJ""]",-22.8832,-43.1034,,,municipality,Niterói/RJ,True
486,3303302,Niterói,NITEROI,RJ,FRAMA FRANCA MAQUINAS LTDA.,**RIO DE JANEIRO NITEROI**,"**RIO DE JANEIRO NITEROI**

FRAMA FRANCA MAQUINAS LTDA.

CNPJ: 31.055.379/0001-60

(21)2621-5502 GLAUCIA 21 97279-2121

21 99932-5442 CARLOS

framafranca2@hotmail.com

ENDEREÇO: RUA SALDANHA MARINHO, 167 - CENTRO",NORMAL,,"RUA SALDANHA MARINHO, 167 - CENTRO, Niterói/RJ",,,,"[""(21)2621-5502"",""21 97279-2121"",""21 99932-5442""]","[""framafranca2@hotmail.com""]","[""31.055.379/0001-60""]",[],"[""RUA SALDANHA MARINHO, 167 - CENTRO, Niterói/RJ""]",-22.8832,-43.1034,,,municipality,Niterói/RJ,True
487,3301702,Duque de Caxias,DUQUE DE CAXIAS,RJ,TEX COMERCIO DE PECAS E MAQUINAS LTDA,Rio de Janeiro DUQUE DE CAXIAS,"Rio de Janeiro DUQUE DE CAXIAS

TEX COMERCIO DE PECAS E MAQUINAS LTDA

CNPJ: 52.627.558/0001-03

texcomercio1@gmail.com

21 99583-0234 WALTER

ESTRADA DAS MIRINDIBAS, 425 – CHACARAS RIO-PETROPOLIS

CEP: 25215-355 DUQUE DE CAXIAS – RJ",NORMAL,,"ESTRADA DAS MIRINDIBAS, 425 – CHACARAS RIO-PETROPOLIS, Duque de Caxias/RJ",,25215-355,,"[""21 99583-0234""]","[""texcomercio1@gmail.com""]","[""52.627.558/0001-03""]","[""25215-355""]","[""ESTRADA DAS MIRINDIBAS, 425 – CHACARAS RIO-PETROPOLIS, Duque de Caxias/RJ""]",-22.7858,-43.3049,,,municipality,Duque de Caxias/RJ,True
488,3301702,Duque de Caxias,DUQUE DE CAXIAS,RJ,"R.R. FAUSTINO PROJ. ELETRICA, ELETR. E AUT. EM GERAL LTDA EPP – MEGA CONTROLE",Rio de Janeiro DUQUE DE CAXIAS,"Rio de Janeiro DUQUE DE CAXIAS

R.R. FAUSTINO PROJ. ELETRICA, ELETR. E AUT. EM GERAL LTDA EPP – MEGA CONTROLE

CNPJ: 09.131.039/0001-12

megacontrole@megacontrole.com.br

21 2671-0276 / 99248-9922 RONALD

21 96559-8456 ROSI

RUA ITAMARACA, 72 – LJ B - VILA ITAMARATI

CEP: 25070-200 DUQUE DE CAXIAS – RJ",NORMAL,,"R.R. FAUSTINO PROJ. ELETRICA, ELETR. E AUT. EM GERAL LTDA EPP – MEGA CONTROLE, Duque de Caxias/RJ",,25070-200,,"[""21 2671-0276"",""99248-9922"",""21 96559-8456""]","[""megacontrole@megacontrole.com.br""]","[""09.131.039/0001-12""]","[""25070-200""]","[""R.R. FAUSTINO PROJ. ELETRICA, ELETR. E AUT. EM GERAL LTDA EPP – MEGA CONTROLE, Duque de Caxias/RJ"",""RUA ITAMARACA, 72 – LJ B - VILA ITAMARATI, Duque de Caxias/RJ""]",-22.7858,-43.3049,,,municipality,Duque de Caxias/RJ,True
489,3301702,Duque de Caxias,DUQUE DE CAXIAS,RJ,DAIANA LINS SOARES,Rio de Janeiro DUQUE DE CAXIAS,"Rio de Janeiro DUQUE DE CAXIAS

DAIANA LINS SOARES

CNPJ: 53.571.422/0001-83

21 96932-6813 PERINTON

linsoliveiras178@gmail.com

AV. EPITACIO PESSOA, 0 LT 23 QD 06 – JD BARRO BRANCO

CEP: 25267-110 DUQUE DE CAXIAS – RJ",NORMAL,,"AV. EPITACIO PESSOA, 0 LT 23 QD 06 – JD BARRO BRANCO, Duque de Caxias/RJ",,25267-110,,"[""21 96932-6813""]","[""linsoliveiras178@gmail.com""]","[""53.571.422/0001-83""]","[""25267-110""]","[""AV. EPITACIO PESSOA, 0 LT 23 QD 06 – JD BARRO BRANCO, Duque de Caxias/RJ""]",-22.7858,-43.3049,,,municipality,Duque de Caxias/RJ,True
490,3301702,Duque de Caxias,DUQUE DE CAXIAS,RJ,Nome da empresa: TEKABAL BALANCAS E MAQUINAS LTDA,Rio de Janeiro DUQUE DE CAXIAS,"Rio de Janeiro DUQUE DE CAXIAS

Nome da empresa: TEKABAL BALANCAS E MAQUINAS LTDA

CNPJ: 05.358.430/0001-01

Telefone: 21 26715471/ 21 97113346

E-mail: tekabalservicos@hotmail.com

End: Av. Nilo Peçanha, 1111 - Parque Lafaiete, Duque de Caxias - RJ, Cep:25015005",NORMAL,,"Av. Nilo Peçanha, 1111 - Parque Lafaiete, Duque de Caxias - RJ, Cep:25015005",,25015005,,"[""21 26715471"",""21 97113346""]","[""tekabalservicos@hotmail.com""]","[""05.358.430/0001-01""]","[""25015005""]","[""Av. Nilo Peçanha, 1111 - Parque Lafaiete, Duque de Caxias - RJ, Cep:25015005""]",-22.7858,-43.3049,,,municipality,Duque de Caxias/RJ,True
491,3301702,Duque de Caxias,DUQUE DE CAXIAS,RJ,Nome da empresa: R S SALGADO BAL. COM. MAQ. LTD – MÃO DE OBRA CARA,Rio de Janeiro DUQUE DE CAXIAS,"Rio de Janeiro DUQUE DE CAXIAS

Nome da empresa: R S SALGADO BAL. COM. MAQ. LTD – MÃO DE OBRA CARA 
CNPJ: 36.146.405/0001-80

Telefone: 21  26711114 / 21 998679267

(21)2674-5360 PAULO

E-mail: contato@rssalgado.com.br / rs.salgado@yahoo.com.br

End: R. Silva Fernandes, 645 - Parque Duque, Cep: 25085-015",CONSULTAR_ANTES,MAO DE OBRA (?:MUITO )?CARA,"R. Silva Fernandes, 645 - Parque Duque, Cep: 25085-015, Duque de Caxias/RJ",,25085-015,,"[""21 26711114"",""21 998679267"",""(21)2674-5360""]","[""contato@rssalgado.com.br"",""rs.salgado@yahoo.com.br""]","[""36.146.405/0001-80""]","[""25085-015""]","[""R. Silva Fernandes, 645 - Parque Duque, Cep: 25085-015, Duque de Caxias/RJ""]",-22.7858,-43.3049,,,municipality,Duque de Caxias/RJ,True
492,3301702,Duque de Caxias,DUQUE DE CAXIAS,RJ,Nome da empresa: AM USINAGEM LTDA ME,Rio de Janeiro DUQUE DE CAXIAS,"Rio de Janeiro DUQUE DE CAXIAS

Nome da empresa: AM USINAGEM LTDA ME

Telefone: 21 997390155 / 21 985227905 marcos António

E-mail: am.wllmusinagem@hotmail.com",NORMAL,,,,,,"[""21 997390155"",""21 985227905""]","[""am.wllmusinagem@hotmail.com""]",[],[],[],-22.7858,-43.3049,,,municipality,Duque de Caxias/RJ,True
493,3301702,Duque de Caxias,DUQUE DE CAXIAS,RJ,CLAUDIO REIS FABIAO (CF INSTALAÇÕES ELETRICAS),Rio de Janeiro DUQUE DE CAXIAS,"Rio de Janeiro DUQUE DE CAXIAS

CLAUDIO REIS FABIAO (CF INSTALAÇÕES ELETRICAS)

CNPJ: 36.568.265/0001-38

TELEFONE: 21 98776-5581 CLAUDIO

E-MAIL: claudioreisfabiao@gmail.com

RUA CORREGIO, 0 LOTE 20 – QUADRA 87 – PQ PAULISTA

CEP: 25261-150",NORMAL,,"RUA CORREGIO, 0 LOTE 20 – QUADRA 87 – PQ PAULISTA, Duque de Caxias/RJ",,25261-150,,"[""21 98776-5581""]","[""claudioreisfabiao@gmail.com""]","[""36.568.265/0001-38""]","[""25261-150""]","[""RUA CORREGIO, 0 LOTE 20 – QUADRA 87 – PQ PAULISTA, Duque de Caxias/RJ""]",-22.7858,-43.3049,,,municipality,Duque de Caxias/RJ,True
494,3301702,Duque de Caxias,DUQUE DE CAXIAS,RJ,VANESSA SILVA DA CUNHA FABIAO (CF INSTALAÇÕES ELETRICAS),Rio de Janeiro DUQUE DE CAXIAS,"Rio de Janeiro DUQUE DE CAXIAS

VANESSA SILVA DA CUNHA FABIAO (CF INSTALAÇÕES ELETRICAS)

CNPJ: 54.386.534/0001-27

cunhavanessa.1981@gmail.com",NORMAL,,,,,,[],"[""cunhavanessa.1981@gmail.com""]","[""54.386.534/0001-27""]",[],[],-22.7858,-43.3049,,,municipality,Duque de Caxias/RJ,True
495,3303906,Petrópolis,PETROPOLIS,RJ,Nome da empresa: ROBSON JOSE MUNDSTEIN 00668428759,Rio de Janeiro PETRÓPOLIS,"Rio de Janeiro PETRÓPOLIS

Nome da empresa: ROBSON JOSE MUNDSTEIN 00668428759

Telefone:  24 98805-1553

E-mail: r3automacao@gmail.com

End: Rua Coronel Duarte da Silveira, 937 - Bingen - CEP: 25695-470",NORMAL,,"Rua Coronel Duarte da Silveira, 937 - Bingen - CEP: 25695-470, Petrópolis/RJ",,25695-470,,"[""24 98805-1553""]","[""r3automacao@gmail.com""]",[],"[""25695-470""]","[""Rua Coronel Duarte da Silveira, 937 - Bingen - CEP: 25695-470, Petrópolis/RJ""]",-22.52,-43.1926,,,municipality,Petrópolis/RJ,True
496,3303906,Petrópolis,PETROPOLIS,RJ,Nome da empresa: R3 AUTOMACAO,Rio de Janeiro PETRÓPOLIS,"Rio de Janeiro PETRÓPOLIS

Nome da empresa: R3 AUTOMACAO

Telefone: 24 98805-1553

E-mail: r3automacao@gmail.com

End: Rua Coronel Duarte da Silveira, 937 - Bingen - CEP: 25695-470",NORMAL,,"Rua Coronel Duarte da Silveira, 937 - Bingen - CEP: 25695-470, Petrópolis/RJ",,25695-470,,"[""24 98805-1553""]","[""r3automacao@gmail.com""]",[],"[""25695-470""]","[""Rua Coronel Duarte da Silveira, 937 - Bingen - CEP: 25695-470, Petrópolis/RJ""]",-22.52,-43.1926,,,municipality,Petrópolis/RJ,True
497,3301306,Casimiro de Abreu,CASIMIRO DE ABREU,RJ,Nome da empresa: L F S MATHEUS COMERCIO E SERVICOS LTDA ME,Rio de Janeiro CASIMIRO DE ABREU,"Rio de Janeiro CASIMIRO DE ABREU

Nome da empresa: L F S MATHEUS COMERCIO E SERVICOS LTDA ME

Telefone: 22 27781243

E-mail: israelmatheus@hotmail.com",NORMAL,,,,,,"[""22 27781243""]","[""israelmatheus@hotmail.com""]",[],[],[],-22.4812,-42.2066,,,municipality,Casimiro de Abreu/RJ,True
498,3300407,Barra Mansa,BARRA MANSA,RJ,Nome da empresa: BALTEC COM. DE BAL. ELETRONICAS LTDA ME,Rio de Janeiro BARRA MANSA,"Rio de Janeiro BARRA MANSA

Nome da empresa: BALTEC COM. DE BAL. ELETRONICAS LTDA ME

Telefone: 24 988422938 / 24 988151594 / 24 97404-8778

E-mail: baltecbalancas@hotmail.com

End: Rua 4 n 106 - bairro Ano Bom cep:27323525 loja 25",NORMAL,,"Rua 4 n 106 - bairro Ano Bom cep:27323525 loja 25, Barra Mansa/RJ",,27323525,,"[""24 988422938"",""24 988151594"",""24 97404-8778""]","[""baltecbalancas@hotmail.com""]",[],"[""27323525""]","[""Rua 4 n 106 - bairro Ano Bom cep:27323525 loja 25, Barra Mansa/RJ""]",-22.5481,-44.1752,,,municipality,Barra Mansa/RJ,True
499,3304557,Rio de Janeiro,RIO DE JANEIRO,RJ,HEITOR NUNES DOS SANTOS,**Rio de Janeiro**,"**Rio de Janeiro**

**HEITOR NUNES DOS SANTOS**

(22)2665-8254

paulorpenetra@hotmail.com

CNPJ: 11681998000153

** Endereço**

R MARTINS AFONSO DE SOUZA, nº 681

Bairro: OUTEIRO - ARARUAMA",NORMAL,,,,,,"[""(22)2665-8254""]","[""paulorpenetra@hotmail.com""]","[""11681998000153""]",[],[],-22.9129,-43.2003,,,municipality,Rio de Janeiro/RJ,True
500,3300209,Araruama,ARARUAMA,RJ,29.095.779 PAULO ROBERTO DA SILVA PENETRA,RIO DE JANEIRO ARARUAMA,"RIO DE JANEIRO ARARUAMA

29.095.779 PAULO ROBERTO DA SILVA PENETRA

CNPJ: 29.095.779/0001-58

tozinhoar22@gmail.com / paulorpenetra@hotmail.com

22 99600-3426 HEITOR

ENDEREÇO ENTREGA: RUA ATAULFO ALVES, 127 – OUTEIRO CASA 3 FUNDOS

CEP: 28978-035 ARARUAMA – RJ",NORMAL,,,,28978-035,,"[""22 99600-3426""]","[""tozinhoar22@gmail.com"",""paulorpenetra@hotmail.com""]","[""29.095.779/0001-58""]","[""28978-035""]",[],-22.8697,-42.3326,,,municipality,Araruama/RJ,True
501,3305505,Saquarema,SAQUAREMA,RJ,Nome da empresa: SAQUAREMA BAL. ELETR. LTDA.-ME,Rio de Janeiro SAQUAREMA,"Rio de Janeiro SAQUAREMA

Nome da empresa: SAQUAREMA BAL. ELETR. LTDA.-ME

CNPJ: 32.557.720/0001-49

Telefone: 22 2653-3291

E-mail: saquabal@uol.com.br

RUA SILVINA JOAQUINA DE NAZARETH, 11 - PORTO DA ROCA II BACAXA SAQUAREMA – RJ",NORMAL,,"RUA SILVINA JOAQUINA DE NAZARETH, 11 - PORTO DA ROCA II BACAXA SAQUAREMA – RJ",,,,"[""22 2653-3291""]","[""saquabal@uol.com.br""]","[""32.557.720/0001-49""]",[],"[""RUA SILVINA JOAQUINA DE NAZARETH, 11 - PORTO DA ROCA II BACAXA SAQUAREMA – RJ""]",-22.9292,-42.5099,,,municipality,Saquarema/RJ,True
502,3305554,Seropédica,SEROPEDICA,RJ,CRISTIANO SALOMÃO CARNEIRO – ME (SALOMAQ),Rio de Janeiro SEROPÉDICA,"Rio de Janeiro SEROPÉDICA

CRISTIANO SALOMÃO CARNEIRO – ME (SALOMAQ)

CNPJ: 10.235.412/0001-64

E-mail: vendas@salomaq.com.br

Telefone: 21 26827331 / 21 964638928

End: R BENEDITO COELHO DE CASTRO, 1000, QUADRA32 LOTE 11 Bairro: FAZENDA CAXIAS Cidade Seropédica CEP 23.895-260",NORMAL,,"R BENEDITO COELHO DE CASTRO, 1000, QUADRA32 LOTE 11 Bairro: FAZENDA CAXIAS Cidade Seropédica CEP 23.895-260/RJ",,23.895-260,,"[""21 26827331"",""21 964638928""]","[""vendas@salomaq.com.br""]","[""10.235.412/0001-64""]","[""23.895-260""]","[""R BENEDITO COELHO DE CASTRO, 1000, QUADRA32 LOTE 11 Bairro: FAZENDA CAXIAS Cidade Seropédica CEP 23.895-260/RJ""]",-22.7526,-43.7155,,,municipality,Seropédica/RJ,True
503,3303401,Nova Friburgo,NOVA FRIBURGO,RJ,ADRIANO DE FREITAS BELLO – A.G.E. REFRIGERAÇÃO,NOVA FRIBURGO – RIO DE JANEIRO,"NOVA FRIBURGO – RIO DE JANEIRO

ADRIANO DE FREITAS BELLO – A.G.E. REFRIGERAÇÃO

CNPJ: 37.006.325/0001-91

adrianofreitasbello@hotmail.com

22 2526-3111 / 99961-5079 / 99880-5222 ADRIANO E GABRIEL

RUA WALDEMIRO BANJAR, 121 QD B – CATARCIONE

CEP: 28614-270 NOVA FRIBURGO – RJ",NORMAL,,"RUA WALDEMIRO BANJAR, 121 QD B – CATARCIONE, Nova Friburgo/RJ",,28614-270,,"[""22 2526-3111"",""99961-5079"",""99880-5222""]","[""adrianofreitasbello@hotmail.com""]","[""37.006.325/0001-91""]","[""28614-270""]","[""RUA WALDEMIRO BANJAR, 121 QD B – CATARCIONE, Nova Friburgo/RJ""]",-22.2932,-42.5377,,,municipality,Nova Friburgo/RJ,True
504,3303401,Nova Friburgo,NOVA FRIBURGO,RJ,SHEILA RASTRELLI BACHINI 02668224799,Rio de Janeiro - NOVA FRIBURGO,"Rio de Janeiro - NOVA FRIBURGO

SHEILA RASTRELLI BACHINI 02668224799

BACHINI MANUTENÇÕES

(22) 2528-5403 / 99807-4514 Willian",NORMAL,,,,,,"[""(22) 2528-5403"",""99807-4514""]",[],[],[],[],-22.2932,-42.5377,,,municipality,Nova Friburgo/RJ,True
505,3303401,Nova Friburgo,NOVA FRIBURGO,RJ,VALFORT ELETRO MECANICA LTDA - Eletro união NÃO VAI ATENDER MAIS GARANTIA,NOVA FRIBURGO – RIO DE JANEIRO,"NOVA FRIBURGO – RIO DE JANEIRO

VALFORT ELETRO MECANICA LTDA - Eletro união NÃO VAI ATENDER MAIS GARANTIA

CNPJ: 39.185.087/0001-54

22 2523-1434

Avenida Julio Antonio Thurler, 62

Olaria",NORMAL,,"Avenida Julio Antonio Thurler, 62, Nova Friburgo/RJ",,,,"[""22 2523-1434""]",[],"[""39.185.087/0001-54""]",[],"[""Avenida Julio Antonio Thurler, 62, Nova Friburgo/RJ""]",-22.2932,-42.5377,,,municipality,Nova Friburgo/RJ,True
506,3303401,Nova Friburgo,NOVA FRIBURGO,RJ,28.620-000,"Nova Friburgo, RJ","Nova Friburgo, RJ

CEP:

28.620-000",NORMAL,,,,28.620-000,,[],[],[],"[""28.620-000""]",[],-22.2932,-42.5377,,,municipality,Nova Friburgo/RJ,True
507,3302502,Magé,MAGE,RJ,LEANDRO MOTTA SILVA COM.DE MAQ.E PECAS,MAGÉ - RJ,"MAGÉ - RJ

LEANDRO MOTTA SILVA COM.DE MAQ.E PECAS

CNPJ: 14.757.969/0001-16 I.E.: 79566594

Contato: LEANDRO 21 3086-8219 -  21 96432-3704

E-Mail: leandro-motta2010@bol.com.br

Endereço: RUAS,247 - Bairro: FRAGOSO

CEP: 25935540 Cidade: MAGE - RJ",NORMAL,,"RUAS,247 - Bairro: FRAGOSO, Magé/RJ",,25935540,,"[""21 3086-8219"",""21 96432-3704""]","[""leandro-motta2010@bol.com.br""]","[""14.757.969/0001-16""]","[""25935540""]","[""RUAS,247 - Bairro: FRAGOSO, Magé/RJ""]",-22.6632,-43.0315,,,municipality,Magé/RJ,True
508,3302502,Magé,MAGE,RJ,Nome da empresa: MILAMAQ COM. E MANUT. DE MAQS. LTDA,Rio de Janeiro MAGÉ,"Rio de Janeiro MAGÉ

Nome da empresa: MILAMAQ COM. E MANUT. DE MAQS. LTDA

CNPJ: 11.683.452/0001-31

Telefone: 21 96439-2972 Luiz Augusto

E-mail: milamaq@ig.com.br

End: Alameda Luizinha, 18 - Lt 19 Qd 40 - Jardim Nazareno, Magé - RJ, Cep: 25936-360",NORMAL,,"Alameda Luizinha, 18 - Lt 19 Qd 40 - Jardim Nazareno, Magé - RJ, Cep: 25936-360",,25936-360,,"[""21 96439-2972""]","[""milamaq@ig.com.br""]","[""11.683.452/0001-31""]","[""25936-360""]","[""Alameda Luizinha, 18 - Lt 19 Qd 40 - Jardim Nazareno, Magé - RJ, Cep: 25936-360""]",-22.6632,-43.0315,,,municipality,Magé/RJ,True
509,3303500,Nova Iguaçu,NOVA IGUACU,RJ,Nome da empresa: ELIEZER MATIAS BEZERRA – ME (MATIAS MAQUINAS),Rio de Janeiro NOVA IGUAÇU,"Rio de Janeiro NOVA IGUAÇU

Nome da empresa: ELIEZER MATIAS BEZERRA – ME (MATIAS MAQUINAS)

CNPJ: 13.029.826/0001-25

Telefone: 21 27793140 / 21 99691-8382 / 97897-4838

E-mail: matiasmaquinas@hotmail.com

RUA PAULO CESAR, 231 QD 05 LT 28 – ROSA DOS VENTOS

CEP: 26278-515 NOVA IGUAÇU – RJ",NORMAL,,"RUA PAULO CESAR, 231 QD 05 LT 28 – ROSA DOS VENTOS, Nova Iguaçu/RJ",,26278-515,,"[""21 27793140"",""21 99691-8382"",""97897-4838""]","[""matiasmaquinas@hotmail.com""]","[""13.029.826/0001-25""]","[""26278-515""]","[""RUA PAULO CESAR, 231 QD 05 LT 28 – ROSA DOS VENTOS, Nova Iguaçu/RJ""]",-22.7556,-43.4603,,,municipality,Nova Iguaçu/RJ,True
510,3305802,Teresópolis,TERESOPOLIS,RJ,ARUME COM. DE PEÇAS PARA MAQS. INDUSTRIAIS LTDA – INDUSTRIAL PEÇAS,RIO DE JANEIRO TERESÓPOLIS,"RIO DE JANEIRO TERESÓPOLIS

ARUME COM. DE PEÇAS PARA MAQS. INDUSTRIAIS LTDA – INDUSTRIAL PEÇAS

CNPJ: 12.135.317/0001-14

industrialpecas@yahoo.com.br

21 2642-0578 / 97341-8840 BRUNO

RUA TENENTE LUIZ MEIRELLES, 750 – VARZEA

CEP: 25955-001 TERESÓPOLIS – RJ",NORMAL,,"RUA TENENTE LUIZ MEIRELLES, 750 – VARZEA, Teresópolis/RJ",,25955-001,,"[""21 2642-0578"",""97341-8840""]","[""industrialpecas@yahoo.com.br""]","[""12.135.317/0001-14""]","[""25955-001""]","[""RUA TENENTE LUIZ MEIRELLES, 750 – VARZEA, Teresópolis/RJ""]",-22.4165,-42.9752,,,municipality,Teresópolis/RJ,True
511,3301850,Guapimirim,GUAPIMIRIM,RJ,42.266.647 ALEXANDRE ANTONIO SIMPLICIO BEZERRA – RENOVANDO AS MAQUINAS,RIO DE JANEIRO GUAPIMIRIM,"RIO DE JANEIRO GUAPIMIRIM

42.266.647 ALEXANDRE ANTONIO SIMPLICIO BEZERRA – RENOVANDO AS MAQUINAS

CNPJ: 42.266.647/0001-00

renovandoasmaquinas@gmail.com

21 98896-4148 ALEXANDRE

RUA PEDRO RUFINO, 99 – PAIOL

CEP. 25945-868 GUAPIMIRIM – RJ",NORMAL,,"RUA PEDRO RUFINO, 99 – PAIOL, Guapimirim/RJ",,25945-868,,"[""21 98896-4148""]","[""renovandoasmaquinas@gmail.com""]","[""42.266.647/0001-00""]","[""25945-868""]","[""RUA PEDRO RUFINO, 99 – PAIOL, Guapimirim/RJ""]",-22.5347,-42.9895,,,municipality,Guapimirim/RJ,True
512,2401008,Apodi,APODI,RN,42.704.661 ANTONIO AERTON ALVES DE MORAIS – AM PEÇAS E SERVICOS,Rio Grande do Norte APODI,"Rio Grande do Norte APODI

42.704.661 ANTONIO AERTON ALVES DE MORAIS – AM PEÇAS E SERVICOS

CNPJ: 42.704.661/0001-48

aertonnamorador@gmail.com

84 9630-9040 AERTON

RUA ADRIAO BEZERRA, 156 – LAGOA SECA

CEP: 59700-000 APODI – RN",NORMAL,,"RUA ADRIAO BEZERRA, 156 – LAGOA SECA, Apodi/RN",,59700-000,,"[""84 9630-9040""]","[""aertonnamorador@gmail.com""]","[""42.704.661/0001-48""]","[""59700-000""]","[""RUA ADRIAO BEZERRA, 156 – LAGOA SECA, Apodi/RN""]",-5.65349,-37.7946,,,municipality,Apodi/RN,True
513,2404200,Goianinha,GOIANINHA,RN,CAMILA SILVA DE CASTRO (MS SOLUÇÃO ELETROMECANICA),Rio Grande do Norte GOIANINHA,"Rio Grande do Norte GOIANINHA

CAMILA SILVA DE CASTRO (MS SOLUÇÃO ELETROMECANICA)

CNPJ: 51.685.622/0001-31

camila.silva.castro@hotmail.com

84 99141-7931 CAMILA

84 99681-2295 MAURICIO

RUA LAZARO NEVES, 137 – CANGAIBA

CEP: 59173-000 GOIANINHA – RN",NORMAL,,"RUA LAZARO NEVES, 137 – CANGAIBA, Goianinha/RN",,59173-000,,"[""84 99141-7931"",""84 99681-2295""]","[""camila.silva.castro@hotmail.com""]","[""51.685.622/0001-31""]","[""59173-000""]","[""RUA LAZARO NEVES, 137 – CANGAIBA, Goianinha/RN""]",-6.26486,-35.1943,,,municipality,Goianinha/RN,True
514,2408102,Natal,NATAL,RN,KADISA INDÚSTRIA E COMÉRCIO LTDA,Rio Grande do Norte NATAL,"Rio Grande do Norte NATAL

KADISA INDÚSTRIA E COMÉRCIO LTDA

CNPJ: 03.735.242/0006-26

comercialrn@kadisa.com.br

81 3213-3036 / 81 99644-7800 Fernanda

RUA DOS CANINDES, 1471 – ALECRIM

CEP: 59030-600 NATAL - RN",NORMAL,,"RUA DOS CANINDES, 1471 – ALECRIM, Natal/RN",,59030-600,,"[""81 3213-3036"",""81 99644-7800""]","[""comercialrn@kadisa.com.br""]","[""03.735.242/0006-26""]","[""59030-600""]","[""RUA DOS CANINDES, 1471 – ALECRIM, Natal/RN""]",-5.79357,-35.1986,,,municipality,Natal/RN,True
515,2408102,Natal,NATAL,RN,JEORGE WAGNER CHACON FERREIRA 05347873477 (IDEAL SERVIÇOS),Rio Grande do Norte NATAL,"Rio Grande do Norte NATAL

JEORGE WAGNER CHACON FERREIRA 05347873477 (IDEAL SERVIÇOS)

CNPJ: 27.723.586/0001-04

jeorgechacon@hotmail.com

TEL: 84 99932.1677 JEORGE

RUA DOS CANINDES, 1266 B – ALECRIM

CEP: 59030-600",NORMAL,,"RUA DOS CANINDES, 1266 B – ALECRIM, Natal/RN",,59030-600,,"[""84 99932.1677""]","[""jeorgechacon@hotmail.com""]","[""27.723.586/0001-04""]","[""59030-600""]","[""RUA DOS CANINDES, 1266 B – ALECRIM, Natal/RN""]",-5.79357,-35.1986,,,municipality,Natal/RN,True
516,2408102,Natal,NATAL,RN,58.448.791 JAYME CESAR CHACON FERREIRA (IDEAL SERVIÇOS),Rio Grande do Norte NATAL,"Rio Grande do Norte NATAL

58.448.791 JAYME CESAR CHACON FERREIRA (IDEAL SERVIÇOS)

CNPJ: 58.448.791/0001-05

jeorgechacon@hotmail.com / jaime_chacon@hotmail.com

TEL: 84 99932.1677 JEORGE

RUA PORTO CALVO, 12 – NEOPOLIS

ENDEREÇO ENTREGA: RUA PRESIDENTE SARMENTO, 411 - ALECRIM

CEP: 59037-400 NATAL - RN",NORMAL,,"RUA PORTO CALVO, 12 – NEOPOLIS, Natal/RN",,59037-400,,"[""84 99932.1677""]","[""jeorgechacon@hotmail.com"",""jaime_chacon@hotmail.com""]","[""58.448.791/0001-05""]","[""59037-400""]","[""RUA PORTO CALVO, 12 – NEOPOLIS, Natal/RN""]",-5.79357,-35.1986,,,municipality,Natal/RN,True
517,2408102,Natal,NATAL,RN,Nome da empresa: ALBERTO MULT SERVICE,Rio Grande do Norte NATAL,"Rio Grande do Norte NATAL

Nome da empresa: ALBERTO MULT SERVICE

Telefone: 84 36130065 / 84 87468741

E-mail: alberto.caf.123@gmail.com

End: rua dos Caicós, 1438 – Alecrim, Natal - RN, Cep: 59031-700",NORMAL,,"rua dos Caicós, 1438 – Alecrim, Natal - RN, Cep: 59031-700",,59031-700,,"[""84 36130065"",""84 87468741""]","[""alberto.caf.123@gmail.com""]",[],"[""59031-700""]","[""rua dos Caicós, 1438 – Alecrim, Natal - RN, Cep: 59031-700""]",-5.79357,-35.1986,,,municipality,Natal/RN,True
518,2408102,Natal,NATAL,RN,A ACIOLE LUCAS REPARAÇÃO E MANUTENÇÃO (A MULTSERVICE),Rio Grande do Norte NATAL,"Rio Grande do Norte NATAL

A ACIOLE LUCAS REPARAÇÃO E MANUTENÇÃO (A MULTSERVICE)

CNPJ: 47.821.997/0001-04

alberto.caf.123@gmail.com

TEL: 84 3613-0065 / 98746-8741

84 98741-6253 Paulo Henrique

RUA DOS CAICOS, 1438 – ALECRIM

NATAL – RN  CEP: 59031-700

MARLON MICHELANGELO GOMES DE SOUZA LTDA – CENTER SERVICE

CNPJ: 12.874.183/0001-53

centerservice01@hotmail.com

(84) 3213-0547 / 98809-3425 MARLON

Av. Presidente Bandeira, 745 - Alecrim - Cep. 59031-200",NORMAL,,"RUA DOS CAICOS, 1438 – ALECRIM, Natal/RN",,59031-700,,"[""84 3613-0065"",""98746-8741"",""84 98741-6253"",""(84) 3213-0547"",""98809-3425""]","[""alberto.caf.123@gmail.com"",""centerservice01@hotmail.com""]","[""47.821.997/0001-04"",""12.874.183/0001-53""]","[""59031-700"",""59031-200""]","[""RUA DOS CAICOS, 1438 – ALECRIM, Natal/RN"",""Av. Presidente Bandeira, 745 - Alecrim - Cep. 59031-200, Natal/RN""]",-5.79357,-35.1986,,,municipality,Natal/RN,True
519,2408102,Natal,NATAL,RN,P H ARAUJO LOPES,NATAL RN,"NATAL RN

P H ARAUJO LOPES

ALBERTO MULT SERVICE

(84) 36130065 / 87468741 WILIANE

R. dos Caicós, 1438 - Alecrim, Natal - RN, Cep: 59031-700

PH ARAUJO LOPES

ALBERTO MULTSERVICE

84 987468741 PAULO",NORMAL,,,,59031-700,,"[""(84) 36130065"",""87468741"",""84 987468741""]",[],[],"[""59031-700""]",[],-5.79357,-35.1986,,,municipality,Natal/RN,True
520,2408003,Mossoró,MOSSORO,RN,ELISIARIO DE SOUSA MELO NETO - ME ELETROTECNICA - SERVICOS E PECAS,Rio Grande do Norte MOSSORO,"Rio Grande do Norte MOSSORO

ELISIARIO DE SOUSA MELO NETO - ME ELETROTECNICA - SERVICOS E PECAS

CNPJ: 14.020.437/0001-00
I.E: 20.254.423-0

E-mail: meeletrotecnica@hotmail.com

(84) 98897-4243 / 30624443

RUA ARLINDO PEREIRA DE MELO, 170 - SANTO ANTONIO
CEP: 59.622-045 MOSSORO – RN",NORMAL,,"RUA ARLINDO PEREIRA DE MELO, 170 - SANTO ANTONIO, Mossoró/RN",,59.622-045,,"[""(84) 98897-4243"",""30624443""]","[""meeletrotecnica@hotmail.com""]","[""14.020.437/0001-00""]","[""59.622-045""]","[""RUA ARLINDO PEREIRA DE MELO, 170 - SANTO ANTONIO, Mossoró/RN""]",-5.18374,-37.3474,,,municipality,Mossoró/RN,True
521,4321006,Tapera,TAPERA,RS,64.277.583 EDUARDO SOUZA SOARES,RIO GRANDE DO SUL TAPERA,"RIO GRANDE DO SUL TAPERA

64.277.583 EDUARDO SOUZA SOARES

CNPJ: 64.277.583/0001-85

auxiliocontabilidade@hotmail.com

54 99125-1325 GABRIEL

Usa CNPJ do funcionario",NORMAL,,,,,,"[""54 99125-1325""]","[""auxiliocontabilidade@hotmail.com""]","[""64.277.583/0001-85""]",[],[],-28.6277,-52.8613,,,municipality,Tapera/RS,True
522,4300406,Alegrete,ALEGRETE,RS,59.546.765 GLEDSON FAGUNDES PEREIRA – FAGUNDES MANUTENÇÃO,RIO GRANDE DO SUL ALEGRETE,"RIO GRANDE DO SUL ALEGRETE

59.546.765 GLEDSON FAGUNDES PEREIRA – FAGUNDES MANUTENÇÃO

CNPJ: 59.546.765/0001-74

gledsonfp20@gmail.com

55 99924-5215 GLEDSON

RUA SÃO SEBASTIÃO, 155 – IBIRAPUITA

CEP: 97546-520 ALEGRETE – RS",NORMAL,,"RUA SÃO SEBASTIÃO, 155 – IBIRAPUITA, Alegrete/RS",,97546-520,,"[""55 99924-5215""]","[""gledsonfp20@gmail.com""]","[""59.546.765/0001-74""]","[""97546-520""]","[""RUA SÃO SEBASTIÃO, 155 – IBIRAPUITA, Alegrete/RS""]",-29.7902,-55.7949,,,municipality,Alegrete/RS,True
523,4310207,Ijuí,IJUI,RS,JOSIANE DA VEIGA DA CUNHA 96373822087 (ELETRONICA VISYON),RIO GRANDE DO SUL - IJUÍ,"RIO GRANDE DO SUL - IJUÍ

JOSIANE DA VEIGA DA CUNHA 96373822087 (ELETRONICA VISYON)

CNPJ: 31.895607/0001-00

eletronicavisyon@hotmail.com

55 3333-3452 / 99917-2787 IGOR

AV PORTO ALEGRE, 169 - LULU ILGENFRITZ

CEP: 98700-000 IJUI – RS",NORMAL,,"AV PORTO ALEGRE, 169 - LULU ILGENFRITZ, Ijuí/RS",,31.895607,,"[""55 3333-3452"",""99917-2787""]","[""eletronicavisyon@hotmail.com""]","[""31.895607/0001-00""]","[""31.895607"",""98700-000""]","[""AV PORTO ALEGRE, 169 - LULU ILGENFRITZ, Ijuí/RS""]",-28.388,-53.92,,,municipality,Ijuí/RS,True
524,4317301,Santa Vitória do Palmar,SANTA VITORIA DO PALMAR,RS,59.315.844 RONIE VON DA SILVA LARROZA,RIO GRANDE DO SUL SANTA VITÓRIA DO PALMAR,"RIO GRANDE DO SUL SANTA VITÓRIA DO PALMAR

59.315.844 RONIE VON DA SILVA LARROZA

CNPJ: 59.315.844/0001-74

eletroefriosvp@outlook.com

53 99706-2318 RONIE VON

RUA EDY CASTANHEIRA, 157 – ANTONIO BORGES

CEP: 96230-000 SANTA VITORIA DO PALMAR – RS",NORMAL,,"RUA EDY CASTANHEIRA, 157 – ANTONIO BORGES, Santa Vitória do Palmar/RS",,96230-000,,"[""53 99706-2318""]","[""eletroefriosvp@outlook.com""]","[""59.315.844/0001-74""]","[""96230-000""]","[""RUA EDY CASTANHEIRA, 157 – ANTONIO BORGES, Santa Vitória do Palmar/RS""]",-33.525,-53.3717,,,municipality,Santa Vitória do Palmar/RS,True
525,4323002,Viamão,VIAMAO,RS,O. S. DE FRAGA LTDA – MULTITECNICA FERRAGEM 56 (AINDA NÃO FEZ ATENDIMENTO),RIO GRANDE DO SUL VIAMAO,"RIO GRANDE DO SUL VIAMAO

O. S. DE FRAGA LTDA – MULTITECNICA FERRAGEM 56 (AINDA NÃO FEZ ATENDIMENTO)

CNPJ: 23.470.600/0001-19

ferragem56@gmail.com

51 99669-1525 ODERNITO

ROD TAPIR ROCHA, 9469 (ANEXO 9479) QUERENCIA

CEP: 94435-555 VIAMAO – RS",NORMAL,,"ROD TAPIR ROCHA, 9469 (ANEXO 9479) QUERENCIA, Viamão/RS",,94435-555,,"[""51 99669-1525""]","[""ferragem56@gmail.com""]","[""23.470.600/0001-19""]","[""94435-555""]","[""ROD TAPIR ROCHA, 9469 (ANEXO 9479) QUERENCIA, Viamão/RS""]",-30.0819,-51.0194,,,municipality,Viamão/RS,True
526,4319901,Sapiranga,SAPIRANGA,RS,JUCIMARA MACEDO DOS SANTOS 98173626049 – INDIO MANUTENÇÃO,RIO GRANDE DO SUL SAPIRANGA,"RIO GRANDE DO SUL SAPIRANGA

JUCIMARA MACEDO DOS SANTOS 98173626049 – INDIO MANUTENÇÃO

CNPJ: 41.345.955/0001-68

gassad44@gmail.com

51 99503-1709 GILMAR

RUA ANITA GARIBALDI, 675 – FERRABRAZ

CEP: 93801-480 SAPIRANGA – RS",NORMAL,,"RUA ANITA GARIBALDI, 675 – FERRABRAZ, Sapiranga/RS",,93801-480,,"[""51 99503-1709""]","[""gassad44@gmail.com""]","[""41.345.955/0001-68""]","[""93801-480""]","[""RUA ANITA GARIBALDI, 675 – FERRABRAZ, Sapiranga/RS""]",-29.6349,-51.0064,,,municipality,Sapiranga/RS,True
527,4304903,Casca,CASCA,RS,ELIANO CASTELLI & CIA LTDA – C & C COMERCIAL,RIO GRANDE DO SUL CASCA,"RIO GRANDE DO SUL CASCA

ELIANO CASTELLI & CIA LTDA – C & C COMERCIAL

CNPJ: 02.399.284/0001-66

ceccomercial@gmail.com

54 3347-1617 / 54 98404-4502 DEIZI

54 99917-6858 ELIANO

AV. BORGES DE MEDEIROS, 721 – CENTRO

CEP: 99260-000 CASCA – RS",NORMAL,,"AV. BORGES DE MEDEIROS, 721 – CENTRO, Casca/RS",,99260-000,,"[""54 3347-1617"",""54 98404-4502"",""54 99917-6858""]","[""ceccomercial@gmail.com""]","[""02.399.284/0001-66""]","[""99260-000""]","[""AV. BORGES DE MEDEIROS, 721 – CENTRO, Casca/RS""]",-28.5605,-51.9815,,,municipality,Casca/RS,True
528,4309209,Gravataí,GRAVATAI,RS,MAQ SERVICE MANUT. E LOC. DE EQUIP. LTDA,Rio Grande do Sul GRAVATAI,"Rio Grande do Sul GRAVATAI

MAQ SERVICE MANUT. E LOC. DE EQUIP. LTDA

CNPJ: 24.312.799/0001-10

maqservice@maqservice-rs.com.br

51 3484-5553 / 99125-4461 TECNICO BRUNO

AV. DORIVAL CANDIDO LUZ DE OLIVEIRA, 1247 – COHAB C

CEP: 94030-001 GRAVATAI -RS",NORMAL,,"AV. DORIVAL CANDIDO LUZ DE OLIVEIRA, 1247 – COHAB C, Gravataí/RS",,94030-001,,"[""51 3484-5553"",""99125-4461""]","[""maqservice@maqservice-rs.com.br""]","[""24.312.799/0001-10""]","[""94030-001""]","[""AV. DORIVAL CANDIDO LUZ DE OLIVEIRA, 1247 – COHAB C, Gravataí/RS""]",-29.9413,-50.9869,,,municipality,Gravataí/RS,True
529,4309209,Gravataí,GRAVATAI,RS,59.560.865 ANDRIELE MARCELINA DA SILVA,Rio Grande do Sul GRAVATAI,"Rio Grande do Sul GRAVATAI

59.560.865 ANDRIELE MARCELINA DA SILVA

CNPJ: 59.560.865/0001-55

potencialeer@gmail.com

51 99937-7447 LUCAS

TECNICO NÃO TEM LOCAL PARA ATENDIMENTO AO PUBLICO, ELE RETIRA E LEVA DE VOLTA EQUIPAMENTO.",NORMAL,,,,,,"[""51 99937-7447""]","[""potencialeer@gmail.com""]","[""59.560.865/0001-55""]",[],[],-29.9413,-50.9869,,,municipality,Gravataí/RS,True
530,4317202,Santa Rosa,SANTA ROSA,RS,REFRIGERAÇÃO SOUZA LTDA ME – MASTER FRIO,Rio Grande do Sul SANTA ROSA,"Rio Grande do Sul SANTA ROSA

REFRIGERAÇÃO SOUZA LTDA ME – MASTER FRIO

CNPJ: 12.183.964/0001-00

masterfrio@yahoo.com.br

55 3511-4741 / 98411-3845 LUIZ

AV. INHACORA, 505 – CENTRO

CEP: 98780-818 SANTA ROSA – RS",NORMAL,,"AV. INHACORA, 505 – CENTRO, Santa Rosa/RS",,98780-818,,"[""55 3511-4741"",""98411-3845""]","[""masterfrio@yahoo.com.br""]","[""12.183.964/0001-00""]","[""98780-818""]","[""AV. INHACORA, 505 – CENTRO, Santa Rosa/RS""]",-27.8702,-54.4796,,,municipality,Santa Rosa/RS,True
531,4317202,Santa Rosa,SANTA ROSA,RS,FABRICIO BATISTA GONÇALVES 03317220031 – MASTER FRIO,Rio Grande do Sul SANTA ROSA,"Rio Grande do Sul SANTA ROSA

FABRICIO BATISTA GONÇALVES 03317220031 – MASTER FRIO

CNPJ: 44.221.979/0001-01

fabriciodragon@outlook.com

55 9994-3557 / 55 3511-4741 / 98411-3845 LUIZ

AV. INHACORA, 505 – CENTRO

CEP: 98780-818 SANTA ROSA – RS",NORMAL,,"AV. INHACORA, 505 – CENTRO, Santa Rosa/RS",,98780-818,,"[""55 9994-3557"",""55 3511-4741"",""98411-3845""]","[""fabriciodragon@outlook.com""]","[""44.221.979/0001-01""]","[""98780-818""]","[""AV. INHACORA, 505 – CENTRO, Santa Rosa/RS""]",-27.8702,-54.4796,,,municipality,Santa Rosa/RS,True
532,4321907,Três Passos,TRES PASSOS,RS,OLIPASSOS ASSIST. TEC. DE EQUIP. DE ESCRITORIO LTDA - ATENDE SÓ MOEDORES,Rio Grande do Sul TRES PASSOS,"Rio Grande do Sul TRES PASSOS

OLIPASSOS ASSIST. TEC. DE EQUIP. DE ESCRITORIO LTDA  - ATENDE SÓ MOEDORES

CNPJ: 94.362.944/0001-52

olipassos@mksnet.com.br

55 3522-1148 / 99977-0253 MARIO

AV. JULIO DE CASTILHOS, 1600 – CENTRO

CEP: 98600-000 TRES PASSOS – RS",NORMAL,,"AV. JULIO DE CASTILHOS, 1600 – CENTRO, Três Passos/RS",,98600-000,,"[""55 3522-1148"",""99977-0253""]","[""olipassos@mksnet.com.br""]","[""94.362.944/0001-52""]","[""98600-000""]","[""AV. JULIO DE CASTILHOS, 1600 – CENTRO, Três Passos/RS""]",-27.4555,-53.9296,,,municipality,Três Passos/RS,True
533,4321907,Três Passos,TRES PASSOS,RS,ERONE C. DA ROSA LTDA,Rio Grande do Sul TRES PASSOS,"Rio Grande do Sul TRES PASSOS

ERONE C. DA ROSA LTDA

CNPJ: 51.363.838/0001-80

eronecrespim@yahoo.com.br

55 99715-2328 RONE

RUA LIBERO BADARO, 60 SL A – PINDORAMA

CEP: 98600-000 TRES PASSOS – RS",NORMAL,,"RUA LIBERO BADARO, 60 SL A – PINDORAMA, Três Passos/RS",,98600-000,,"[""55 99715-2328""]","[""eronecrespim@yahoo.com.br""]","[""51.363.838/0001-80""]","[""98600-000""]","[""RUA LIBERO BADARO, 60 SL A – PINDORAMA, Três Passos/RS""]",-27.4555,-53.9296,,,municipality,Três Passos/RS,True
534,4300901,Aratiba,ARATIBA,RS,F D GRANDO & CIA LTDA – OFICINA ELETRICA GRANDO,Rio Grande do Sul ARATIBA,"Rio Grande do Sul ARATIBA

F D GRANDO & CIA LTDA – OFICINA ELETRICA GRANDO

CNPJ: 08.317.971/0001-71

eletrica.aratiba@gmail.com

54 3376-1219 / 9940-7385 FELIPE

RUA SANTO GRANZOTTO, 412 – CENTRO

CEP: 99770-000 ARATIBA – RS",NORMAL,,"RUA SANTO GRANZOTTO, 412 – CENTRO, Aratiba/RS",,99770-000,,"[""54 3376-1219"",""9940-7385""]","[""eletrica.aratiba@gmail.com""]","[""08.317.971/0001-71""]","[""99770-000""]","[""RUA SANTO GRANZOTTO, 412 – CENTRO, Aratiba/RS""]",-27.3978,-52.2975,,,municipality,Aratiba/RS,True
535,4313904,Panambi,PANAMBI,RS,AMARILDO ESTEFANI DA SILVA,Rio Grande do Sul PANAMBI,"Rio Grande do Sul PANAMBI

AMARILDO ESTEFANI DA SILVA

CNPJ: 13.757.706/0001-44

amarildoestefaniassistencia@gmail.com

55 99180-6330 AMARILDO

RUA OLARIA, 625 – SÃO JORGE",NORMAL,,"RUA OLARIA, 625 – SÃO JORGE, Panambi/RS",,,,"[""55 99180-6330""]","[""amarildoestefaniassistencia@gmail.com""]","[""13.757.706/0001-44""]",[],"[""RUA OLARIA, 625 – SÃO JORGE, Panambi/RS""]",-28.2833,-53.5023,,,municipality,Panambi/RS,True
536,4308508,Frederico Westphalen,FREDERICO WESTPHALEN,RS,SB ELETRODOMESTICOS LTDA (SPONCHIADO ELETRODOMESTICOS),Rio Grande do Sul FREDERICO WESTPHALEN,"Rio Grande do Sul FREDERICO WESTPHALEN

SB ELETRODOMESTICOS LTDA (SPONCHIADO ELETRODOMESTICOS)

CNPJ: 11.181.068/0001-30

jlsponchiado@yahoo.com.br

55 99919-5384 JOÃO

RUA MAURICIO CARDOSO, 642 SALA 2 – CENTRO",NORMAL,,"RUA MAURICIO CARDOSO, 642 SALA 2 – CENTRO, Frederico Westphalen/RS",,,,"[""55 99919-5384""]","[""jlsponchiado@yahoo.com.br""]","[""11.181.068/0001-30""]",[],"[""RUA MAURICIO CARDOSO, 642 SALA 2 – CENTRO, Frederico Westphalen/RS""]",-27.3586,-53.3958,,,municipality,Frederico Westphalen/RS,True
537,4314407,Pelotas,PELOTAS,RS,CESAR COM. DE EQUIP. E SERVIÇOS DE ASSISTENCIA LTDA (CESAR PEÇAS E EQUIPAMENTOS),Rio Grande do Sul PELOTAS,"Rio Grande do Sul PELOTAS

CESAR COM. DE EQUIP. E SERVIÇOS DE ASSISTENCIA LTDA (CESAR PEÇAS E EQUIPAMENTOS)

CNPJ: 23.514.277/0001-38

cesar.betemps@gmail.com

53 98125-0420

RUA PEDRO MOACYR, 88 – TRES VENDAS

PELOTAS – RS CEP 96020-550",NORMAL,,"RUA PEDRO MOACYR, 88 – TRES VENDAS, Pelotas/RS",,96020-550,,"[""53 98125-0420""]","[""cesar.betemps@gmail.com""]","[""23.514.277/0001-38""]","[""96020-550""]","[""RUA PEDRO MOACYR, 88 – TRES VENDAS, Pelotas/RS""]",-31.7649,-52.3371,,,municipality,Pelotas/RS,True
538,4314407,Pelotas,PELOTAS,RS,Nome da empresa: PESO CERTO LTDA,Rio Grande do Sul PELOTAS,"Rio Grande do Sul PELOTAS

Nome da empresa: PESO CERTO LTDA

CNPJ: 01.885.133/0001-55

Telefone: 53 3221-0707 / 53 9158-8677 VERA

E-mail: financeiro.pesocerto@gmail.com

End: AVENIDA DUQUE DE CAXIAS n 578, cep: 96030002 – FRAGATA",NORMAL,,"AVENIDA DUQUE DE CAXIAS n 578, cep: 96030002 – FRAGATA, Pelotas/RS",,96030002,,"[""53 3221-0707"",""53 9158-8677""]","[""financeiro.pesocerto@gmail.com""]","[""01.885.133/0001-55""]","[""96030002""]","[""AVENIDA DUQUE DE CAXIAS n 578, cep: 96030002 – FRAGATA, Pelotas/RS""]",-31.7649,-52.3371,,,municipality,Pelotas/RS,True
539,4316600,Sananduva,SANANDUVA,RS,REFRIGERAÇÃO TESTA LTDA,Rio Grande do Sul SANANDUVA,"Rio Grande do Sul SANANDUVA

REFRIGERAÇÃO TESTA LTDA

CNPJ: 90.331.059/0001-55

roberto@refrigeracaotesta.com.br

54 99945-2846

AVENIDA RIO BRANCO, 588 – CENTRO

CEP: 99840-000 SANANDUVA – RS",NORMAL,,"AVENIDA RIO BRANCO, 588 – CENTRO, Sananduva/RS",,99840-000,,"[""54 99945-2846""]","[""roberto@refrigeracaotesta.com.br""]","[""90.331.059/0001-55""]","[""99840-000""]","[""AVENIDA RIO BRANCO, 588 – CENTRO, Sananduva/RS""]",-27.947,-51.8079,,,municipality,Sananduva/RS,True
540,4314902,Porto Alegre,PORTO ALEGRE,RS,MASTERVAC COM. E ASS. TEC. EM MAQUINAS E EQUIPAMENTOS,Rio Grande do Sul PORTO ALEGRE,"Rio Grande do Sul PORTO ALEGRE

MASTERVAC COM. E ASS. TEC. EM MAQUINAS E EQUIPAMENTOS

CNPJ: 43.809.087/0001-55

danielceresoli@gmail.com

51 98278-3402 DANIEL

AV. MISSOES, 222 – NAVEGANTES

CEP: 90230-100 PORTO ALEGRE - RS",NORMAL,,"AV. MISSOES, 222 – NAVEGANTES, Porto Alegre/RS",,90230-100,,"[""51 98278-3402""]","[""danielceresoli@gmail.com""]","[""43.809.087/0001-55""]","[""90230-100""]","[""AV. MISSOES, 222 – NAVEGANTES, Porto Alegre/RS""]",-30.0318,-51.2065,,,municipality,Porto Alegre/RS,True
541,4314902,Porto Alegre,PORTO ALEGRE,RS,G D VARGAS MACHADO & CIA LTDA (GERAPEÇAS),Rio Grande do Sul PORTO ALEGRE,"Rio Grande do Sul PORTO ALEGRE

***G D VARGAS MACHADO & CIA LTDA (GERAPEÇAS)***

E-MAIL: gerapecas@gmail.com

TEL: 51 3346-2888 / 98608-6200

98270-3176 FELIPE

AV. BERLIM, 55 – SÃO GERALDO",NORMAL,,"AV. BERLIM, 55 – SÃO GERALDO, Porto Alegre/RS",,,,"[""51 3346-2888"",""98608-6200"",""98270-3176""]","[""gerapecas@gmail.com""]",[],[],"[""AV. BERLIM, 55 – SÃO GERALDO, Porto Alegre/RS""]",-30.0318,-51.2065,,,municipality,Porto Alegre/RS,True
542,4314902,Porto Alegre,PORTO ALEGRE,RS,Nome da empresa: BC COM. E MANUTENCAO LTDA – FAZ MANUTENÇÃO SOMENTE NOS EQUIPAMENTOS QUE VENDEM,Rio Grande do Sul PORTO ALEGRE,"Rio Grande do Sul PORTO ALEGRE

Nome da empresa: BC COM. E MANUTENCAO LTDA – FAZ MANUTENÇÃO SOMENTE NOS EQUIPAMENTOS QUE VENDEM

CNPJ: 11.508.445/0001-01

Telefone: 51 32228262 Analize e Luiz

E-mail: contato@bomcorteequipamentos.com.br

End: R Visconde do Rio Branco, 208 - Floresta - Alegre, RS - CEP: 90220-230",NORMAL,,"R Visconde do Rio Branco, 208 - Floresta - Alegre, RS - CEP: 90220-230, Porto Alegre/RS",,90220-230,,"[""51 32228262""]","[""contato@bomcorteequipamentos.com.br""]","[""11.508.445/0001-01""]","[""90220-230""]","[""R Visconde do Rio Branco, 208 - Floresta - Alegre, RS - CEP: 90220-230, Porto Alegre/RS""]",-30.0318,-51.2065,,,municipality,Porto Alegre/RS,True
543,4314902,Porto Alegre,PORTO ALEGRE,RS,PONTO CERTO COM. DE PEÇAS E MAQ. P/ PADARIAS LTDA (PONTO DAS PEÇAS),Rio Grande do Sul PORTO ALEGRE,"Rio Grande do Sul PORTO ALEGRE

PONTO CERTO COM. DE PEÇAS E MAQ. P/ PADARIAS LTDA (PONTO DAS PEÇAS)

pontocertocompras@gmail.com

51 3343-8791 / 51 8608-0875

AV. SERTORIO, 1091 – NAVEGANTES",NORMAL,,"AV. SERTORIO, 1091 – NAVEGANTES, Porto Alegre/RS",,,,"[""51 3343-8791"",""51 8608-0875""]","[""pontocertocompras@gmail.com""]",[],[],"[""AV. SERTORIO, 1091 – NAVEGANTES, Porto Alegre/RS""]",-30.0318,-51.2065,,,municipality,Porto Alegre/RS,True
544,4314902,Porto Alegre,PORTO ALEGRE,RS,Nome da empresa: PONTO CERTO COMERCIO DE PECAS E MAQUINAS PARA PADARIAS LTDA.,Rio Grande do Sul PORTO ALEGRE,"Rio Grande do Sul PORTO ALEGRE

Nome da empresa: PONTO CERTO COMERCIO DE PECAS E MAQUINAS PARA PADARIAS LTDA.

Telefone: 51 3346-2513 / 51 33641140

E-mail: pontocertofinan@hotmail.com

Rio Grande do Sul SANTO ANGELO ( **D**** J L ELETRO ELETRONICA)**
CNPJ: 13.212.783.0001.19

Nome da empresa: LAURO CARDOSO DA SILVA 90754670015 - ME

Telefone:  55 33132055 / 55 9903-7224 LAURO

E-mail:** ****d.j.lauroeletroeletonica@hotmail.com**

End: Rua Eli Coelho Marquetti, 981, Esperança - Loja Santo Ângelo/RS - CEP 98807-354",NORMAL,,"Rua Eli Coelho Marquetti, 981, Esperança - Loja Santo Ângelo/RS - CEP 98807-354, Porto Alegre/RS",,98807-354,,"[""51 3346-2513"",""51 33641140"",""55 33132055"",""55 9903-7224""]","[""pontocertofinan@hotmail.com"",""d.j.lauroeletroeletonica@hotmail.com""]",[],"[""98807-354""]","[""Rua Eli Coelho Marquetti, 981, Esperança - Loja Santo Ângelo/RS - CEP 98807-354, Porto Alegre/RS""]",-30.0318,-51.2065,,,municipality,Porto Alegre/RS,True
545,4305108,Caxias do Sul,CAXIAS DO SUL,RS,PERTIMAQ MAQUINAS INDUSTRIAIS LTDA,Rio Grande do Sul CAXIAS DO SUL,"Rio Grande do Sul CAXIAS DO SUL

PERTIMAQ MAQUINAS INDUSTRIAIS LTDA

CNPJ: 33.861.090/0001-64

Telefone: 54 3536-0861 / 54 99979-0120 MAICON

E-mail: pertimaq@gmail.com

Rua Capricórnio, 154 Cruzeiro

CEP: 95074-140 CAXIAS DO SUL – RS",NORMAL,,"Rua Capricórnio, 154 Cruzeiro, Caxias do Sul/RS",,95074-140,,"[""54 3536-0861"",""54 99979-0120""]","[""pertimaq@gmail.com""]","[""33.861.090/0001-64""]","[""95074-140""]","[""Rua Capricórnio, 154 Cruzeiro, Caxias do Sul/RS""]",-29.1629,-51.1792,,,municipality,Caxias do Sul/RS,True
546,4305108,Caxias do Sul,CAXIAS DO SUL,RS,Nome da empresa: PHANTON COM E ASSISTENCIA TECNICA LTDA,Rio Grande do Sul CAXIAS DO SUL,"Rio Grande do Sul CAXIAS DO SUL

Nome da empresa: PHANTON COM E ASSISTENCIA TECNICA LTDA

Telefone: 54 3217-5692 / 54 98115-9205 CARLOS

E-mail: phanton.assistencia.autorizada@gmail.com

End: Av. Brasil, 701 - Jardim America, Caxias do Sul - RS, Cep: 95050-000",NORMAL,,"Av. Brasil, 701 - Jardim America, Caxias do Sul - RS, Cep: 95050-000",,95050-000,,"[""54 3217-5692"",""54 98115-9205""]","[""phanton.assistencia.autorizada@gmail.com""]",[],"[""95050-000""]","[""Av. Brasil, 701 - Jardim America, Caxias do Sul - RS, Cep: 95050-000""]",-29.1629,-51.1792,,,municipality,Caxias do Sul/RS,True
547,4304630,Capão da Canoa,CAPAO DA CANOA,RS,Nome da empresa: EVERTON RUBERT 01237117038,Rio Grande do Sul CAPAO DA CANOA,"Rio Grande do Sul CAPAO DA CANOA

Nome da empresa: EVERTON RUBERT 01237117038

Emaq

Telefone: 51 999001136

E-mail: emaq.manutencoes@gmail.com

End: Rua Peri n 3927 Centro",NORMAL,,"Rua Peri n 3927 Centro, Capão da Canoa/RS",,,,"[""51 999001136""]","[""emaq.manutencoes@gmail.com""]",[],[],"[""Rua Peri n 3927 Centro, Capão da Canoa/RS""]",-29.7642,-50.0282,,,municipality,Capão da Canoa/RS,True
548,4316808,Santa Cruz do Sul,SANTA CRUZ DO SUL,RS,TECNOWEG REFRIGERAÇÃO LTDA,Rio Grande do Sul SANTA CRUZ DO SUL,"Rio Grande do Sul SANTA CRUZ DO SUL

TECNOWEG REFRIGERAÇÃO LTDA

CNPJ: 12.810.276/0001-14

tecnoweg2@gmail.com

TEL.:  51 2109-6933 - 99712-8320

RUA IGUAÇU, 42 – BONFIM

CEP: 96830-060 SANTA CRUZ DO SUL – RS",NORMAL,,"RUA IGUAÇU, 42 – BONFIM, Santa Cruz do Sul/RS",,96830-060,,"[""51 2109-6933"",""99712-8320""]","[""tecnoweg2@gmail.com""]","[""12.810.276/0001-14""]","[""96830-060""]","[""RUA IGUAÇU, 42 – BONFIM, Santa Cruz do Sul/RS""]",-29.722,-52.4343,,,municipality,Santa Cruz do Sul/RS,True
549,4301602,Bagé,BAGE,RS,SOS ASSISTENCIA TECNICA LTDA – S O S CENTRO ELETRONICO,Rio Grande do Sul BAGE,"Rio Grande do Sul BAGE

SOS ASSISTENCIA TECNICA LTDA – S O S CENTRO ELETRONICO

CNPJ: 22.874.987/0001-06

soscentroeletronico@hotmail.com

53 3311-3589 / 53 99902-7171

RUA BARÃO DO ITAQUI, 106 – ANDAR 1 SALA 01 – GETULIO VARGAS

CEP: 96412-600 BAGÉ - RS",NORMAL,,"RUA BARÃO DO ITAQUI, 106 – ANDAR 1 SALA 01 – GETULIO VARGAS, Bagé/RS",,96412-600,,"[""53 3311-3589"",""53 99902-7171""]","[""soscentroeletronico@hotmail.com""]","[""22.874.987/0001-06""]","[""96412-600""]","[""RUA BARÃO DO ITAQUI, 106 – ANDAR 1 SALA 01 – GETULIO VARGAS, Bagé/RS""]",-31.3297,-54.0999,,,municipality,Bagé/RS,True
550,4301602,Bagé,BAGE,RS,JULIANE GONCALVES DA SILVA MOREIRA 01618298054,Rio Grande do Sul BAGE,"Rio Grande do Sul BAGE

JULIANE GONCALVES DA SILVA MOREIRA 01618298054

MONTE SINAI ASS. TECNICA

CNPJ: 28.655.640/0001-59

montesinai.assistenciatecnica@gmail.com

(53) 999551563 / CLEITON

RUA CORONEL FAVORINO n 832, cep: 96412750 - GETULIO VARGAS",NORMAL,,"RUA CORONEL FAVORINO n 832, cep: 96412750 - GETULIO VARGAS, Bagé/RS",,96412750,,"[""(53) 999551563""]","[""montesinai.assistenciatecnica@gmail.com""]","[""28.655.640/0001-59""]","[""96412750""]","[""RUA CORONEL FAVORINO n 832, cep: 96412750 - GETULIO VARGAS, Bagé/RS""]",-31.3297,-54.0999,,,municipality,Bagé/RS,True
551,4309100,Gramado,GRAMADO,RS,OFICINA DA GASTRONOMIA,Rio Grande do Sul GRAMADO,"Rio Grande do Sul GRAMADO

OFICINA DA GASTRONOMIA

CNPJ: 14.731.026.0001/14

Telefone:  54 3286-7138 / 54 99926-7189

E-mail: dlsassistencia@gmail.com

End: Rua Vereador Teodoro Micaelce n 313 Bairro: Mato Queimado cep: 95670000",NORMAL,,"Rua Vereador Teodoro Micaelce n 313 Bairro: Mato Queimado cep: 95670000, Gramado/RS",,95670000,,"[""54 3286-7138"",""54 99926-7189""]","[""dlsassistencia@gmail.com""]",[],"[""95670000""]","[""Rua Vereador Teodoro Micaelce n 313 Bairro: Mato Queimado cep: 95670000, Gramado/RS""]",-29.3734,-50.8762,,,municipality,Gramado/RS,True
552,4313508,Osório,OSORIO,RS,Nome da empresa: R WAGNER COML E ADMINISTRADORA LTDA R,Rio Grande do Sul OSORIO,"Rio Grande do Sul OSORIO

Nome da empresa: R WAGNER COML E ADMINISTRADORA LTDA R

Telefone: 51 36632732 / 51 999533656 Luiz Coelho

E-mail: linkassistec7@gmail.com",NORMAL,,,,,,"[""51 36632732"",""51 999533656""]","[""linkassistec7@gmail.com""]",[],[],[],-29.8881,-50.2667,,,municipality,Osório/RS,True
553,4313508,Osório,OSORIO,RS,R WAGNER COMERCIAL E ADMINISTRADORA LTDA,Rio Grande do Sul OSORIO,"Rio Grande do Sul OSORIO

**R WAGNER COMERCIAL E ADMINISTRADORA LTDA**

(51)99953-3656

linkassistec7@gmail.com

CNPJ: 94645892000121

** END: **Rua 24 DE MAIO, 1201

Bairro: CENTRO - OSORIO",NORMAL,,"**Rua 24 DE MAIO, 1201, Osório/RS",,,,"[""(51)99953-3656""]","[""linkassistec7@gmail.com""]","[""94645892000121""]",[],"[""**Rua 24 DE MAIO, 1201, Osório/RS""]",-29.8881,-50.2667,,,municipality,Osório/RS,True
554,4300604,Alvorada,ALVORADA,RS,JR ACES. PARA ACOUGUES E PADARIAS LTDA - CONSERMAQ,Rio Grande do Sul ALVORADA,"Rio Grande do Sul ALVORADA

JR ACES. PARA ACOUGUES E PADARIAS LTDA - CONSERMAQ

CNPJ: 93.018.042/0001-30

Telefone: 51 34832448 / 51 34422010 / 51 997330221

E-mail: assistencia@jcequipamento.com.br / conser-maq@hotmail.com

End: RUA RICARDO F NUNES, 47 – BELA VISTA

Alvorada - RS, cep: 94810-580",NORMAL,,"RUA RICARDO F NUNES, 47 – BELA VISTA, Alvorada/RS",,94810-580,,"[""51 34832448"",""51 34422010"",""51 997330221""]","[""assistencia@jcequipamento.com.br"",""conser-maq@hotmail.com""]","[""93.018.042/0001-30""]","[""94810-580""]","[""RUA RICARDO F NUNES, 47 – BELA VISTA, Alvorada/RS""]",-29.9914,-51.0809,,,municipality,Alvorada/RS,True
555,4300604,Alvorada,ALVORADA,RS,Nome da empresa: BRAZIPEL DISTR. EMB. ACES. AC.,Rio Grande do Sul ALVORADA,"Rio Grande do Sul ALVORADA

Nome da empresa: BRAZIPEL DISTR. EMB. ACES. AC.

Telefone: 51 34433897 / 51 34437368

E-mail: assistencia@brazipel.com.br

End: R. Pedro Claudio Monassa, 761 Jd Algarve – Cep: 94859-440 - Alvorada/RS",NORMAL,,"R. Pedro Claudio Monassa, 761 Jd Algarve – Cep: 94859-440 - Alvorada/RS",,94859-440,,"[""51 34433897"",""51 34437368""]","[""assistencia@brazipel.com.br""]",[],"[""94859-440""]","[""R. Pedro Claudio Monassa, 761 Jd Algarve – Cep: 94859-440 - Alvorada/RS""]",-29.9914,-51.0809,,,municipality,Alvorada/RS,True
556,4313706,Palmeira das Missões,PALMEIRA DAS MISSOES,RS,Nome da empresa: HARTMANN AUTO ELETRICA LTDA,Rio Grande do Sul PALMEIRA DAS MISSÕES,"Rio Grande do Sul PALMEIRA DAS MISSÕES

Nome da empresa: HARTMANN AUTO ELETRICA LTDA

Telefone:  55 37421278 Claudio

E-mail: claudiocarloshartmann@gmail.com",NORMAL,,,,,,"[""55 37421278""]","[""claudiocarloshartmann@gmail.com""]",[],[],[],-27.9007,-53.3134,,,municipality,Palmeira das Missões/RS,True
557,4313409,Novo Hamburgo,NOVO HAMBURGO,RS,JUNIOR MOISES FERRAO GARCIA - JRM Maquinas,Rio Grande do Sul NOVO HAMBURGO,"Rio Grande do Sul NOVO HAMBURGO

JUNIOR MOISES FERRAO GARCIA - JRM Maquinas

CNPJ: 29.822.718/0001-45

jmoisesfgarcia@gmail.com

51 99272-5695 MOISES

RUA OSLO, 19 – CANUDOS

CEP: 93542-180 NOVO HAMBURGO – RS",NORMAL,,"RUA OSLO, 19 – CANUDOS, Novo Hamburgo/RS",,93542-180,,"[""51 99272-5695""]","[""jmoisesfgarcia@gmail.com""]","[""29.822.718/0001-45""]","[""93542-180""]","[""RUA OSLO, 19 – CANUDOS, Novo Hamburgo/RS""]",-29.6875,-51.1328,,,municipality,Novo Hamburgo/RS,True
558,4313409,Novo Hamburgo,NOVO HAMBURGO,RS,ASM EQUIP. E SOLUÇÕES EM COZINHA IND. LTDA,Rio Grande do Sul NOVO HAMBURGO,"Rio Grande do Sul NOVO HAMBURGO

ASM EQUIP. E SOLUÇÕES EM COZINHA IND. LTDA

CNPJ: 51.233.626/0001-89

AUGUSTO@ASMREPRESENTACOES.COM.BR

51 99575-9495 CRISTIANO

RUA 3 DE OUTUBRO, 560 – IDEAL

CEP: 93336-130 NOVO HAMBURGO – RS

EMITE NOTA DE SERVIÇO POR OUTRA RAZÃO SOCIAL:

AUGUSTO SELAU MARQUES CNPJ: 28.908.773/0001-90",NORMAL,,"RUA 3 DE OUTUBRO, 560 – IDEAL, Novo Hamburgo/RS",,93336-130,,"[""51 99575-9495""]","[""AUGUSTO@ASMREPRESENTACOES.COM.BR""]","[""51.233.626/0001-89"",""28.908.773/0001-90""]","[""93336-130""]","[""RUA 3 DE OUTUBRO, 560 – IDEAL, Novo Hamburgo/RS""]",-29.6875,-51.1328,,,municipality,Novo Hamburgo/RS,True
559,4313409,Novo Hamburgo,NOVO HAMBURGO,RS,Nome da empresa: DIEGO DIAS DE VARGAS MACHADO,Rio Grande do Sul NOVO HAMBURGO,"Rio Grande do Sul NOVO HAMBURGO

Nome da empresa: DIEGO DIAS DE VARGAS MACHADO

Telefone:  51 30661050 / 51 99176-3297 Diego/ Leticia

E-mail: gerapecas.nh@gmail.com",NORMAL,,,,,,"[""51 30661050"",""51 99176-3297""]","[""gerapecas.nh@gmail.com""]",[],[],[],-29.6875,-51.1328,,,municipality,Novo Hamburgo/RS,True
560,4313409,Novo Hamburgo,NOVO HAMBURGO,RS,Nome da empresa: MARCELO A FRITSCH,Rio Grande do Sul NOVO HAMBURGO (não faz mais assistência de equipamentos),"Rio Grande do Sul NOVO HAMBURGO (não faz mais assistência de equipamentos)

Nome da empresa: MARCELO A FRITSCH

Telefone:  51 31340400

E-mail: contato@luminuseletrica.com.br",NORMAL,,,,,,"[""51 31340400""]","[""contato@luminuseletrica.com.br""]",[],[],[],-29.6875,-51.1328,,,municipality,Novo Hamburgo/RS,True
561,4307807,Estrela,ESTRELA,RS,A C MULLER COMERCIAL LTDA,Rio Grande do Sul ESTRELA,"Rio Grande do Sul ESTRELA

A C MULLER COMERCIAL LTDA

CNPJ: 92.156.090/0001-22

(51) 3720-4447 / 51 37121406 ANTONIO / CATIA

RUA CEL BRITO 79 CENTRO MUNICIPIO DE ESTRELA",NORMAL,,RUA CEL BRITO 79 CENTRO MUNICIPIO DE ESTRELA/RS,,,,"[""(51) 3720-4447"",""51 37121406""]",[],"[""92.156.090/0001-22""]",[],"[""RUA CEL BRITO 79 CENTRO MUNICIPIO DE ESTRELA/RS""]",-29.5002,-51.9495,,,municipality,Estrela/RS,True
562,4314100,Passo Fundo,PASSO FUNDO,RS,FABIANO MAGNUS REFRIGERAÇÃO LTDA – CONFRIMAQ,Rio Grande do Sul Passo Fundo,"Rio Grande do Sul Passo Fundo

FABIANO MAGNUS REFRIGERAÇÃO LTDA – CONFRIMAQ

CNPJ: 47.746.991/0001-10

fabiano@confrimaq.com.br

54 9 9182-3264 OU 9 9172-9184 FABIANO

AV CYRIO JOSE NACUL, 710 – VALINHOS

CEP: 99043-610 PASSO FUNDO RS",NORMAL,,"AV CYRIO JOSE NACUL, 710 – VALINHOS, Passo Fundo/RS",,99043-610,,"[""9182-3264"",""9172-9184""]","[""fabiano@confrimaq.com.br""]","[""47.746.991/0001-10""]","[""99043-610""]","[""AV CYRIO JOSE NACUL, 710 – VALINHOS, Passo Fundo/RS""]",-28.2576,-52.4091,,,municipality,Passo Fundo/RS,True
563,4314050,Parobé,PAROBE,RS,JOSE RONALDO DE SOUZA LTDA (MANUTEK),Rio Grande do Sul Parobé,"Rio Grande do Sul Parobé

JOSE RONALDO DE SOUZA LTDA (MANUTEK)

CNPJ: 20.311.017/0001-77

ronaldo.manutek@gmail.com

51 99838-4117

Rua ALFREDO NUNES, 198 - VILA ROMANA

CEP: 95630-000 PAROBÉ – RS

WELLINGTON EUSTAQUIO PEREIRA (ELETRO PEREIRA)

CNPJ: 11.126.294/0001-19

eletropereira.motores@gmail.com

34 3061.3044 / 9 9665.0628 Wellington

Rua ANA DE OLIVEIRA N 391, CENTRO",NORMAL,,"Rua ALFREDO NUNES, 198 - VILA ROMANA, Parobé/RS",,95630-000,,"[""51 99838-4117"",""34 3061.3044"",""9665.0628""]","[""ronaldo.manutek@gmail.com"",""eletropereira.motores@gmail.com""]","[""20.311.017/0001-77"",""11.126.294/0001-19""]","[""95630-000""]","[""Rua ALFREDO NUNES, 198 - VILA ROMANA, Parobé/RS"",""Rua ANA DE OLIVEIRA N 391, CENTRO, Parobé/RS""]",-29.6243,-50.8312,,,municipality,Parobé/RS,True
564,3148004,Patos de Minas,PATOS DE MINAS,MG,45.241.741 EDUARDA PEREIRA CAMARGOS,PATOS DE MINAS MG,"PATOS DE MINAS MG

45.241.741 EDUARDA PEREIRA CAMARGOS

CNPJ: 45.241.741/0001-00

dudspc@outlook.com

34 99692-7892 GABRIEL

34 99698-1184 THIAGO

RUA DR. PAULO DO PRADO BRANDÃO, 220 – RES. BARREIRO

CEP.: 38701-832 PATOS DE MINAS – MG",NORMAL,,"RUA DR. PAULO DO PRADO BRANDÃO, 220 – RES. BARREIRO, Patos de Minas/MG",,38701-832,,"[""34 99692-7892"",""34 99698-1184""]","[""dudspc@outlook.com""]","[""45.241.741/0001-00""]","[""38701-832""]","[""RUA DR. PAULO DO PRADO BRANDÃO, 220 – RES. BARREIRO, Patos de Minas/MG""]",-18.5699,-46.5013,,,municipality,Patos de Minas/MG,True
565,2800308,Aracaju,ARACAJU,SE,CASA DAS BALANÇAS ARACAJU LTDA,SERGIPE ARACAJU,"SERGIPE ARACAJU

CASA DAS BALANÇAS ARACAJU LTDA

CNPJ: 32.857.609/0001-78

cbgarantia@hotmail.com / cbaracaju@hotmail.com

Fone: 79 3211-7012 / 3213-0530

79 9 9816-6632 BENICIO

79 99974-8287 BEZZERA

RUA LARANJEIRAS N 1497 B - GETULIO VARGAS",NORMAL,,"RUA LARANJEIRAS N 1497 B - GETULIO VARGAS, Aracaju/SE",,,,"[""79 3211-7012"",""3213-0530"",""9816-6632"",""79 99974-8287""]","[""cbgarantia@hotmail.com"",""cbaracaju@hotmail.com""]","[""32.857.609/0001-78""]",[],"[""RUA LARANJEIRAS N 1497 B - GETULIO VARGAS, Aracaju/SE""]",-10.9091,-37.0677,,,municipality,Aracaju/SE,True
566,2800308,Aracaju,ARACAJU,SE,60.789.266 WEMERSON VALNER SANTOS - AJUMAQ,SERGIPE ARACAJU,"SERGIPE ARACAJU

60.789.266 WEMERSON VALNER SANTOS - AJUMAQ

CNPJ: 60.789.266/0001-97

wemersonvalner@hotmail.com

79 99654-4066 WEMERSON

RUA VINTE E SETE, 1 - SANTA MARIA

CEP: 49044-199 ARACAJU – SE",NORMAL,,"RUA VINTE E SETE, 1 - SANTA MARIA, Aracaju/SE",,49044-199,,"[""79 99654-4066""]","[""wemersonvalner@hotmail.com""]","[""60.789.266/0001-97""]","[""49044-199""]","[""RUA VINTE E SETE, 1 - SANTA MARIA, Aracaju/SE""]",-10.9091,-37.0677,,,municipality,Aracaju/SE,True
567,2804508,Nossa Senhora da Glória,NOSSA SENHORA DA GLORIA,SE,28.863.197 LUCIANO VIEIRA DE SOUZA,SERGIPE NOSSA SENHORA DA GLORIA,"SERGIPE NOSSA SENHORA DA GLORIA

28.863.197 LUCIANO VIEIRA DE SOUZA

CNPJ: 28.863.197/0001-01

lucianoreformoveis@gmail.com

79 99912-1482 LUCIANO

RUA MANOEL VIEIRA DE SOUZA, 278 – BRASILIA

CEP: 49680-000 NOSSA SENHORA DA GLORIA – SE

M. F. GRIZZO COMERCIO E SERVICOS LTDA

CNPJ: 05.931.473/0001-26

14 3622-1900 / 14 99757-7267 MIKAEL

AV JOSE EDUARDO DO AMARAL CARVALHO, 510 BLOCO 1 – JD. ORLANDO CHESINI OMETTO

CEP: 17.212-601 JAU SP

JULIANA SCURSONI MOLAN RODRIGUES

MJ REFRIGERAÇÃO

14 3622-1900 / MIKAEL

AV JOSE EDUARDO DO AMARAL CARVALHO,510, JD ORLANDO CHESINI OMETTO",NORMAL,,"RUA MANOEL VIEIRA DE SOUZA, 278 – BRASILIA, Nossa Senhora da Glória/SE",,49680-000,,"[""79 99912-1482"",""14 3622-1900"",""14 99757-7267""]","[""lucianoreformoveis@gmail.com""]","[""28.863.197/0001-01"",""05.931.473/0001-26""]","[""49680-000"",""17.212-601""]","[""RUA MANOEL VIEIRA DE SOUZA, 278 – BRASILIA, Nossa Senhora da Glória/SE"",""AV JOSE EDUARDO DO AMARAL CARVALHO, 510 BLOCO 1 – JD. ORLANDO CHESINI OMETTO, Nossa Senhora da Glória/SE"",""AV JOSE EDUARDO DO AMARAL CARVALHO,510, JD ORLANDO CHESINI OMETTO, Nossa Senhora da Glória/SE""]",-10.2158,-37.4211,,,municipality,Nossa Senhora da Glória/SE,True
568,4316907,Santa Maria,SANTA MARIA,RS,Nome da empresa: ANTONIO NOE DA SILVA PIRES – TECNOLAR CONSERTOS,Rio Grande do Sul SANTA MARIA,"Rio Grande do Sul SANTA MARIA

Nome da empresa: ANTONIO NOE DA SILVA PIRES – TECNOLAR CONSERTOS

CNPJ: 04.765.804/0001-32

Telefone: 55 32111594 / 55 99971-4752 Antonio

E-mail: tmlp26@terra.com.br

Rua Agostinho Escolari, 305 - Vila Urlandia

Cep: 90070-030 Santa Maria – RS",NORMAL,,"Rua Agostinho Escolari, 305 - Vila Urlandia, Santa Maria/RS",,90070-030,,"[""55 32111594"",""55 99971-4752""]","[""tmlp26@terra.com.br""]","[""04.765.804/0001-32""]","[""90070-030""]","[""Rua Agostinho Escolari, 305 - Vila Urlandia, Santa Maria/RS""]",-29.6868,-53.8149,,,municipality,Santa Maria/RS,True
569,4316907,Santa Maria,SANTA MARIA,RS,FLAVIO ANTONIO EBLING RODRIGUES – WR REFRIGERAÇÃO,Rio Grande do Sul SANTA MARIA,"Rio Grande do Sul SANTA MARIA

FLAVIO ANTONIO EBLING RODRIGUES – WR REFRIGERAÇÃO

CNPJ: 26.236.511/0001-09

flavioebling@gmail.com / contato@wrassistencia.com

55 99161-5398 / 55 99188-3383 FLAVIO

RUA MARIO NOGUEIRA NAPOLEÃO, 160 – JUSCELINO KUBITSCHEK

CEP: 97035-510 SANTA MARIA  - RS",NORMAL,,"RUA MARIO NOGUEIRA NAPOLEÃO, 160 – JUSCELINO KUBITSCHEK, Santa Maria/RS",,97035-510,,"[""55 99161-5398"",""55 99188-3383""]","[""flavioebling@gmail.com"",""contato@wrassistencia.com""]","[""26.236.511/0001-09""]","[""97035-510""]","[""RUA MARIO NOGUEIRA NAPOLEÃO, 160 – JUSCELINO KUBITSCHEK, Santa Maria/RS""]",-29.6868,-53.8149,,,municipality,Santa Maria/RS,True
570,4311403,Lajeado,LAJEADO,RS,ALEXSANDRO JUNIOR DA SILVA - ESTECK EQUIPAMENTO E ASSISTENCIA,Rio Grande do Sul LAJEADO,"Rio Grande do Sul LAJEADO

ALEXSANDRO JUNIOR DA SILVA - ESTECK EQUIPAMENTO E ASSISTENCIA

CNPJ: 12.542.473/0001-08

Telefone:  51 3748-5475 / 51 99991-1460

E-mail: assistenciaesteck@gmail.com",NORMAL,,,,,,"[""51 3748-5475"",""51 99991-1460""]","[""assistenciaesteck@gmail.com""]","[""12.542.473/0001-08""]",[],[],-29.4591,-51.9644,,,municipality,Lajeado/RS,True
571,4311403,Lajeado,LAJEADO,RS,Nome da empresa: KONMAQ EQUIPAMENTOS EIRELI ME,Rio Grande do Sul LAJEADO,"Rio Grande do Sul LAJEADO

Nome da empresa: KONMAQ EQUIPAMENTOS EIRELI ME

Telefone: 51 3729-7550 / 51 995278794

E-mail: konmaq@gmail.com

End: R. Edwino Henrique Becker, 138 - Universitário, Lajeado - RS,  cep: 95914-700",NORMAL,,"R. Edwino Henrique Becker, 138 - Universitário, Lajeado - RS, cep: 95914-700",,95914-700,,"[""51 3729-7550"",""51 995278794""]","[""konmaq@gmail.com""]",[],"[""95914-700""]","[""R. Edwino Henrique Becker, 138 - Universitário, Lajeado - RS, cep: 95914-700""]",-29.4591,-51.9644,,,municipality,Lajeado/RS,True
572,4322301,Tuparendi,TUPARENDI,RS,Nome da empresa: ELETRO BOCK LTDA,Rio Grande do Sul TUPARENDI,"Rio Grande do Sul TUPARENDI

Nome da empresa: ELETRO BOCK LTDA

CNPJ: 90.902.479/0001-44

Telefone: 55 35431157 / 55 999743230 Clovis ou Gabriela

E-mail: clovesback@uou.com.br / eletrobock@gmail.com

End: Av.  Maua, 1274, Centro - Sala 01 Tuparendi/RS - CEP 98940-000",NORMAL,,"Av. Maua, 1274, Centro - Sala 01 Tuparendi/RS - CEP 98940-000",,98940-000,,"[""55 35431157"",""55 999743230""]","[""clovesback@uou.com.br"",""eletrobock@gmail.com""]","[""90.902.479/0001-44""]","[""98940-000""]","[""Av. Maua, 1274, Centro - Sala 01 Tuparendi/RS - CEP 98940-000""]",-27.7598,-54.4814,,,municipality,Tuparendi/RS,True
573,4313300,Nova Prata,NOVA PRATA,RS,Nome da empresa: ELETRICA BJB LTDA ME,Rio Grande do Sul NOVA PRATA,"Rio Grande do Sul NOVA PRATA

Nome da empresa: ELETRICA BJB LTDA ME

Telefone:  54 3242-1165 / 54 999174384 Vanessa

E-mail: administrativo@eletricabjb.com.br

End: 2460, BR-470 - São Peregrino, Nova Prata - RS, Cep: 95320-000",NORMAL,,"2460, BR-470 - São Peregrino, Nova Prata - RS, Cep: 95320-000",,95320-000,,"[""54 3242-1165"",""54 999174384""]","[""administrativo@eletricabjb.com.br""]",[],"[""95320-000""]","[""2460, BR-470 - São Peregrino, Nova Prata - RS, Cep: 95320-000""]",-28.7799,-51.6113,,,municipality,Nova Prata/RS,True
574,4318002,São Borja,SAO BORJA,RS,REFRIGERACAO BUTUI LTDA,Rio Grande do Sul SÃO BORJA,"Rio Grande do Sul SÃO BORJA

REFRIGERACAO BUTUI LTDA

CNPJ: 93.254.555/0001-40

refrigbutui@bol.com.br

55 9940-4700 RUAN

RUA VER. EURICO BATISTA DA SILA, 187 – CENTRO

CEP: 97670-000 SÃO BORJA – RS",NORMAL,,"RUA VER. EURICO BATISTA DA SILA, 187 – CENTRO, São Borja/RS",,97670-000,,"[""55 9940-4700""]","[""refrigbutui@bol.com.br""]","[""93.254.555/0001-40""]","[""97670-000""]","[""RUA VER. EURICO BATISTA DA SILA, 187 – CENTRO, São Borja/RS""]",-28.6578,-56.0036,,,municipality,São Borja/RS,True
575,4318002,São Borja,SAO BORJA,RS,Nome da empresa: HELIO LEANDRO ZUGE HZ-Balanças e Rep.,Rio Grande do Sul SÃO BORJA,"Rio Grande do Sul SÃO BORJA

Nome da empresa: HELIO LEANDRO ZUGE  HZ-Balanças e Rep.

Telefone:  55 34303181 / 55 999668670

E-mail: hzbalanca@uol.com.br

End: Rua FREI CANECA n 1630 Cep : 97670-000 Bairro : PARABOI",NORMAL,,"Rua FREI CANECA n 1630 Cep : 97670-000 Bairro : PARABOI, São Borja/RS",,97670-000,,"[""55 34303181"",""55 999668670""]","[""hzbalanca@uol.com.br""]",[],"[""97670-000""]","[""Rua FREI CANECA n 1630 Cep : 97670-000 Bairro : PARABOI, São Borja/RS""]",-28.6578,-56.0036,,,municipality,São Borja/RS,True
576,4322509,Vacaria,VACARIA,RS,Nome da empresa: MARCOLIN & MARCOLIN LTDA,Rio Grande do Sul VACARIA,"Rio Grande do Sul VACARIA

Nome da empresa: MARCOLIN & MARCOLIN LTDA

CNPJ: 08.642.112/0001-58

Telefone:  54 32321040 / 54 991664681

E-mail: mecanicamarcolin@hotmail.com

End: RUA VEREADOR TELMO BIAGGIO ROSSI, n 246 bairro: MINUAN Cep: 95208-322",NORMAL,,"RUA VEREADOR TELMO BIAGGIO ROSSI, n 246 bairro: MINUAN Cep: 95208-322, Vacaria/RS",,95208-322,,"[""54 32321040"",""54 991664681""]","[""mecanicamarcolin@hotmail.com""]","[""08.642.112/0001-58""]","[""95208-322""]","[""RUA VEREADOR TELMO BIAGGIO ROSSI, n 246 bairro: MINUAN Cep: 95208-322, Vacaria/RS""]",-28.5079,-50.9418,,,municipality,Vacaria/RS,True
577,4321600,Tramandaí,TRAMANDAI,RS,FERRAGEM E INSTALADORA CENTRAL LTDA,Rio Grande do Sul TRAMANDAÍ,"Rio Grande do Sul TRAMANDAÍ

FERRAGEM E INSTALADORA CENTRAL LTDA

CNPJ: 00.732.136/0001-96

instaladoracentral@hotmail.com

51 3661-3965 / 51 99837-2546

Av. Fernandes Bastos, 1321 – SÃO JOSÉ

CEP: 95590-000 TRAMANDAÍ - RS",NORMAL,,"Av. Fernandes Bastos, 1321 – SÃO JOSÉ, Tramandaí/RS",,95590-000,,"[""51 3661-3965"",""51 99837-2546""]","[""instaladoracentral@hotmail.com""]","[""00.732.136/0001-96""]","[""95590-000""]","[""Av. Fernandes Bastos, 1321 – SÃO JOSÉ, Tramandaí/RS""]",-29.9841,-50.1322,,,municipality,Tramandaí/RS,True
578,4322608,Venâncio Aires,VENANCIO AIRES,RS,Nome da empresa: KLOCK MANUTENCOES LTDA - KLOCK TORNEARIA E MANUTENCAO,Rio Grande do Sul VENÂNCIO AIRES,"Rio Grande do Sul VENÂNCIO AIRES

Nome da empresa: KLOCK MANUTENCOES LTDA - KLOCK TORNEARIA E MANUTENCAO

CNPJ: 08.812.487/0001-19

Telefone: 51 37413036 / 51 998963010 MARLEI LUIS / MARGARETE

E-mail: klocktornearia@yahoo.com.br

End: R. Antônio Carlos, 1212 - Centro, Venâncio Aires - RS, cep:95800-000",NORMAL,,"R. Antônio Carlos, 1212 - Centro, Venâncio Aires - RS, cep:95800-000",,95800-000,,"[""51 37413036"",""51 998963010""]","[""klocktornearia@yahoo.com.br""]","[""08.812.487/0001-19""]","[""95800-000""]","[""R. Antônio Carlos, 1212 - Centro, Venâncio Aires - RS, cep:95800-000""]",-29.6143,-52.1932,,,municipality,Venâncio Aires/RS,True
579,4322608,Venâncio Aires,VENANCIO AIRES,RS,57.256.768 VOLNEI HENRIQUE FORTES,Rio Grande do Sul VENÂNCIO AIRES,"Rio Grande do Sul VENÂNCIO AIRES

57.256.768 VOLNEI HENRIQUE FORTES

CNPJ: 57.256.768/0001-48

volnfortes.volnei@gmail.com

51 8035-9659 VOLNEI

RUA ARNALDO MARIANO CAMARA, 425 – CIDADE NOVA

CEP: 95800-000 VENANCIO AIRES – RS

BANHARA E CIA LTDA

REFRIGERAÇÃO BANHARA

(42)36353288 IVANETE

RUA SETE DE SETEMBRO 2361 CENTRO

LARANEJIRAS DO SUL PARANA",NORMAL,,"RUA ARNALDO MARIANO CAMARA, 425 – CIDADE NOVA, Venâncio Aires/RS",,95800-000,,"[""51 8035-9659"",""(42)36353288""]","[""volnfortes.volnei@gmail.com""]","[""57.256.768/0001-48""]","[""95800-000""]","[""RUA ARNALDO MARIANO CAMARA, 425 – CIDADE NOVA, Venâncio Aires/RS"",""RUA SETE DE SETEMBRO 2361 CENTRO, Venâncio Aires/RS""]",-29.6143,-52.1932,,,municipality,Venâncio Aires/RS,True
580,1101757,Vale do Anari,VALE DO ANARI,RO,JANES OLIVEIRA DO NASCIMENTO,RONDÔNIA VALE DO ANARI (NÃO CONHECE OS EQUIPAMENTOS),"RONDÔNIA VALE DO ANARI (NÃO CONHECE OS EQUIPAMENTOS)

JANES OLIVEIRA DO NASCIMENTO

69 9250-2569 JANES

Endereço: LINHA C 66, nº. S/N, Bairro: SETOR 1,

CEP: 76867000 - Vale do Anari – RO",NORMAL,,"LINHA C 66, nº. S/N, Bairro: SETOR 1,, Vale do Anari/RO",,76867000,,"[""69 9250-2569""]",[],[],"[""76867000""]","[""LINHA C 66, nº. S/N, Bairro: SETOR 1,, Vale do Anari/RO""]",-9.86215,-62.1876,,,municipality,Vale do Anari/RO,True
581,1100114,Jaru,JARU,RO,E. MATOS DOS REIS LTDA – ELETRICA RONDONIA,RONDÔNIA JARU,"RONDÔNIA JARU

E. MATOS DOS REIS LTDA – ELETRICA RONDONIA

CNPJ: 20.618.728/0001-99

eletricarondonia@hotmail.com

69 99246-4700 EURICO

AVENIDA DOM PEDRO I, 2100 – JD. NOVO HORIZONTE (SETOR 4)

CEP: 76890-000 JARU -RO",NORMAL,,"AVENIDA DOM PEDRO I, 2100 – JD. NOVO HORIZONTE (SETOR 4), Jaru/RO",,76890-000,,"[""69 99246-4700""]","[""eletricarondonia@hotmail.com""]","[""20.618.728/0001-99""]","[""76890-000""]","[""AVENIDA DOM PEDRO I, 2100 – JD. NOVO HORIZONTE (SETOR 4), Jaru/RO""]",-10.4318,-62.4788,,,municipality,Jaru/RO,True
582,1100023,Ariquemes,ARIQUEMES,RO,JESIEL BOHRER – JB FOGOES E MAQUINAS,ARIQUEMES RONDÔNIA,"ARIQUEMES RONDÔNIA

JESIEL BOHRER – JB FOGOES E MAQUINAS

CNPJ: 14.980.496/0001-11

Jbfogoesmaquinas@gmail.com

69 98466-0569 JESIEL

RUA MONTEIRO LOBATO, 3458 – SETOR 06

CEP: 76873-680 ARIQUEMES - RO",NORMAL,,"RUA MONTEIRO LOBATO, 3458 – SETOR 06, Ariquemes/RO",,76873-680,,"[""69 98466-0569""]","[""Jbfogoesmaquinas@gmail.com""]","[""14.980.496/0001-11""]","[""76873-680""]","[""RUA MONTEIRO LOBATO, 3458 – SETOR 06, Ariquemes/RO""]",-9.90571,-63.0325,,,municipality,Ariquemes/RO,True
583,1100064,Colorado do Oeste,COLORADO DO OESTE,RO,45.982.028 WARLEY LIMA CASTRO – ELETRO REBUBINADORA CASTRO,COLORADO DO OESTE RONDÔNIA,"COLORADO DO OESTE RONDÔNIA

45.982.028 WARLEY LIMA CASTRO – ELETRO REBUBINADORA CASTRO

CNPJ: 45.982.028/0001-00

eletrocastro1@outlook.com

69 98126-3573 CASTRO

RUA MAGNOPOLIS, 2302 – MINAS GERAIS

CEP: 76993-000 COLORADO DO OESTE - RO",NORMAL,,"RUA MAGNOPOLIS, 2302 – MINAS GERAIS, Colorado do Oeste/RO",,76993-000,,"[""69 98126-3573""]","[""eletrocastro1@outlook.com""]","[""45.982.028/0001-00""]","[""76993-000""]","[""RUA MAGNOPOLIS, 2302 – MINAS GERAIS, Colorado do Oeste/RO""]",-13.1174,-60.5454,,,municipality,Colorado do Oeste/RO,True
584,1100205,Porto Velho,PORTO VELHO,RO,E & R SERVIÇOS DE MANUTENCAO INDUSTRIAL LTDA - E & R MANUTENCAO,PORTO VELHO RONDÔNIA,"PORTO VELHO RONDÔNIA

E & R SERVIÇOS DE MANUTENCAO INDUSTRIAL LTDA - E & R MANUTENCAO

CNPJ: 35.113.731/0001-28

elias-mendesdasilva@hotmail.com

69 99279-9974 ELIAS

RUA ARIPUANA, 3464 – SOCIALISTA

CEP: 76829-188 PORTO VELHO – RO",NORMAL,,"RUA ARIPUANA, 3464 – SOCIALISTA, Porto Velho/RO",,76829-188,,"[""69 99279-9974""]","[""elias-mendesdasilva@hotmail.com""]","[""35.113.731/0001-28""]","[""76829-188""]","[""RUA ARIPUANA, 3464 – SOCIALISTA, Porto Velho/RO""]",-8.76077,-63.8999,,,municipality,Porto Velho/RO,True
585,1100205,Porto Velho,PORTO VELHO,RO,GABRIEL SILVA JANUARIO (GSJANUARIO),PORTO VELHO RONDÔNIA,"PORTO VELHO RONDÔNIA

GABRIEL SILVA JANUARIO (GSJANUARIO)

CNPJ: 51.487.004/0001-87

gabrielsilvajanuario@hotmail.com

TEL: 32 99165-3720

AV. PREF. CHIQUILITO ERSE, 5475 – EMBRATEL

CEP: 76820-713 – PORTO VELHO – RO",NORMAL,,"AV. PREF. CHIQUILITO ERSE, 5475 – EMBRATEL, Porto Velho/RO",,76820-713,,"[""32 99165-3720""]","[""gabrielsilvajanuario@hotmail.com""]","[""51.487.004/0001-87""]","[""76820-713""]","[""AV. PREF. CHIQUILITO ERSE, 5475 – EMBRATEL, Porto Velho/RO""]",-8.76077,-63.8999,,,municipality,Porto Velho/RO,True
586,1100379,Alto Alegre dos Parecis,ALTO ALEGRE DOS PARECIS,RO,CLEBERSON FRANCISCO PEREIRA – ELETROMECANICA ALTO ALEGRE,ALTO ALEGRE DOS PARECIS RONDÔNIA,"ALTO ALEGRE DOS PARECIS RONDÔNIA

CLEBERSON FRANCISCO PEREIRA – ELETROMECANICA ALTO ALEGRE

CNPJ: 26.888.646/0001-40

mundo_novo2@hotmail.com

69 98481-5621 CLEBERSON

AV. TANCREDO DE ALMEIDA NEVES, 3927 – BOA VISTA",NORMAL,,"AV. TANCREDO DE ALMEIDA NEVES, 3927 – BOA VISTA, Alto Alegre dos Parecis/RO",,,,"[""69 98481-5621""]","[""mundo_novo2@hotmail.com""]","[""26.888.646/0001-40""]",[],"[""AV. TANCREDO DE ALMEIDA NEVES, 3927 – BOA VISTA, Alto Alegre dos Parecis/RO""]",-12.132,-61.835,,,municipality,Alto Alegre dos Parecis/RO,True
587,1100940,Cujubim,CUJUBIM,RO,DIEGO FERREIRA DOS SANTOS BAREVEIRA,CUJUBIM Rondônia,"CUJUBIM Rondônia

DIEGO FERREIRA DOS SANTOS BAREVEIRA

CNPJ: 30.068.606/0001-20

D.B INSTALADORA E MATERIAIS ELETRICOS

(69) 984127255 / 69 992922395

Rua Uirapuru 2347 St:02 Cujubim Rondônia",NORMAL,,Rua Uirapuru 2347 St:02 Cujubim Rondônia/RO,,,,"[""(69) 984127255"",""69 992922395""]",[],"[""30.068.606/0001-20""]",[],"[""Rua Uirapuru 2347 St:02 Cujubim Rondônia/RO""]",-9.36065,-62.5846,,,municipality,Cujubim/RO,True
588,1100304,Vilhena,VILHENA,RO,30.983.289 AGNALDO FRANCISCO MARTINS (VILHENA CONSERTOS),Rondônia VILHENA,"Rondônia VILHENA

30.983.289 AGNALDO FRANCISCO MARTINS (VILHENA CONSERTOS)

CNPJ: 30.983.289/0001-77

84439024a1975@gmail.com

69 98443-9024 – AGNALDO

AV. LEOPOLDO PEREZ, 2016 – CENTRO (S-01)",NORMAL,,"AV. LEOPOLDO PEREZ, 2016 – CENTRO (S-01), Vilhena/RO",,,,"[""84439024"",""69 98443-9024""]","[""84439024a1975@gmail.com""]","[""30.983.289/0001-77""]",[],"[""AV. LEOPOLDO PEREZ, 2016 – CENTRO (S-01), Vilhena/RO""]",-12.7502,-60.1488,,,municipality,Vilhena/RO,True
589,1100304,Vilhena,VILHENA,RO,Nome da empresa: LUISMAR ALMEIDA DE OLIVEIRA (REPREMAQ),Rondônia VILHENA,"Rondônia VILHENA

Nome da empresa: LUISMAR ALMEIDA DE OLIVEIRA (REPREMAQ)

Telefone: 69 984851565 MAZINHO

E-mail: luismar-oliveira2011@hotmail.com

End: Avenida Marques Henrique, 457, Sala B Centro, Vilhena, RO, CEP 76980-002, Brasil",NORMAL,,"Avenida Marques Henrique, 457, Sala B Centro, Vilhena, RO, CEP 76980-002, Brasil",,76980-002,,"[""69 984851565""]","[""luismar-oliveira2011@hotmail.com""]",[],"[""76980-002""]","[""Avenida Marques Henrique, 457, Sala B Centro, Vilhena, RO, CEP 76980-002, Brasil""]",-12.7502,-60.1488,,,municipality,Vilhena/RO,True
590,1100189,Pimenta Bueno,PIMENTA BUENO,RO,Nome da empresa: RABELO E VIEIRA LTDA R (ELETRO SILVA),Rondônia PIMENTA BUENO,"Rondônia PIMENTA BUENO

Nome da empresa: RABELO E VIEIRA LTDA R (ELETRO SILVA)

Telefone: 69 3451-6490 / 69 99989-6763 EVALDO

E-mail: eletrosilvapb@hotmail.com

End: Rua Costa Marques, n 358 Sala C - Pioneiros CEP: 76.970-000",NORMAL,,"Rua Costa Marques, n 358 Sala C - Pioneiros CEP: 76.970-000, Pimenta Bueno/RO",,76.970-000,,"[""69 3451-6490"",""69 99989-6763""]","[""eletrosilvapb@hotmail.com""]",[],"[""76.970-000""]","[""Rua Costa Marques, n 358 Sala C - Pioneiros CEP: 76.970-000, Pimenta Bueno/RO""]",-11.672,-61.198,,,municipality,Pimenta Bueno/RO,True
591,1100189,Pimenta Bueno,PIMENTA BUENO,RO,LUCAS HENRIQUE NUNES PANTANO (LP INSTALAÇÕES ELETRICAS),Rondônia PIMENTA BUENO,"Rondônia PIMENTA BUENO

LUCAS HENRIQUE NUNES PANTANO (LP INSTALAÇÕES ELETRICAS)

CNPJ: 33.633.458/0001-37

lucas-eletrica@hotmail.com

69 99965-3815 LUCAS

AVENIDA CASTELO BRANCO, 1172 – DOS PIONEIROS

CEP: 76970-000 PIMENTA BUENO – RO",NORMAL,,"AVENIDA CASTELO BRANCO, 1172 – DOS PIONEIROS, Pimenta Bueno/RO",,76970-000,,"[""69 99965-3815""]","[""lucas-eletrica@hotmail.com""]","[""33.633.458/0001-37""]","[""76970-000""]","[""AVENIDA CASTELO BRANCO, 1172 – DOS PIONEIROS, Pimenta Bueno/RO""]",-11.672,-61.198,,,municipality,Pimenta Bueno/RO,True
592,1100049,Cacoal,CACOAL,RO,Nome da empresa: SILVA & VALENTIN LTDA R (ELETRO REFRIGERACAO MILABRAS),Rondônia CACOAL,"Rondônia CACOAL

Nome da empresa: SILVA & VALENTIN LTDA R (ELETRO REFRIGERACAO MILABRAS)

Telefone: 69 34419095 / 69 999918769 SIRIO

E-mail: siriopereira@hotmail.com

End: Av. Pôrto Alegre, 235 - Novo Cacoal, CEP: 76962-141",NORMAL,,"Av. Pôrto Alegre, 235 - Novo Cacoal, CEP: 76962-141/RO",,76962-141,,"[""69 34419095"",""69 999918769""]","[""siriopereira@hotmail.com""]",[],"[""76962-141""]","[""Av. Pôrto Alegre, 235 - Novo Cacoal, CEP: 76962-141/RO""]",-11.4343,-61.4562,,,municipality,Cacoal/RO,True
593,1100049,Cacoal,CACOAL,RO,A.T. MANUTENÇÕES DE PADARIAS E PIZZARIAS LTDA (J.A. MANUTENÇÕES),Rondônia CACOAL,"Rondônia CACOAL

A.T. MANUTENÇÕES DE PADARIAS E PIZZARIAS LTDA (J.A. MANUTENÇÕES)

CNPJ: 38.541.408/0001-43

Rua Cacau, 4823 – Residencial Paineiras – CEP 76964-672

69 99929-8953 Adrielle

adrielle12josimar@gmail.com",NORMAL,,"Rua Cacau, 4823 – Residencial Paineiras – CEP 76964-672, Cacoal/RO",,76964-672,,"[""69 99929-8953""]","[""adrielle12josimar@gmail.com""]","[""38.541.408/0001-43""]","[""76964-672""]","[""Rua Cacau, 4823 – Residencial Paineiras – CEP 76964-672, Cacoal/RO""]",-11.4343,-61.4562,,,municipality,Cacoal/RO,True
594,1100122,Ji-Paraná,JI PARANA,RO,Nome da empresa: CHRISTINA DA SILVA REIS MEI (TEC MULLER),Rondônia JI-PARANÁ,"Rondônia JI-PARANÁ

Nome da empresa: CHRISTINA DA SILVA REIS MEI (TEC MULLER)

Telefone:  69 3424-9791 / 69 98483-3376 EDIVANILDO

E-mail: pmjp.mei@gmail.com

End: Av Maringá, N 1776 - Nova Brasília - **Ji-Paraná RO**",NORMAL,,"Av Maringá, N 1776 - Nova Brasília - **Ji-Paraná RO",,,,"[""69 3424-9791"",""69 98483-3376""]","[""pmjp.mei@gmail.com""]",[],[],"[""Av Maringá, N 1776 - Nova Brasília - **Ji-Paraná RO""]",-10.8777,-61.9322,,,municipality,Ji-Paraná/RO,True
595,1100122,Ji-Paraná,JI PARANA,RO,Nome da empresa: EDIVANILDO ALVES DE OLIVEIRA (TEC MULLER),Rondônia JI-PARANÁ,"Rondônia JI-PARANÁ

Nome da empresa: EDIVANILDO ALVES DE OLIVEIRA (TEC MULLER)

Telefone: 69 34249791

E-mail: pmjp.mei@gmail.com

End: Av Maringá, N 1776 - Nova Brasília - Ji-Paraná RO",NORMAL,,"Av Maringá, N 1776 - Nova Brasília - Ji-Paraná RO",,,,"[""69 34249791""]","[""pmjp.mei@gmail.com""]",[],[],"[""Av Maringá, N 1776 - Nova Brasília - Ji-Paraná RO""]",-10.8777,-61.9322,,,municipality,Ji-Paraná/RO,True
596,1100122,Ji-Paraná,JI PARANA,RO,Nome da empresa: CLAUDIOMIRO RIBEIRO 35013630282 (Não emite nota de serviço),Rondônia JI-PARANÁ,"Rondônia JI-PARANÁ

Nome da empresa: CLAUDIOMIRO RIBEIRO 35013630282 (Não emite nota de serviço)

Telefone: 69 99232-9304

E-mail:

End:",CONSULTAR_ANTES,NAO EMITE NOTA,,,,,"[""69 99232-9304""]",[],[],[],[],-10.8777,-61.9322,,,municipality,Ji-Paraná/RO,True
597,1100122,Ji-Paraná,JI PARANA,RO,LOJAS TROPICAL E REFRIGERACAO LTDA,Rondônia JI-PARANA,"Rondônia JI-PARANA

LOJAS TROPICAL E REFRIGERACAO LTDA

CNPJ: 04.937.272/0010-64

Telefone: 69 3421-3481 / 69 99911-4318

E-mail: assistenciatecnica@lojastropical.com.br

RUA DOS MINEIROS, 720 OU 706 – URUPA

CEP: 76900-162 JI-PARANA – RO",NORMAL,,"RUA DOS MINEIROS, 720 OU 706 – URUPA, Ji-Paraná/RO",,76900-162,,"[""69 3421-3481"",""69 99911-4318""]","[""assistenciatecnica@lojastropical.com.br""]","[""04.937.272/0010-64""]","[""76900-162""]","[""RUA DOS MINEIROS, 720 OU 706 – URUPA, Ji-Paraná/RO""]",-10.8777,-61.9322,,,municipality,Ji-Paraná/RO,True
598,4211900,Palhoça,PALHOCA,SC,FERNANDO BACK DOS SANTOS ASSISTENCIA TECNICA LTDA (ALIANÇA ASSISTENCIA),SANTA CATARINA PALHOÇA,"SANTA CATARINA PALHOÇA

FERNANDO BACK DOS SANTOS ASSISTENCIA TECNICA LTDA (ALIANÇA ASSISTENCIA)

CNPJ: 19.108.228/0001-28

Telefone: 48 3093-5511/ 48 98436-3821 JUNIOR

E-mail: aliancaassistencia20@gmail.com

End: Av. Elza Lucchi, 813 - CENTRO

Cep: 88130-600 Palhoça – SC",NORMAL,,"Av. Elza Lucchi, 813 - CENTRO, Palhoça/SC",,88130-600,,"[""48 3093-5511"",""48 98436-3821""]","[""aliancaassistencia20@gmail.com""]","[""19.108.228/0001-28""]","[""88130-600""]","[""Av. Elza Lucchi, 813 - CENTRO, Palhoça/SC""]",-27.6455,-48.6697,,,municipality,Palhoça/SC,True
599,4202909,Brusque,BRUSQUE,SC,Nome da empresa: NELSON MAQUINAS E EQUIPAMENTOS LTDA R (NELSON MAQUINAS),Santa Catarina BRUSQUE,"Santa Catarina BRUSQUE

Nome da empresa: NELSON MAQUINAS E EQUIPAMENTOS LTDA R (NELSON MAQUINAS)

Telefone: 47 3355-2595 / 47 99618-3985 ADAN

E-mail: contato@nelsonmaquinasequipamentos.com

End: R. Vitório Demarche, 227 - Santa Rita, Brusque - SC, Cep: 88352-140",NORMAL,,"R. Vitório Demarche, 227 - Santa Rita, Brusque - SC, Cep: 88352-140",,88352-140,,"[""47 3355-2595"",""47 99618-3985""]","[""contato@nelsonmaquinasequipamentos.com""]",[],"[""88352-140""]","[""R. Vitório Demarche, 227 - Santa Rita, Brusque - SC, Cep: 88352-140""]",-27.0977,-48.9107,,,municipality,Brusque/SC,True
600,4202909,Brusque,BRUSQUE,SC,ALCEU BITTENCOURT - REFORMAQ,Santa Catarina BRUSQUE,"Santa Catarina BRUSQUE

ALCEU BITTENCOURT - REFORMAQ

CNPJ: 40.506.991/0001-01

reformq01@gmail.com

47 99723-2840 DOUGLAS

RUA VOLTA GRANDE, 777 – VOLTA GRANDE

CEP: 88355-647 BRUSQUE - SC",NORMAL,,"RUA VOLTA GRANDE, 777 – VOLTA GRANDE, Brusque/SC",,88355-647,,"[""47 99723-2840""]","[""reformq01@gmail.com""]","[""40.506.991/0001-01""]","[""88355-647""]","[""RUA VOLTA GRANDE, 777 – VOLTA GRANDE, Brusque/SC""]",-27.0977,-48.9107,,,municipality,Brusque/SC,True
601,4202909,Brusque,BRUSQUE,SC,SCHAEFER EQUIPAMENTOS LTDA,BRUSQUE - SC,"BRUSQUE - SC

SCHAEFER EQUIPAMENTOS LTDA

CNPJ: 44.365.031/0001-11

comercial@schaefectec.com.br

47 98498-4051 / 47 3308-7418 AMARILDO

AV. MAXIMILIANO FURBRINCHER - 218, JD. MALUCHE (URBANO)

CEP: 88354-670 BRUSQUE – SC",NORMAL,,"AV. MAXIMILIANO FURBRINCHER - 218, JD. MALUCHE (URBANO), Brusque/SC",,88354-670,,"[""47 98498-4051"",""47 3308-7418""]","[""comercial@schaefectec.com.br""]","[""44.365.031/0001-11""]","[""88354-670""]","[""AV. MAXIMILIANO FURBRINCHER - 218, JD. MALUCHE (URBANO), Brusque/SC""]",-27.0977,-48.9107,,,municipality,Brusque/SC,True
602,4202909,Brusque,BRUSQUE,SC,SC COM. DE MAQ. E EQUIP. LTDA ME,Santa Catarina BRUSQUE,"Santa Catarina BRUSQUE

SC COM. DE MAQ. E EQUIP. LTDA ME

(47) 3396-8971 / 8808-3840",NORMAL,,,,,,"[""(47) 3396-8971"",""8808-3840""]",[],[],[],[],-27.0977,-48.9107,,,municipality,Brusque/SC,True
603,4215802,São Bento do Sul,SAO BENTO DO SUL,SC,Nome da empresa: JONAS FRANCO 00913258970 (KIV MANUTENCAO),Santa Catarina SÃO BENTO DO SUL,"Santa Catarina SÃO BENTO DO SUL

Nome da empresa: JONAS FRANCO 00913258970 (KIV MANUTENCAO)

CNPJ: 48.007062/0001-51

Telefone: 47 99986-4415 / 47 99922-5595

E-mail: kivmanutencoes@gmail.com

jonasfrancokiv@gmail.com

End: Rua Mathias Nossol, n 2027, Serra Alta, cep :89292215

OBS.: A OFICINA ESTÁ NA RUA MATHIAS NOSSOL

VANESSA VENGUE 04254578938

KIV MANUTENÇÃO PARA COZINHAS INDUSTRIAIS

47 9 99864415 JONAS FRANCO

RUA MATHIAS NOSSOL, 2027 – SERRA",NORMAL,,"Rua Mathias Nossol, n 2027, Serra Alta, cep :89292215, São Bento do Sul/SC",,48.007062,,"[""47 99986-4415"",""47 99922-5595"",""99864415""]","[""kivmanutencoes@gmail.com"",""jonasfrancokiv@gmail.com""]","[""48.007062/0001-51""]","[""48.007062"",""89292215""]","[""Rua Mathias Nossol, n 2027, Serra Alta, cep :89292215, São Bento do Sul/SC"",""RUA MATHIAS NOSSOL, 2027 – SERRA, São Bento do Sul/SC""]",-26.2495,-49.3831,,,municipality,São Bento do Sul/SC,True
604,4217808,Taió,TAIO,SC,Nome da empresa: AUTO MECANICA TAIO LTDA,Santa Catarina TAIÓ,"Santa Catarina TAIÓ

Nome da empresa: AUTO MECANICA TAIO LTDA

Telefone: 47 35620293 / 47 992145713

E-mail: auto_mectaio@hotmail.com

End: ** **Rua Castelo Branco, 100 Próximo ao prédio da PM e ao supermercado Manarim - Centro, Taió - SC, cep:89190-000",NORMAL,,"** **Rua Castelo Branco, 100 Próximo ao prédio da PM e ao supermercado Manarim - Centro, Taió - SC, cep:89190-000",,89190-000,,"[""47 35620293"",""47 992145713""]","[""auto_mectaio@hotmail.com""]",[],"[""89190-000""]","[""** **Rua Castelo Branco, 100 Próximo ao prédio da PM e ao supermercado Manarim - Centro, Taió - SC, cep:89190-000""]",-27.121,-49.9942,,,municipality,Taió/SC,True
605,4204806,Curitibanos,CURITIBANOS,SC,Nome da empresa: ELETRO REFRIGERACAO TROPICAL LTDA (REFRIGERAÇÃO TROPICAL),Santa Catarina CURITIBANOS,"Santa Catarina CURITIBANOS

Nome da empresa: ELETRO REFRIGERACAO TROPICAL LTDA (REFRIGERAÇÃO TROPICAL)

Telefone: 49 32451340 / 49 999834416

E-mail: tropicalvendas@baroni.com.br

End: R. Mateus Conceição, 324 - Bosque, Curitibanos - SC, Cep: 89520-000",NORMAL,,"R. Mateus Conceição, 324 - Bosque, Curitibanos - SC, Cep: 89520-000",,89520-000,,"[""49 32451340"",""49 999834416""]","[""tropicalvendas@baroni.com.br""]",[],"[""89520-000""]","[""R. Mateus Conceição, 324 - Bosque, Curitibanos - SC, Cep: 89520-000""]",-27.2824,-50.5816,,,municipality,Curitibanos/SC,True
606,4208807,Jaguaruna,JAGUARUNA,SC,Nome da empresa: LITORAL SUL INSTALACOES EIRELI (SANLART SUPERMERCADOS),Santa Catarina JAGUARUNA,"Santa Catarina JAGUARUNA

Nome da empresa: LITORAL SUL INSTALACOES EIRELI (SANLART SUPERMERCADOS)

Telefone: 48 36240308 / 48 999761382

E-mail: juarezsanlart@gmail.com

End: Rua Governador Ivo Silveira, N 41 Centro Sala 04 CEP: 88.715-000",NORMAL,,"Rua Governador Ivo Silveira, N 41 Centro Sala 04 CEP: 88.715-000, Jaguaruna/SC",,88.715-000,,"[""48 36240308"",""48 999761382""]","[""juarezsanlart@gmail.com""]",[],"[""88.715-000""]","[""Rua Governador Ivo Silveira, N 41 Centro Sala 04 CEP: 88.715-000, Jaguaruna/SC""]",-28.6146,-49.0296,,,municipality,Jaguaruna/SC,True
607,4205407,Florianópolis,FLORIANOPOLIS,SC,Nome da empresa: LM COM. E SERV. EM EQUIP. ELETRICOS LTDA (LM COMERCIO E SERVICOS),Santa Catarina FLORIANOPOLIS,"Santa Catarina FLORIANOPOLIS

Nome da empresa: LM COM. E SERV. EM EQUIP. ELETRICOS LTDA (LM COMERCIO E SERVICOS)

Telefone: 48 33343419 / 48 999232020

E-mail: lmanutencaoeservicos@hotmail.com   Mauricio

End: R. Raimundo Starosky, 539 - Carianos, Florianópolis - SC, cep:88047-622",NORMAL,,"R. Raimundo Starosky, 539 - Carianos, Florianópolis - SC, cep:88047-622",,88047-622,,"[""48 33343419"",""48 999232020""]","[""lmanutencaoeservicos@hotmail.com""]",[],"[""88047-622""]","[""R. Raimundo Starosky, 539 - Carianos, Florianópolis - SC, cep:88047-622""]",-27.5945,-48.5477,,,municipality,Florianópolis/SC,True
608,4209102,Joinville,JOINVILLE,SC,Nome da empresa: COLD FRIO REFRIGERACAO LTDA ME (COLD FRIO),JOINVILLE Santa Catarina,"JOINVILLE Santa Catarina

Nome da empresa: COLD FRIO REFRIGERACAO LTDA ME (COLD FRIO)

CNPJ: 81.342.412/0001-01

Telefone: 47 34390070 / 47 991884253

E-mail: coldfrio@coldfriorefrigeracao.com.br

End: RUA 15 DE NOVEMBRO N 7580, VILA NOVA CEP:89237001",NORMAL,,"RUA 15 DE NOVEMBRO N 7580, VILA NOVA CEP:89237001, Joinville/SC",,89237001,,"[""47 34390070"",""47 991884253""]","[""coldfrio@coldfriorefrigeracao.com.br""]","[""81.342.412/0001-01""]","[""89237001""]","[""RUA 15 DE NOVEMBRO N 7580, VILA NOVA CEP:89237001, Joinville/SC""]",-26.3045,-48.8487,,,municipality,Joinville/SC,True
609,4209102,Joinville,JOINVILLE,SC,Nome da empresa: REFRIGERACAO VILA NOVA LTDA – ME,Santa Catarina JOINVILLE,"Santa Catarina JOINVILLE

Nome da empresa: REFRIGERACAO VILA NOVA LTDA – ME

CNPJ: 17.889.190/0001-42

Telefone: 47 3422 7298 / 47 99216-9466  DAIANE

Telefone (47) 9-8883-7548 SUELEN

E-mail: refrigeracao.vilanova@hotmail.com

End: Rua Elário Gastão Baumer, 451, Vila Nova Joinville/SC - CEP 89237-263",NORMAL,,"Rua Elário Gastão Baumer, 451, Vila Nova Joinville/SC - CEP 89237-263",,89237-263,,"[""47 3422 7298"",""47 99216-9466"",""8883-7548""]","[""refrigeracao.vilanova@hotmail.com""]","[""17.889.190/0001-42""]","[""89237-263""]","[""Rua Elário Gastão Baumer, 451, Vila Nova Joinville/SC - CEP 89237-263""]",-26.3045,-48.8487,,,municipality,Joinville/SC,True
610,4204608,Criciúma,CRICIUMA,SC,Nome da empresa: Corcril Comércio de Refrigeração,Santa Catarina CRICIÚMA,"Santa Catarina CRICIÚMA

Nome da empresa: Corcril Comércio de Refrigeração

CNPJ: 82.556.283/0001-17

Telefone:  48 3437-5011 / 48 98482-4823

E-mail: assistencia@corcril.com.br

End: R. Cel. Marcos Rovaris, 525 - Centro, Criciúma - SC, CEP: 88801-100",NORMAL,,"R. Cel. Marcos Rovaris, 525 - Centro, Criciúma - SC, CEP: 88801-100",,88801-100,,"[""48 3437-5011"",""48 98482-4823""]","[""assistencia@corcril.com.br""]","[""82.556.283/0001-17""]","[""88801-100""]","[""R. Cel. Marcos Rovaris, 525 - Centro, Criciúma - SC, CEP: 88801-100""]",-28.6723,-49.3729,,,municipality,Criciúma/SC,True
611,4204608,Criciúma,CRICIUMA,SC,"DEATEC ASSIST. TEC., PECAS E SERVICOS LTDA ME",Santa Catarina CRICIÚMA,"Santa Catarina CRICIÚMA

DEATEC ASSIST. TEC., PECAS E SERVICOS LTDA ME

DEATEC ASSISTENCIA CORCRIL

(48) 34375011

assistencia@corcril.com.br

RUA FELIPE SCHMIDT, SALA 2 n 374 cep: 88801240 – CENTRO

​

**Itararé     **

Regisdata Com. Serviços Ltda.

(15)3532-4878

Centro

Itararé

SP

(X)MECÂNICA (X)ELETRÔNICA",NORMAL,,"RUA FELIPE SCHMIDT, SALA 2 n 374 cep: 88801240 – CENTRO, Criciúma/SC",,88801240,,"[""(48) 34375011"",""(15)3532-4878""]","[""assistencia@corcril.com.br""]",[],"[""88801240""]","[""RUA FELIPE SCHMIDT, SALA 2 n 374 cep: 88801240 – CENTRO, Criciúma/SC""]",-28.6723,-49.3729,,,municipality,Criciúma/SC,True
612,3520442,Ilha Solteira,ILHA SOLTEIRA,SP,ELETROELETRONICA IRMAOS MINHOLI LTDA – ELETRO ELETRONICA 2 M,ILHA SOLTEIRA SÃO PAULO,"ILHA SOLTEIRA SÃO PAULO

ELETROELETRONICA IRMAOS MINHOLI LTDA – ELETRO ELETRONICA 2 M

CNPJ: 04.404.832/0001-24

escritoriofiscal2015@hotmail.com

18 99793-1738 ANGELICA

AVENIDA 15 DE OUTUBRO, 742 – JD AEROPORTO

CEP: 15387-070 ILHA SOLTEIRA – SP",NORMAL,,"AVENIDA 15 DE OUTUBRO, 742 – JD AEROPORTO, Ilha Solteira/SP",,15387-070,,"[""18 99793-1738""]","[""escritoriofiscal2015@hotmail.com""]","[""04.404.832/0001-24""]","[""15387-070""]","[""AVENIDA 15 DE OUTUBRO, 742 – JD AEROPORTO, Ilha Solteira/SP""]",-20.4326,-51.3426,,,municipality,Ilha Solteira/SP,True
613,3529708,Miguelópolis,MIGUELOPOLIS,SP,WEVERTON DE OLIVEIRA ARAUJO - ELVIN ELETRICA & INSTALAÇÕES,MIGUELOPOLIS SÃO PAULO,"MIGUELOPOLIS SÃO PAULO

WEVERTON DE OLIVEIRA ARAUJO - ELVIN ELETRICA & INSTALAÇÕES

CNPJ: 36.735.964/0001-25

wo.araujo@yahoo.com.br

16 99989-5459 ELVIN

RUA JOÃO FRANCISCO PEIXOTO, 882 – VL N DAS GRAÇAS

CEP: 14530-000 MIGUELOPOLIS – SP",NORMAL,,"RUA JOÃO FRANCISCO PEIXOTO, 882 – VL N DAS GRAÇAS, Miguelópolis/SP",,14530-000,,"[""16 99989-5459""]","[""wo.araujo@yahoo.com.br""]","[""36.735.964/0001-25""]","[""14530-000""]","[""RUA JOÃO FRANCISCO PEIXOTO, 882 – VL N DAS GRAÇAS, Miguelópolis/SP""]",-20.1796,-48.031,,,municipality,Miguelópolis/SP,True
614,3542602,Registro,REGISTRO,SP,MARILIA FERREIRA SANCHES MONTEIRO – REFRIGERAÇÃO NOSSA LOJA,SÃO PAULO REGISTRO,"SÃO PAULO REGISTRO

MARILIA FERREIRA SANCHES MONTEIRO – REFRIGERAÇÃO NOSSA LOJA

CNPJ: 05.548.940/0001-33

marilianossaloja@hotmail.com

13 3822-5967 / 3822-3143

13 99624-1837 / 99649-8152 MARILIA

AV. CLARA GIANOTTI DE SOUZA, 530 – CENTRO

CEP: 11900-000 REGISTRO – SP",NORMAL,,"AV. CLARA GIANOTTI DE SOUZA, 530 – CENTRO, Registro/SP",,11900-000,,"[""13 3822-5967"",""3822-3143"",""13 99624-1837"",""99649-8152""]","[""marilianossaloja@hotmail.com""]","[""05.548.940/0001-33""]","[""11900-000""]","[""AV. CLARA GIANOTTI DE SOUZA, 530 – CENTRO, Registro/SP""]",-24.4979,-47.8449,,,municipality,Registro/SP,True
615,3500105,Adamantina,ADAMANTINA,SP,41.758.278 JOAQUIM DANILO DA SILVA,ADAMANTINA SÃO PAULO,"ADAMANTINA SÃO PAULO

41.758.278 JOAQUIM DANILO DA SILVA

CNPJ: 41.758.278/0001-00

joacadanilo@gmail.com

18 99783-2612 JOTA

RUA DIEGO GARCIA MORALES, 206 – BELA VISTA

CEP: 17802-236 ADAMANTINA – SP",NORMAL,,"RUA DIEGO GARCIA MORALES, 206 – BELA VISTA, Adamantina/SP",,17802-236,,"[""18 99783-2612""]","[""joacadanilo@gmail.com""]","[""41.758.278/0001-00""]","[""17802-236""]","[""RUA DIEGO GARCIA MORALES, 206 – BELA VISTA, Adamantina/SP""]",-21.682,-51.0737,,,municipality,Adamantina/SP,True
616,3500105,Adamantina,ADAMANTINA,SP,28.680.442 ALEX JOSE PIGARI – ELETRONICA PIGARI’S,ADAMANTINA SÃO PAULO (TECNICO ENROLADO),"ADAMANTINA SÃO PAULO (TECNICO ENROLADO)

28.680.442 ALEX JOSE PIGARI – ELETRONICA PIGARI’S

CNPJ: 28.680.442/0001-45

eletronicapigaris@outlook.com

18 99686-9340 ALEX

RUA JOAQUIM NABUCO, 66 – CENTRO

CEP: 17800-000 ADAMANTINA – SP",NORMAL,,"RUA JOAQUIM NABUCO, 66 – CENTRO, Adamantina/SP",,17800-000,,"[""18 99686-9340""]","[""eletronicapigaris@outlook.com""]","[""28.680.442/0001-45""]","[""17800-000""]","[""RUA JOAQUIM NABUCO, 66 – CENTRO, Adamantina/SP""]",-21.682,-51.0737,,,municipality,Adamantina/SP,True
617,3514403,Dracena,DRACENA,SP,33.324.623 RICARDO ALVES SILVA – TORNEARIA SILVA,DRACENA SÃO PAULO,"DRACENA SÃO PAULO

33.324.623 RICARDO ALVES SILVA – TORNEARIA SILVA

CNPJ: 33.324.623/0001-79

airtondias1562@gmail.com

18 99744-0690 AIRTON

RUA MARAJU, 1130 – CENTRO

CEP: 17900-000 DRACENA - SP",NORMAL,,"RUA MARAJU, 1130 – CENTRO, Dracena/SP",,17900-000,,"[""18 99744-0690""]","[""airtondias1562@gmail.com""]","[""33.324.623/0001-79""]","[""17900-000""]","[""RUA MARAJU, 1130 – CENTRO, Dracena/SP""]",-21.4843,-51.535,,,municipality,Dracena/SP,True
618,3547502,Santa Rita do Passa Quatro,SANTA RITA DO PASSA QUATRO,SP,Thiago Henrique Marelli – RIBER TRIPAS,SANTA RITA DO PASSA QUATRO – SÃO PAULO,"SANTA RITA DO PASSA QUATRO – SÃO PAULO

Thiago Henrique Marelli – RIBER TRIPAS
CNPJ: 13.539.575/0001-29

ribertripas@gmail.com

19 99309-4022

Av. Prof. José Gonzo, 500 - Jardim Cel Victor Meirelles

CEP: 13670-000 - Santa Rita do Passa Quatro – SP",NORMAL,,"Av. Prof. José Gonzo, 500 - Jardim Cel Victor Meirelles, Santa Rita do Passa Quatro/SP",,13670-000,,"[""19 99309-4022""]","[""ribertripas@gmail.com""]","[""13.539.575/0001-29""]","[""13670-000""]","[""Av. Prof. José Gonzo, 500 - Jardim Cel Victor Meirelles, Santa Rita do Passa Quatro/SP""]",-21.7083,-47.478,,,municipality,Santa Rita do Passa Quatro/SP,True
619,3504503,Avaré,AVARE,SP,CD COMERCIO E SERVICOS LTDA,SÃO PAULO AVARÉ,"SÃO PAULO AVARÉ

CD COMERCIO E SERVICOS LTDA

CNPJ: 59.709.412/0001-48

trombettaetrombetta@gmail.com

14 99718-4512 MATHEUS

RUA ITAPORANGA, 415 – PQ INDL JURUMIRIM

CEP: 18704-080 AVARE – SP",NORMAL,,"RUA ITAPORANGA, 415 – PQ INDL JURUMIRIM, Avaré/SP",,18704-080,,"[""14 99718-4512""]","[""trombettaetrombetta@gmail.com""]","[""59.709.412/0001-48""]","[""18704-080""]","[""RUA ITAPORANGA, 415 – PQ INDL JURUMIRIM, Avaré/SP""]",-23.1067,-48.9251,,,municipality,Avaré/SP,True
620,3504503,Avaré,AVARE,SP,Nome da empresa: SOUZA TROMBETTA & CIA LTDA – ME,São Paulo AVARÉ,"São Paulo AVARÉ

Nome da empresa: SOUZA TROMBETTA & CIA LTDA – ME

CNPJ: 16.616.038/0001-23

Telefone: 14 3732-3923 / 14 99718-4512

E-mail: souzaetrombetta@hotmail.com

End: R. Itaporanga, 415 - Parque Industrial Jurumirim, Avaré - SP, Cep:18704-080",NORMAL,,"R. Itaporanga, 415 - Parque Industrial Jurumirim, Avaré - SP, Cep:18704-080",,18704-080,,"[""14 3732-3923"",""14 99718-4512""]","[""souzaetrombetta@hotmail.com""]","[""16.616.038/0001-23""]","[""18704-080""]","[""R. Itaporanga, 415 - Parque Industrial Jurumirim, Avaré - SP, Cep:18704-080""]",-23.1067,-48.9251,,,municipality,Avaré/SP,True
621,3504503,Avaré,AVARE,SP,Nome da empresa: GUSTAVO HENRIQUE TROMBETTA – ME (S T ELETROTECNICA),São Paulo AVARÉ,"São Paulo AVARÉ

Nome da empresa: GUSTAVO HENRIQUE TROMBETTA – ME (S T ELETROTECNICA)

Telefone: 14 37323923

E-mail: souzaetrombetta@hotmail.com

End: R. Itaporanga, 415 - Parque Industrial Jurumirim, Avaré - SP, Cep:18704-080",NORMAL,,"R. Itaporanga, 415 - Parque Industrial Jurumirim, Avaré - SP, Cep:18704-080",,18704-080,,"[""14 37323923""]","[""souzaetrombetta@hotmail.com""]",[],"[""18704-080""]","[""R. Itaporanga, 415 - Parque Industrial Jurumirim, Avaré - SP, Cep:18704-080""]",-23.1067,-48.9251,,,municipality,Avaré/SP,True
622,3523909,Itu,ITU,SP,MARTHA ALIK LEMOS CARDOSO (MM SERVIÇOS TECNICOS) – NÃO INDICAR TÉCNICO NÃO SABE O SERVIÇO E BRIGOU COM O SETOR TÉCNICO CAF,São Paulo ITU,"São Paulo ITU

MARTHA ALIK LEMOS CARDOSO (MM SERVIÇOS TECNICOS) – NÃO INDICAR TÉCNICO NÃO SABE O SERVIÇO E BRIGOU COM O SETOR TÉCNICO CAF

CNPJ: 49.339.020/0001-80

mariodaeletronica@gmail.com

11 91346-2823 MARIO

RUA MOSTEIRO CONCEPCIONISTA NSRA DAS MERCES, 215 APTO 31 – JD FACULDADE

CEP.: 13300-450 – ITU/SP",NAO_INDICAR,NAO INDICAR,"RUA MOSTEIRO CONCEPCIONISTA NSRA DAS MERCES, 215 APTO 31 – JD FACULDADE, Itu/SP",,13300-450,,"[""11 91346-2823""]","[""mariodaeletronica@gmail.com""]","[""49.339.020/0001-80""]","[""13300-450""]","[""RUA MOSTEIRO CONCEPCIONISTA NSRA DAS MERCES, 215 APTO 31 – JD FACULDADE, Itu/SP""]",-23.2544,-47.2927,,,municipality,Itu/SP,True
623,3523909,Itu,ITU,SP,ANA PAULA PINOTTI TOSCANO – MANUTENCAO DE EQUIP. LTDA (ENGENHARITU),São Paulo ITU,"São Paulo ITU

ANA PAULA PINOTTI TOSCANO – MANUTENCAO DE EQUIP. LTDA (ENGENHARITU)

CNPJ: 24.081.981/0001-07

Telefone: 11 2429-3880 / 11 94291-0454 ANA PAULA / 11 94030-0508 EDUARDO

E-mail: lojaengenhar@gmail.com

RUA DR. BRAZ BICUDO DE ALMEIDA, 87 – VILA GARDIAN

CEP: 13.309-392  ITU – SP",NORMAL,,"RUA DR. BRAZ BICUDO DE ALMEIDA, 87 – VILA GARDIAN, Itu/SP",,13.309-392,,"[""11 2429-3880"",""11 94291-0454"",""11 94030-0508""]","[""lojaengenhar@gmail.com""]","[""24.081.981/0001-07""]","[""13.309-392""]","[""RUA DR. BRAZ BICUDO DE ALMEIDA, 87 – VILA GARDIAN, Itu/SP""]",-23.2544,-47.2927,,,municipality,Itu/SP,True
624,3523909,Itu,ITU,SP,Nome da empresa: MAQGEL COM. REFRIG. LTDA.,São Paulo ITU,"São Paulo ITU

Nome da empresa: MAQGEL COM. REFRIG. LTDA.

Telefone: 11 40224608 / 11 95035-6117 REGINALDO

E-mail: assistencia.maqgel@oul.com.br

End: Praça Duque de Caxias, 163 - Jardim Corazza, Itu - SP, Cep:13300-103",NORMAL,,"Praça Duque de Caxias, 163 - Jardim Corazza, Itu - SP, Cep:13300-103",,13300-103,,"[""11 40224608"",""11 95035-6117""]","[""assistencia.maqgel@oul.com.br""]",[],"[""13300-103""]","[""Praça Duque de Caxias, 163 - Jardim Corazza, Itu - SP, Cep:13300-103""]",-23.2544,-47.2927,,,municipality,Itu/SP,True
625,3523909,Itu,ITU,SP,RICHARD AUGUSTO PRECOMA DE OLIVEIRA LTDA – TECHMAQ SOLUCOES INDUSTRIAIS,São Paulo ITU,"São Paulo ITU

RICHARD AUGUSTO PRECOMA DE OLIVEIRA LTDA – TECHMAQ SOLUCOES INDUSTRIAIS

CNPJ: 53.386.404/0001-21

techmaq.ind@outlook.com

11 91144-2226 RICHARD AUGUSTO

RUA PADRE LUIS YABAR, 196 – APTO 1 – JD FACULDADE

CEP: 13300-420 – ITU – SP",NORMAL,,"RUA PADRE LUIS YABAR, 196 – APTO 1 – JD FACULDADE, Itu/SP",,13300-420,,"[""11 91144-2226""]","[""techmaq.ind@outlook.com""]","[""53.386.404/0001-21""]","[""13300-420""]","[""RUA PADRE LUIS YABAR, 196 – APTO 1 – JD FACULDADE, Itu/SP""]",-23.2544,-47.2927,,,municipality,Itu/SP,True
626,4204202,Chapecó,CHAPECO,SC,Nome da empresa: COMIN COM. DE MAQ. E ACESS. LTDA ME – mão de obra cara,Santa Catarina CHAPECÓ,"Santa Catarina CHAPECÓ

Nome da empresa: COMIN COM. DE MAQ. E ACESS. LTDA ME – mão de obra cara

CNPJ: 06.098.178/0001-01

Telefone: 49 3323-6824 / 49 99191-3448 / 49 99918 7009

E-mail: andre.comin@cominequipamentos.com.br

End: Av. Irineu Bornhausen, 455 E - Palmital, Chapeco - SC, Cep: 89814-140",CONSULTAR_ANTES,MAO DE OBRA (?:MUITO )?CARA,"Av. Irineu Bornhausen, 455 E - Palmital, Chapeco - SC, Cep: 89814-140",,89814-140,,"[""49 3323-6824"",""49 99191-3448"",""49 99918 7009""]","[""andre.comin@cominequipamentos.com.br""]","[""06.098.178/0001-01""]","[""89814-140""]","[""Av. Irineu Bornhausen, 455 E - Palmital, Chapeco - SC, Cep: 89814-140""]",-27.1004,-52.6152,,,municipality,Chapecó/SC,True
627,4204202,Chapecó,CHAPECO,SC,GASTROTEC PECAS E MANUTENCAO DE EQUIP. GASTRONOMICOS LTDA,Santa Catarina CHAPECÓ,"Santa Catarina CHAPECÓ

GASTROTEC PECAS E MANUTENCAO DE EQUIP. GASTRONOMICOS LTDA

CNPJ: 44.754.518/0001-96

admgastrotec@gmail.com

49 98850-2913 MATHEUS

RUA EMILIA MENTA, 85 D – PQ DAS PALMEIRAS

CEP: 89803-630 CHAPECO - SC",NORMAL,,"RUA EMILIA MENTA, 85 D – PQ DAS PALMEIRAS, Chapecó/SC",,89803-630,,"[""49 98850-2913""]","[""admgastrotec@gmail.com""]","[""44.754.518/0001-96""]","[""89803-630""]","[""RUA EMILIA MENTA, 85 D – PQ DAS PALMEIRAS, Chapecó/SC""]",-27.1004,-52.6152,,,municipality,Chapecó/SC,True
628,4214805,Rio do Sul,RIO DO SUL,SC,Nome da empresa: SOARES REPAROS E INST. ELETR. LTDA,Santa Catarina RIO DO SUL,"Santa Catarina RIO DO SUL

Nome da empresa: SOARES REPAROS E INST. ELETR. LTDA

Telefone: 47 35226637/ 47 99988-9038 CARLOS

E-mail: soaresinstalacoeseletricas@hotmail.com

End: Bairro Canoas, rua Vitor Conde N268",NORMAL,,"Bairro Canoas, rua Vitor Conde N268, Rio do Sul/SC",,,,"[""47 35226637"",""47 99988-9038""]","[""soaresinstalacoeseletricas@hotmail.com""]",[],[],"[""Bairro Canoas, rua Vitor Conde N268, Rio do Sul/SC""]",-27.2156,-49.643,,,municipality,Rio do Sul/SC,True
629,3506359,Bertioga,BERTIOGA,SP,F. FERREIRA DO AMARAL MANUTENCAO – FABERMAQUI,SÃO PAULO BERTIOGA,"SÃO PAULO BERTIOGA

F. FERREIRA DO AMARAL MANUTENCAO – FABERMAQUI

CNPJ: 23.835.637/0001-01

fabianoferreira033@gmail.com

13 99612-6869 FABIANO

Rua B , 490 - Jardim Rio da Praia

Cep 11256-655 BERTIOGA – SP

Ref: próx. Mercado Dia

RUA JOSE LAURENTINO SANTIAGO, 98 – RIO DA PRAIA

CEP: 11256-585 BERTIOGA – SP",NORMAL,,"Rua B , 490 - Jardim Rio da Praia, Bertioga/SP",,11256-655,,"[""13 99612-6869""]","[""fabianoferreira033@gmail.com""]","[""23.835.637/0001-01""]","[""11256-655"",""11256-585""]","[""Rua B , 490 - Jardim Rio da Praia, Bertioga/SP"",""RUA JOSE LAURENTINO SANTIAGO, 98 – RIO DA PRAIA, Bertioga/SP""]",-23.8486,-46.1396,,,municipality,Bertioga/SP,True
630,3510500,Caraguatatuba,CARAGUATATUBA,SP,MARCELO DA SILVA OLIVEIRA 21543167861 – OMEGA REFRIGERAÇÃO,São Paulo CARAGUATATUBA,"São Paulo CARAGUATATUBA

MARCELO DA SILVA OLIVEIRA 21543167861 – OMEGA REFRIGERAÇÃO

CNPJ: 15.094.133/0001-41

omegarefrigeracao@ig.com.br

12 99736-7770 MARCELO

RUA ALVARENGA PEIXOTO, 116 – PQ BALNEARIO POIARES

CEP: 11665-520 – CARAGUATATUBA – SP",NORMAL,,"RUA ALVARENGA PEIXOTO, 116 – PQ BALNEARIO POIARES, Caraguatatuba/SP",,11665-520,,"[""12 99736-7770""]","[""omegarefrigeracao@ig.com.br""]","[""15.094.133/0001-41""]","[""11665-520""]","[""RUA ALVARENGA PEIXOTO, 116 – PQ BALNEARIO POIARES, Caraguatatuba/SP""]",-23.6125,-45.4125,,,municipality,Caraguatatuba/SP,True
631,3510500,Caraguatatuba,CARAGUATATUBA,SP,ANDRE MARCOS DA COSTA - REFRIGERAÇÃO MERCEARIA RIO MARINAS,São Paulo CARAGUATATUBA,"São Paulo CARAGUATATUBA

ANDRE MARCOS DA COSTA - REFRIGERAÇÃO MERCEARIA RIO MARINAS

CNPJ: 51.626.403/0001-81

tec.andremarcos@gmail.com

12 99722-7439

RUA SETE, 57 LOTEAMENTO RIO MARINAS

CEP: 11671-399 CARAGUATATUBA – SP",NORMAL,,"RUA SETE, 57 LOTEAMENTO RIO MARINAS, Caraguatatuba/SP",,11671-399,,"[""12 99722-7439""]","[""tec.andremarcos@gmail.com""]","[""51.626.403/0001-81""]","[""11671-399""]","[""RUA SETE, 57 LOTEAMENTO RIO MARINAS, Caraguatatuba/SP""]",-23.6125,-45.4125,,,municipality,Caraguatatuba/SP,True
632,3510500,Caraguatatuba,CARAGUATATUBA,SP,Nome da empresa: LUIS CARLOS CARNEIRO SANTANA (REFRIMAR),São Paulo CARAGUATATUBA (Quando for garantia não indicar),"São Paulo CARAGUATATUBA (Quando for garantia não indicar)

Nome da empresa: LUIS CARLOS CARNEIRO SANTANA (REFRIMAR)

Telefone: 12 3882-4756

E-mail: refrimarcaragua@hotmail.com

End: Av. Piauí, 291 - Jardim Primavera, Caraguatatuba - SP, CEP:11660-720",NAO_INDICAR,NAO INDICAR,"Av. Piauí, 291 - Jardim Primavera, Caraguatatuba - SP, CEP:11660-720",,11660-720,,"[""12 3882-4756""]","[""refrimarcaragua@hotmail.com""]",[],"[""11660-720""]","[""Av. Piauí, 291 - Jardim Primavera, Caraguatatuba - SP, CEP:11660-720""]",-23.6125,-45.4125,,,municipality,Caraguatatuba/SP,True
633,3550704,São Sebastião,SAO SEBASTIAO,SP,59.609.611 GILDEMAR ALVES DE ALMEIDA – REFRIGIL,SÃO PAULO SÃO SEBASTIÃO,"SÃO PAULO SÃO SEBASTIÃO

59.609.611 GILDEMAR ALVES DE ALMEIDA – REFRIGIL

CNPJ: 59.609.611/0001-84

gildemaralvesdealmeidaalmeida@gmail.com

12 99185-8618 GILDEMAR

11 91925-2972 / 11 94849-6546

RUA DA CESP, 125 – MARESIAS

CEP: 11628-578 SÃO SEBASTIAO – SP",NORMAL,,"RUA DA CESP, 125 – MARESIAS, São Sebastião/SP",,11628-578,,"[""12 99185-8618"",""11 91925-2972"",""11 94849-6546""]","[""gildemaralvesdealmeidaalmeida@gmail.com""]","[""59.609.611/0001-84""]","[""11628-578""]","[""RUA DA CESP, 125 – MARESIAS, São Sebastião/SP""]",-23.7951,-45.4143,,,municipality,São Sebastião/SP,True
634,3509007,Caieiras,CAIEIRAS,SP,AMPARO & AMPARO COM. DE PECAS E ASSIST TEC LTDA,SÃO PAULO CAIEIRAS,"SÃO PAULO CAIEIRAS

AMPARO & AMPARO COM. DE PECAS E ASSIST TEC LTDA

CNPJ: 61.466.470/0001-30

amparotec@@gmail.com

11 4445-5872 / 94231-8665 LUCIA

RUA GUADALAJARA, 368 – JD SANTO ANTONIO

CEP: 07700-360 CAIEIRAS – SP",NORMAL,,"RUA GUADALAJARA, 368 – JD SANTO ANTONIO, Caieiras/SP",,07700-360,,"[""11 4445-5872"",""94231-8665""]",[],"[""61.466.470/0001-30""]","[""07700-360""]","[""RUA GUADALAJARA, 368 – JD SANTO ANTONIO, Caieiras/SP""]",-23.3607,-46.7397,,,municipality,Caieiras/SP,True
635,3552403,Sumaré,SUMARE,SP,Nome da empresa: REGIS APARECIDO BRAZ (AUTENTICATEC),São Paulo SUMARÉ,"São Paulo SUMARÉ

Nome da empresa: REGIS APARECIDO BRAZ (AUTENTICATEC)

Telefone: 19 98232-6190 / 19 99799-6354

E-mail: autenticatec@gmail.com

End: Rua Sebastiao Teixeira, n 409 Residencial Parque Pavan

CEP: 13.179-394 SUMARE -SP",NORMAL,,"Rua Sebastiao Teixeira, n 409 Residencial Parque Pavan, Sumaré/SP",,13.179-394,,"[""19 98232-6190"",""19 99799-6354""]","[""autenticatec@gmail.com""]",[],"[""13.179-394""]","[""Rua Sebastiao Teixeira, n 409 Residencial Parque Pavan, Sumaré/SP""]",-22.8204,-47.2728,,,municipality,Sumaré/SP,True
636,3552403,Sumaré,SUMARE,SP,"Esse ainda não Fez atendimento, só atende externo, não tem oficina por enquanto – COMBINAR VALORES",São Paulo SUMARÉ,"São Paulo SUMARÉ

Esse ainda não Fez atendimento, só atende externo, não tem oficina por enquanto – COMBINAR VALORES

47.878.730 SAMUEL ALVES COELHO – SBC MANUTENÇÃO

CNPJ: 47.878.730/0001-53

sbcmanutencao2022@gmail.com

19 98265-6312 SAMUEL

RUA YOLANDA DIDONA DE VASCONCELLOS, 228 – PQ JOÃO DE VASCONCELOS

CEP: 13172-600 SUMARE – SP",CONSULTAR_ANTES,COMBINAR VALORES,"RUA YOLANDA DIDONA DE VASCONCELLOS, 228 – PQ JOÃO DE VASCONCELOS, Sumaré/SP",,13172-600,,"[""19 98265-6312""]","[""sbcmanutencao2022@gmail.com""]","[""47.878.730/0001-53""]","[""13172-600""]","[""RUA YOLANDA DIDONA DE VASCONCELLOS, 228 – PQ JOÃO DE VASCONCELOS, Sumaré/SP""]",-22.8204,-47.2728,,,municipality,Sumaré/SP,True
637,3525102,Jardinópolis,JARDINOPOLIS,SP,Nome da empresa: L. E. B. RAIMUNDINI,São Paulo JARDINOPOLIS,"São Paulo JARDINOPOLIS

Nome da empresa: L. E. B. RAIMUNDINI

Telefone: 16 99188-4345 / 19 3663-3773

E-mail: fiscal2@primus.jard.com.br

End: Rua Idelmo Scaloppi, 52, Vila Olimpica Jardinópolis/SP - CEP 14680-000",NORMAL,,"Rua Idelmo Scaloppi, 52, Vila Olimpica Jardinópolis/SP - CEP 14680-000",,14680-000,,"[""16 99188-4345"",""19 3663-3773""]","[""fiscal2@primus.jard.com.br""]",[],"[""14680-000""]","[""Rua Idelmo Scaloppi, 52, Vila Olimpica Jardinópolis/SP - CEP 14680-000""]",-21.0176,-47.7606,,,municipality,Jardinópolis/SP,True
638,3505708,Barueri,BARUERI,SP,57.668.747 REINALDO SOUZA DOS SANTOS FILHO – INFINITY MANUTENÇÃO,SÃO PAULO BARUERI,"SÃO PAULO BARUERI

57.668.747 REINALDO SOUZA DOS SANTOS FILHO – INFINITY MANUTENÇÃO

CNPJ: 57.668.747/0001-30

reinaldofilhojrp@hotmail.com

infinity.servtec@gmail.com

71 99136-3673 REINALDO

11 95927 3090

AVENIDA DA ALDEIA, 127 – JD. IRACEMA/ALDEIA

CEP: 06440-000 BARUERI – SP",NORMAL,,"AVENIDA DA ALDEIA, 127 – JD. IRACEMA/ALDEIA, Barueri/SP",,06440-000,,"[""71 99136-3673"",""11 95927 3090""]","[""reinaldofilhojrp@hotmail.com"",""infinity.servtec@gmail.com""]","[""57.668.747/0001-30""]","[""06440-000""]","[""AVENIDA DA ALDEIA, 127 – JD. IRACEMA/ALDEIA, Barueri/SP""]",-23.5057,-46.879,,,municipality,Barueri/SP,True
639,3525003,Jandira,JANDIRA,SP,JOSE VIANA DE SOUSA – HARPIA MANUTENÇÃO E ASSISTENCIA TECNICA,SÃO PAULO JANDIRA,"SÃO PAULO JANDIRA

JOSE VIANA DE SOUSA – HARPIA MANUTENÇÃO E ASSISTENCIA TECNICA

CNPJ: 46.490.352/0001-73

jvsviana@hotmail.com

11 98859-3915 / 11 94047-4922

RUA ROSANGELA, 82 – JD EUROPA",NORMAL,,"RUA ROSANGELA, 82 – JD EUROPA, Jandira/SP",,,,"[""11 98859-3915"",""11 94047-4922""]","[""jvsviana@hotmail.com""]","[""46.490.352/0001-73""]",[],"[""RUA ROSANGELA, 82 – JD EUROPA, Jandira/SP""]",-23.5275,-46.9023,,,municipality,Jandira/SP,True
640,3516408,Franco da Rocha,FRANCO DA ROCHA,SP,ANTONIO RENE FICHO ELETRONICA,SÃO PAULO FRANCO DA ROCHA,"SÃO PAULO FRANCO DA ROCHA

ANTONIO RENE FICHO ELETRONICA

CNPJ: 05.250.367/0001-87

toninhoficho@gmail.com

11 97524-7981 PAULO

RUA HIPOLITO TRIGO SANTIAGO, 258 – JD CRUZEIRO

CEP: 07804-080 FRANCO DA ROCHA – SP",NORMAL,,"RUA HIPOLITO TRIGO SANTIAGO, 258 – JD CRUZEIRO, Franco da Rocha/SP",,07804-080,,"[""11 97524-7981""]","[""toninhoficho@gmail.com""]","[""05.250.367/0001-87""]","[""07804-080""]","[""RUA HIPOLITO TRIGO SANTIAGO, 258 – JD CRUZEIRO, Franco da Rocha/SP""]",-23.3229,-46.729,,,municipality,Franco da Rocha/SP,True
641,3529005,Marília,MARILIA,SP,GENT-INOX REFRIGERACAO LTDA – ME,São Paulo – Marília,"São Paulo – Marília

GENT-INOX REFRIGERACAO LTDA – ME

RUA BASSAN, 163 - BASSAN

14 3113 7404

14 99643-9219 JOHNNY

gentilequipamentos@hotmail.com",NORMAL,,"RUA BASSAN, 163 - BASSAN, Marília/SP",,,,"[""14 3113 7404"",""14 99643-9219""]","[""gentilequipamentos@hotmail.com""]",[],[],"[""RUA BASSAN, 163 - BASSAN, Marília/SP""]",-22.2171,-49.9501,,,municipality,Marília/SP,True
642,3529005,Marília,MARILIA,SP,ADALBERTO GENTIL DA SILVA 06181566821 - GENTIL REFRIGERAÇÃO,São Paulo – Marília,"São Paulo – Marília

ADALBERTO GENTIL DA SILVA 06181566821 - GENTIL REFRIGERAÇÃO

CNPJ: 27.814.562/0001-25

14 99643 9219 JOHNNY

RUA JOÃO CARLOS DE ARRUDA, 269 - BETEL",NORMAL,,"RUA JOÃO CARLOS DE ARRUDA, 269 - BETEL, Marília/SP",,,,"[""14 99643 9219""]",[],"[""27.814.562/0001-25""]",[],"[""RUA JOÃO CARLOS DE ARRUDA, 269 - BETEL, Marília/SP""]",-22.2171,-49.9501,,,municipality,Marília/SP,True
643,3534500,Oscar Bressane,OSCAR BRESSANE,SP,LAG EQUIPAMENTOS LTDA,São Paulo – OSCAR BRESSANE,"São Paulo – OSCAR BRESSANE

LAG EQUIPAMENTOS LTDA

CNPJ: 36.674.132/0001-46

br.arruda92@gmail.com

14 98827-2645 BRUNO

RUA CLAUDIO, 68 – CENTRO

CEP: 169770-019 OSCAR BRESSANE – SP",NORMAL,,"RUA CLAUDIO, 68 – CENTRO, Oscar Bressane/SP",,,,"[""14 98827-2645""]","[""br.arruda92@gmail.com""]","[""36.674.132/0001-46""]",[],"[""RUA CLAUDIO, 68 – CENTRO, Oscar Bressane/SP""]",-22.3149,-50.2811,,,municipality,Oscar Bressane/SP,True
644,3525904,Jundiaí,JUNDIAI,SP,ZOTTINI BALANÇAS E EQUIPAMENTOS LTDA,São Paulo JUNDIAÍ,"São Paulo JUNDIAÍ

ZOTTINI BALANÇAS E EQUIPAMENTOS LTDA

CNPJ: 60.597.317/0001-89

zottini@zottini.com.br

11 4521-9399 / 11 99629-5875

RUA MARECHAL DEODORO DA FONSECA, 933 – CENTRO

CEP: 13201-002 JUNDIAI - SP",NORMAL,,"RUA MARECHAL DEODORO DA FONSECA, 933 – CENTRO, Jundiaí/SP",,13201-002,,"[""11 4521-9399"",""11 99629-5875""]","[""zottini@zottini.com.br""]","[""60.597.317/0001-89""]","[""13201-002""]","[""RUA MARECHAL DEODORO DA FONSECA, 933 – CENTRO, Jundiaí/SP""]",-23.1852,-46.8974,,,municipality,Jundiaí/SP,True
645,3525904,Jundiaí,JUNDIAI,SP,Nome da empresa: MG COMERCIO DE BAL. LTDA,São Paulo JUNDIAÍ,"São Paulo JUNDIAÍ

Nome da empresa: MG COMERCIO DE BAL. LTDA

CNPJ: 10.924.399/0001-50

Telefone: 11 4587-0609 / 11 99503-6837 LUCIENE

E-mail: lucienemgbalancas@hotmail.com

End: Av. Fernando Arens, 1312 - Vila Arens II, Jundiaí - SP, cep:13202-571",NORMAL,,"Av. Fernando Arens, 1312 - Vila Arens II, Jundiaí - SP, cep:13202-571",,13202-571,,"[""11 4587-0609"",""11 99503-6837""]","[""lucienemgbalancas@hotmail.com""]","[""10.924.399/0001-50""]","[""13202-571""]","[""Av. Fernando Arens, 1312 - Vila Arens II, Jundiaí - SP, cep:13202-571""]",-23.1852,-46.8974,,,municipality,Jundiaí/SP,True
646,3525904,Jundiaí,JUNDIAI,SP,Nome da empresa: JUND-BALANCAS COM. E MANUTENCAO LTDA-ME,São Paulo JUNDIAÍ,"São Paulo JUNDIAÍ

Nome da empresa: JUND-BALANCAS COM. E MANUTENCAO LTDA-ME

Telefone: 11 3963-7787

E-mail: jundbalancas@gmail.com",NORMAL,,,,,,"[""11 3963-7787""]","[""jundbalancas@gmail.com""]",[],[],[],-23.1852,-46.8974,,,municipality,Jundiaí/SP,True
647,3525904,Jundiaí,JUNDIAI,SP,LIBRA COMERCIO E SOLUÇOES EM BALANÇAS LTDA – BALANÇAS RM,São Paulo JUNDIAÍ,"São Paulo JUNDIAÍ

LIBRA COMERCIO E SOLUÇOES EM BALANÇAS LTDA – BALANÇAS RM

CNPJ: 45.558.902/0001-86

11 4527-1232 / 99137-0442 EDNA OU ADRIANO

rmbalancas@gmail.com

RUA 15 de Novembro, 42 – Centro

CEP: 13201-005 JUNDIAÍ – SP

SÃO PAULO JUNDIAÍ
**JUNIORS MANUTENCAO PARA COZINHAS PROFISSIONAIS LTDA**
CNPJ: 11.308.109/0001-07
EMAIL: adm@juniorscozinhas.com.br
Telefone: 11 944924763
Endereço: Av. Luiz José Sereno, 1257 - Jardim Ermida II, Jundiaí - SP, 13212-210",NORMAL,,"RUA 15 de Novembro, 42 – Centro, Jundiaí/SP",,13201-005,,"[""11 4527-1232"",""99137-0442"",""11 944924763""]","[""rmbalancas@gmail.com"",""adm@juniorscozinhas.com.br""]","[""45.558.902/0001-86"",""11.308.109/0001-07""]","[""13201-005"",""13212-210""]","[""RUA 15 de Novembro, 42 – Centro, Jundiaí/SP"",""Av. Luiz José Sereno, 1257 - Jardim Ermida II, Jundiaí - SP, 13212-210""]",-23.1852,-46.8974,,,municipality,Jundiaí/SP,True
648,3503802,Artur Nogueira,ARTUR NOGUEIRA,SP,RCA ASSISTENCIA TECNICA LTDA – ASSISTENCIA TECNOMAQ,São Paulo ARTUR NOGUEIRA,"São Paulo ARTUR NOGUEIRA

RCA ASSISTENCIA TECNICA LTDA – ASSISTENCIA TECNOMAQ

CNPJ: 41.120.736/0001-80

Telefone: 19 99753-7476 / 19 99677-5016

E-mail: tecnico.tecnomaq@gmail.com

RUA 15 DE NOVEMBRO, 382 CONJ 1 - CENTRO

CEP: 13160-054 ARTUR NOGUEIRA – SP",NORMAL,,"RUA 15 DE NOVEMBRO, 382 CONJ 1 - CENTRO, Artur Nogueira/SP",,13160-054,,"[""19 99753-7476"",""19 99677-5016""]","[""tecnico.tecnomaq@gmail.com""]","[""41.120.736/0001-80""]","[""13160-054""]","[""RUA 15 DE NOVEMBRO, 382 CONJ 1 - CENTRO, Artur Nogueira/SP""]",-22.5727,-47.1727,,,municipality,Artur Nogueira/SP,True
649,3533403,Nova Odessa,NOVA ODESSA,SP,JAC MANUTENCAO LTDA,SÃO PAULO NOVA ODESSA,"SÃO PAULO NOVA ODESSA

JAC MANUTENCAO LTDA

CNPJ: 27.076.862/0001-54

bccardozo@outlook.com

19 97402-0933 RONALDO

RUA ARISTEU VALENTE, 369 – CENTRO

CEP: 13380-021 NOVA ODESSA – SP",NORMAL,,"RUA ARISTEU VALENTE, 369 – CENTRO, Nova Odessa/SP",,13380-021,,"[""19 97402-0933""]","[""bccardozo@outlook.com""]","[""27.076.862/0001-54""]","[""13380-021""]","[""RUA ARISTEU VALENTE, 369 – CENTRO, Nova Odessa/SP""]",-22.7832,-47.2941,,,municipality,Nova Odessa/SP,True
650,3536703,Pederneiras,PEDERNEIRAS,SP,Nome da empresa: HIDROTECNICA FRASCARELI LTDA (FRASCARELI HIDROTECNICA),São Paulo PEDERNEIRAS,"São Paulo PEDERNEIRAS

Nome da empresa: HIDROTECNICA FRASCARELI LTDA (FRASCARELI HIDROTECNICA)

Telefone:  14 3284-4422 / 14 99876-1371

E-mail: compras@frascarelli.com.br

End: Rua, Miguel Pertinhes Filho, 305 SETOR SUL – Vila Nova Paulista cep: 17282192",NORMAL,,"Rua, Miguel Pertinhes Filho, 305 SETOR SUL – Vila Nova Paulista cep: 17282192, Pederneiras/SP",,17282192,,"[""14 3284-4422"",""14 99876-1371""]","[""compras@frascarelli.com.br""]",[],"[""17282192""]","[""Rua, Miguel Pertinhes Filho, 305 SETOR SUL – Vila Nova Paulista cep: 17282192, Pederneiras/SP""]",-22.3511,-48.7781,,,municipality,Pederneiras/SP,True
651,3504107,Atibaia,ATIBAIA,SP,Nome da empresa: DAVI DE ALMEIDA PASSOS (BELMAQ),São Paulo ATIBAIA,"São Paulo ATIBAIA

Nome da empresa: DAVI DE ALMEIDA PASSOS (BELMAQ)

CNPJ: 31.162.561/0001-10

Telefone: 11 95120-6474 / 11 94860-0145 Davi

E-mail: contato@belmaqmanutencao.com.br

End: Rua Antonio Laercio, 100, Jardim Brogota Cep: 12954-083",NORMAL,,"Rua Antonio Laercio, 100, Jardim Brogota Cep: 12954-083, Atibaia/SP",,12954-083,,"[""11 95120-6474"",""11 94860-0145""]","[""contato@belmaqmanutencao.com.br""]","[""31.162.561/0001-10""]","[""12954-083""]","[""Rua Antonio Laercio, 100, Jardim Brogota Cep: 12954-083, Atibaia/SP""]",-23.1171,-46.5563,,,municipality,Atibaia/SP,True
652,3506102,Bebedouro,BEBEDOURO,SP,FRANK RIBEIRO LOPES (S.O.S BALANÇAS LOPES),São Paulo BEBEDOURO,"São Paulo BEBEDOURO

FRANK RIBEIRO LOPES (S.O.S BALANÇAS LOPES)

CNPJ: 34.314.292/0001-59

sos.balancaslopes@hotmail.com

17 99160-6191 FRANK

RUA DR. OSCAR WERNECK, 801 – CENTRO",NORMAL,,"RUA DR. OSCAR WERNECK, 801 – CENTRO, Bebedouro/SP",,,,"[""17 99160-6191""]","[""sos.balancaslopes@hotmail.com""]","[""34.314.292/0001-59""]",[],"[""RUA DR. OSCAR WERNECK, 801 – CENTRO, Bebedouro/SP""]",-20.9491,-48.4791,,,municipality,Bebedouro/SP,True
653,3511102,Catanduva,CATANDUVA,SP,L.A.GUARESEMIN – BALANCAS (THERMO-FRIO),São Paulo CATANDUVA,"São Paulo CATANDUVA

L.A.GUARESEMIN – BALANCAS (THERMO-FRIO)

CNPJ: 10.744.342/0001-70

messias.casal@gmail.com

17 99717-4498 MESSIAS

RUA BRASIL, 1483 – CENTRO

CEP: 15800-030 CATANDUVA-SP",NORMAL,,"RUA BRASIL, 1483 – CENTRO, Catanduva/SP",,15800-030,,"[""17 99717-4498""]","[""messias.casal@gmail.com""]","[""10.744.342/0001-70""]","[""15800-030""]","[""RUA BRASIL, 1483 – CENTRO, Catanduva/SP""]",-21.1314,-48.977,,,municipality,Catanduva/SP,True
654,3511102,Catanduva,CATANDUVA,SP,Nome da empresa: ROSINEIDE PERPETUA CARDOSO 17358411889(CG GOMES & CARDOSO),São Paulo CATANDUVA,"São Paulo CATANDUVA

Nome da empresa: ROSINEIDE PERPETUA CARDOSO 17358411889(CG GOMES & CARDOSO)

CNPJ: 29.865.699/0001-34

Telefone: 17 99609-4947 Aparecido

E-mail: gomescardosomaq@gmail.com

End: Rua Santo Cristo, 121, Parque Glória VI cep: 15807-314",NORMAL,,"Rua Santo Cristo, 121, Parque Glória VI cep: 15807-314, Catanduva/SP",,15807-314,,"[""17 99609-4947""]","[""gomescardosomaq@gmail.com""]","[""29.865.699/0001-34""]","[""15807-314""]","[""Rua Santo Cristo, 121, Parque Glória VI cep: 15807-314, Catanduva/SP""]",-21.1314,-48.977,,,municipality,Catanduva/SP,True
655,3534401,Osasco,OSASCO,SP,AAS ASSISTENCIA TECNICA LTDA,São Paulo OSASCO,"São Paulo OSASCO

|  |
| --- |

AAS ASSISTENCIA TECNICA LTDA

CNPJ: 08.635.859/0001-89

Telefone: 11 36561275/11 96960-7075

11 966607075 Michele / Anderson

E-mail: aas.tecnica@gmail.com

End: Av. Lourenço Beloli, 700 - Parque Industrial Mazzei, Osasco - SP, 06268-110",NORMAL,,"Av. Lourenço Beloli, 700 - Parque Industrial Mazzei, Osasco - SP, 06268-110",,06268-110,,"[""11 36561275"",""11 96960-7075"",""11 966607075""]","[""aas.tecnica@gmail.com""]","[""08.635.859/0001-89""]","[""06268-110""]","[""Av. Lourenço Beloli, 700 - Parque Industrial Mazzei, Osasco - SP, 06268-110""]",-23.5324,-46.7916,,,municipality,Osasco/SP,True
656,3507605,Bragança Paulista,BRAGANCA PAULISTA,SP,32.452.238 LUCIO KAZUTOSHI SHISHIDO,SÃO PAULO BRAGANÇA PAULISTA,"SÃO PAULO BRAGANÇA PAULISTA

32.452.238 LUCIO KAZUTOSHI SHISHIDO

CNPJ: 32.452.238/0001-44

11 96195-1139

tiprojectbp@hotmail.com

RUA EUCLIDES LOPES TERRON, 24 - CIDADE PLANEJADA II

CEP: 12922-754 BRAGANCA PAULISTA - SP",NORMAL,,"RUA EUCLIDES LOPES TERRON, 24 - CIDADE PLANEJADA II, Bragança Paulista/SP",,12922-754,,"[""11 96195-1139""]","[""tiprojectbp@hotmail.com""]","[""32.452.238/0001-44""]","[""12922-754""]","[""RUA EUCLIDES LOPES TERRON, 24 - CIDADE PLANEJADA II, Bragança Paulista/SP""]",-22.9527,-46.5419,,,municipality,Bragança Paulista/SP,True
657,3520509,Indaiatuba,INDAIATUBA,SP,G7 SOLUCOES COMERCIO E SERVICOS DE EQUIPAMENTOS LTDA (MÃO DE OBRA CARA),INDAIATUBA SÃO PAULO,"INDAIATUBA SÃO PAULO

G7 SOLUCOES COMERCIO E SERVICOS DE EQUIPAMENTOS LTDA (MÃO DE OBRA CARA)

CNPJ: 53.674.775/0001-09

atendimento@g7solucoescomerciais.com

19 99768-1403 BRUNA

AV. ENG. FABIO ROBERTO BARNABE, 6299 – SALA 2 – JD MORADA DO SOL

CEP: 13348-386 INDAIATUBA – SP",CONSULTAR_ANTES,MAO DE OBRA (?:MUITO )?CARA,"AV. ENG. FABIO ROBERTO BARNABE, 6299 – SALA 2 – JD MORADA DO SOL, Indaiatuba/SP",,13348-386,,"[""19 99768-1403""]","[""atendimento@g7solucoescomerciais.com""]","[""53.674.775/0001-09""]","[""13348-386""]","[""AV. ENG. FABIO ROBERTO BARNABE, 6299 – SALA 2 – JD MORADA DO SOL, Indaiatuba/SP""]",-23.0816,-47.2101,,,municipality,Indaiatuba/SP,True
658,3526704,Leme,LEME,SP,Nome da empresa: VANESSA SERAFIM LOUREIRO 41630336882,São Paulo LEME,"São Paulo LEME

Nome da empresa: VANESSA SERAFIM LOUREIRO 41630336882

Telefone:19 989900917 Edson

E-mail: fhbardeja@gmail.com

End: Rua pc Custodio Angelo de Lima, n 39 Jardim Santa Rita - Leme",NORMAL,,"Rua pc Custodio Angelo de Lima, n 39 Jardim Santa Rita - Leme/SP",,,,"[""19 989900917""]","[""fhbardeja@gmail.com""]",[],[],"[""Rua pc Custodio Angelo de Lima, n 39 Jardim Santa Rita - Leme/SP""]",-22.1809,-47.3841,,,municipality,Leme/SP,True
659,3521002,Iperó,IPERO,SP,Nome da empresa: WIKA DO BRASIL IND COM LTDA,São Paulo IPERÓ,"São Paulo IPERÓ

Nome da empresa: WIKA DO BRASIL IND COM LTDA

Telefone: 15 34599734 / 15 3459-9700 Jair Barreto

E-mail: jair.barreto@wika.com

End: Av. Ursula Wiegand, 03 - Capuavinha, Iperó - SP, Cep:18560-000",NORMAL,,"Av. Ursula Wiegand, 03 - Capuavinha, Iperó - SP, Cep:18560-000",,18560-000,,"[""15 34599734"",""15 3459-9700""]","[""jair.barreto@wika.com""]",[],"[""18560-000""]","[""Av. Ursula Wiegand, 03 - Capuavinha, Iperó - SP, Cep:18560-000""]",-23.3513,-47.6927,,,municipality,Iperó/SP,True
660,4315602,Rio Grande,RIO GRANDE,RS,Nome da empresa: A R MATIAS BUSNADIEGO (COPERMAQ),Rio Grande do Sul RIO GRANDE,"Rio Grande do Sul RIO GRANDE

Nome da empresa: A R MATIAS BUSNADIEGO (COPERMAQ)

Telefone: (53) 99534708 (53) 991846722 ANA RAQUEL OU JAIME

E-mail: copermaqrs@yahoo.com.br

End: RUA JOSÉ DO NORTE N 1736 CASA A, VILA MARIA JOJÉ CEP 96203030

SERGIO TEIXEIRA CORREA JUNIOR & CIA LTDA ME

(55) 99164-9141 / RUA CEL MELLO, n 438 - SAO MIGUEL, CRUZ ALTA - RS, 98025050",NORMAL,,"RUA JOSÉ DO NORTE N 1736 CASA A, VILA MARIA JOJÉ CEP 96203030, Rio Grande/RS",,96203030,,"[""(53) 99534708"",""(53) 991846722"",""(55) 99164-9141"",""98025050""]","[""copermaqrs@yahoo.com.br""]",[],"[""96203030"",""98025050""]","[""RUA JOSÉ DO NORTE N 1736 CASA A, VILA MARIA JOJÉ CEP 96203030, Rio Grande/RS""]",-32.0349,-52.1071,,,municipality,Rio Grande/RS,True
661,4308458,Fortaleza dos Valos,FORTALEZA DOS VALOS,RS,NELSON MATOS DE MEDEIROS 00936291095,Rio Grande do Sul FORTALEZA DOS VALOS,"Rio Grande do Sul FORTALEZA DOS VALOS

NELSON MATOS DE MEDEIROS 00936291095

CNPJ: 39.241.182/0001-28

nelsonmatosdemedeiros@gmail.com

55 99182-0973 NELSON

RUA RUBIM, 643 – CENTRO

CEP: 98125-000 FORTALEZA DOS VALOS – RS",NORMAL,,"RUA RUBIM, 643 – CENTRO, Fortaleza dos Valos/RS",,98125-000,,"[""55 99182-0973""]","[""nelsonmatosdemedeiros@gmail.com""]","[""39.241.182/0001-28""]","[""98125-000""]","[""RUA RUBIM, 643 – CENTRO, Fortaleza dos Valos/RS""]",-28.7986,-53.2249,,,municipality,Fortaleza dos Valos/RS,True
662,4309100,Gramado,GRAMADO,RS,OFICINA DA GASTRONOMIA LTDA,RIO GRANDE DO SUL – GRAMADO,"RIO GRANDE DO SUL – GRAMADO

OFICINA DA GASTRONOMIA LTDA

CNPJ: 14.731.026/0001-14

CONTATO: (54) 99926-7189 – JONATAS

E-MAIL: ORIENTA@ORIENTAGRAMADO.COM.BR

ENDEREÇO: RUA VEREADOR THEODORO G MICHAELSEN, 313, COMPLEMENTO B, LI MATO QUEIMADO - CEP: 95672-170 - GRAMADO (RS)",NORMAL,,"RUA VEREADOR THEODORO G MICHAELSEN, 313, COMPLEMENTO B, LI MATO QUEIMADO - CEP: 95672-170 - GRAMADO (RS)",,95672-170,,"[""(54) 99926-7189""]","[""ORIENTA@ORIENTAGRAMADO.COM.BR""]","[""14.731.026/0001-14""]","[""95672-170""]","[""RUA VEREADOR THEODORO G MICHAELSEN, 313, COMPLEMENTO B, LI MATO QUEIMADO - CEP: 95672-170 - GRAMADO (RS)""]",-29.3734,-50.8762,,,municipality,Gramado/RS,True
663,3502101,Andradina,ANDRADINA,SP,Nome da empresa: CARVELE COMERCIO DE BALANCAS ELETRONICAS LTDA,São Paulo ANDRADINA,"São Paulo ANDRADINA

Nome da empresa: CARVELE COMERCIO DE BALANCAS ELETRONICAS LTDA

CNPJ: 67.593.640/0001-23

Telefone: 18 3722-7147 / 18 99670-2656 Maicon

E-mail: RUA RIO DE JANEIRO, 1143 - CENTRO, ANDRADINA, SÃO PAULO, Cep:16900-027,",NORMAL,,,,16900-027,,"[""18 3722-7147"",""18 99670-2656""]",[],"[""67.593.640/0001-23""]","[""16900-027""]",[],-20.8948,-51.3786,,,municipality,Andradina/SP,True
664,3503307,Araras,ARARAS,SP,SEBAL COMERCIO DE BALANÇAS LTDA,São Paulo ARARAS,"São Paulo ARARAS

SEBAL COMERCIO DE BALANÇAS LTDA

CNPJ: 46.056.362/0001-03

Telefone: 19 3541-3802 / 19 99785-3896

E-mail: assistencias@sebal.com.br

End: ** **Av. Dona Renata, 2970 - Vila Pastorello, Araras - SP, Cep:13600-515",NORMAL,,"** **Av. Dona Renata, 2970 - Vila Pastorello, Araras - SP, Cep:13600-515",,13600-515,,"[""19 3541-3802"",""19 99785-3896""]","[""assistencias@sebal.com.br""]","[""46.056.362/0001-03""]","[""13600-515""]","[""** **Av. Dona Renata, 2970 - Vila Pastorello, Araras - SP, Cep:13600-515""]",-22.3572,-47.3842,,,municipality,Araras/SP,True
665,3503307,Araras,ARARAS,SP,Nome da empresa: TRICONMAQ EQUIPAMENTOS LTDA - EPP,São Paulo ARARAS,"São Paulo ARARAS

Nome da empresa: TRICONMAQ EQUIPAMENTOS LTDA - EPP

Telefone: 19 3351-0473/ 19 991826740 Marcia

E-mail: atendimento@triconmaq.com.br

End: ** **Av. Dona Renata, 2970 - Vila Pastorello, Araras - SP, Cep: 13600-515",NORMAL,,"** **Av. Dona Renata, 2970 - Vila Pastorello, Araras - SP, Cep: 13600-515",,13600-515,,"[""19 3351-0473"",""19 991826740""]","[""atendimento@triconmaq.com.br""]",[],"[""13600-515""]","[""** **Av. Dona Renata, 2970 - Vila Pastorello, Araras - SP, Cep: 13600-515""]",-22.3572,-47.3842,,,municipality,Araras/SP,True
666,3530607,Mogi das Cruzes,MOGI DAS CRUZES,SP,28.292.649 FELIPE CESARIO CORREA (JC. MULT-SERVICE),São Paulo MOGI DAS CRUZES,"São Paulo MOGI DAS CRUZES

28.292.649 FELIPE CESARIO CORREA (JC. MULT-SERVICE)

CNPJ: 28.292.649/0001-42

Telefone: 11 94362-3707/ 11 973623709

E-mail: jc.mult-service@hotmail.com

End: Rua Julio Aragão, 118 - LOTEAMENTO MUNICIPAL BRAS CUBAS

Cep: 08740-030 MOGI DAS CRUZES – SP",NORMAL,,"Rua Julio Aragão, 118 - LOTEAMENTO MUNICIPAL BRAS CUBAS, Mogi das Cruzes/SP",,08740-030,,"[""11 94362-3707"",""11 973623709""]","[""jc.mult-service@hotmail.com""]","[""28.292.649/0001-42""]","[""08740-030""]","[""Rua Julio Aragão, 118 - LOTEAMENTO MUNICIPAL BRAS CUBAS, Mogi das Cruzes/SP""]",-23.5208,-46.1854,,,municipality,Mogi das Cruzes/SP,True
667,3503208,Araraquara,ARARAQUARA,SP,Nome da empresa: BRUNA DANIELI RIBEIRO DA SILVA (BRUFER PEÇAS),São Paulo ARARAQUARA,"São Paulo ARARAQUARA

Nome da empresa: BRUNA DANIELI RIBEIRO DA SILVA (BRUFER PEÇAS)

CNPJ: 32.350.186/0001-03

Telefone: 16 3336-4573 / 16 98858-3571

E-mail: bruferararaquara@gmail.com

End: AV ROMULO LUPO, 620 - PARQUE LARANJEIRAS CEP: 14801-500",NORMAL,,"AV ROMULO LUPO, 620 - PARQUE LARANJEIRAS CEP: 14801-500, Araraquara/SP",,14801-500,,"[""16 3336-4573"",""16 98858-3571""]","[""bruferararaquara@gmail.com""]","[""32.350.186/0001-03""]","[""14801-500""]","[""AV ROMULO LUPO, 620 - PARQUE LARANJEIRAS CEP: 14801-500, Araraquara/SP""]",-21.7845,-48.178,,,municipality,Araraquara/SP,True
668,3503208,Araraquara,ARARAQUARA,SP,FLAVIO LUIZ DE GODOI MANUTENCAO,São Paulo ARARAQUARA  -**NÃO ACIONAR OU INDICAR. TECNICO RUIM**,"São Paulo ARARAQUARA  -**NÃO ACIONAR OU INDICAR. TECNICO RUIM**

FLAVIO LUIZ DE GODOI MANUTENCAO

CNPJ: 20.553.261/0001-46

ademarsilvamm@hotmail.com

16 3324-1663 / 16 99772-6633 FLAVIO

RUA BAHIA, 516 – VILA XAVIER

CEP: 14810-167 ARARAQUARA – SP",NORMAL,,"RUA BAHIA, 516 – VILA XAVIER, Araraquara/SP",,14810-167,,"[""16 3324-1663"",""16 99772-6633""]","[""ademarsilvamm@hotmail.com""]","[""20.553.261/0001-46""]","[""14810-167""]","[""RUA BAHIA, 516 – VILA XAVIER, Araraquara/SP""]",-21.7845,-48.178,,,municipality,Araraquara/SP,True
669,3503208,Araraquara,ARARAQUARA,SP,SORAIA DE ASSIS FERREIRA COZINHAS (ASSISTENCIA DA REVENDA SCUTTI – SÓ ATENDEM CLIENTES PROPRIOS),São Paulo ARARAQUARA,"São Paulo ARARAQUARA

SORAIA DE ASSIS FERREIRA COZINHAS (ASSISTENCIA DA REVENDA SCUTTI – SÓ ATENDEM CLIENTES PROPRIOS)

CNPJ: 07.703.973/0001-36

posvenda1scutti@gmail.com / soraiacozinhas@hotmail.com

16 3357-1828 / 16 99784-2333 GABRIELLE

RUA BARÃO DO RIO BRANCO, 1150 – VILA XAVIER

CEP: 14810-100 ARARAQUARA – SP",NORMAL,,"RUA BARÃO DO RIO BRANCO, 1150 – VILA XAVIER, Araraquara/SP",,14810-100,,"[""16 3357-1828"",""16 99784-2333""]","[""posvenda1scutti@gmail.com"",""soraiacozinhas@hotmail.com""]","[""07.703.973/0001-36""]","[""14810-100""]","[""RUA BARÃO DO RIO BRANCO, 1150 – VILA XAVIER, Araraquara/SP""]",-21.7845,-48.178,,,municipality,Araraquara/SP,True
670,3503208,Araraquara,ARARAQUARA,SP,ARAMETOX ARTEFATOS DE METAIS LTDA,"São Paulo ARARAQUARA (MÃO DE OBRA CARA, INDICAR SE NÃO ENCONTRAR OUTRO)","São Paulo ARARAQUARA (MÃO DE OBRA CARA, INDICAR SE NÃO ENCONTRAR OUTRO)

ARAMETOX ARTEFATOS DE METAIS LTDA

CNPJ: 69.301.596/0001-66

contato@arametox.com.br / elsiomaroni59@gmail.com / polianamaroni@gmail.com

16 99626-1726 ELSIO MARONI

AVENIDA JOSE SATKAUSAS, 70 – JD ROBERTO S DEY",CONSULTAR_ANTES,MAO DE OBRA (?:MUITO )?CARA,"AVENIDA JOSE SATKAUSAS, 70 – JD ROBERTO S DEY, Araraquara/SP",,,,"[""16 99626-1726""]","[""contato@arametox.com.br"",""elsiomaroni59@gmail.com"",""polianamaroni@gmail.com""]","[""69.301.596/0001-66""]",[],"[""AVENIDA JOSE SATKAUSAS, 70 – JD ROBERTO S DEY, Araraquara/SP""]",-21.7845,-48.178,,,municipality,Araraquara/SP,True
671,3513801,Diadema,DIADEMA,SP,LUIS ENRIQUE MARQUES SANTANA (ARM ASSISTENCIA E MANUTENCAO),São Paulo DIADEMA,"São Paulo DIADEMA

LUIS ENRIQUE MARQUES SANTANA  (ARM ASSISTENCIA E MANUTENCAO)

CNPJ: 43.933.904/0001-82

arm.brasil01@gmail.com

11 96313-7347 ENRIQUE / 11 94627-3017 FERNANDA

RUA SANTIAGO (JD NACOES), 507 – TABOAO

CEP: 09921-270 DIADEMA – SP",NORMAL,,"RUA SANTIAGO (JD NACOES), 507 – TABOAO, Diadema/SP",,09921-270,,"[""11 96313-7347"",""11 94627-3017""]","[""arm.brasil01@gmail.com""]","[""43.933.904/0001-82""]","[""09921-270""]","[""RUA SANTIAGO (JD NACOES), 507 – TABOAO, Diadema/SP""]",-23.6813,-46.6205,,,municipality,Diadema/SP,True
672,3513801,Diadema,DIADEMA,SP,EDITEC COM. INST. E MANUTENCAO DE EQUIP. LTDA,São Paulo DIADEMA,"São Paulo DIADEMA

EDITEC COM. INST. E MANUTENCAO DE EQUIP. LTDA

CNPJ: 34.485.122/0001-37

editec.servicos@gmail.com

11 4103-3103 / 94797-6191 VANIA

RUA RODRIGO, 89 – BLOCO 2 SALA 1 – SERRARIA

CEP: 09981-500 DIADEMA – SP",NORMAL,,"RUA RODRIGO, 89 – BLOCO 2 SALA 1 – SERRARIA, Diadema/SP",,09981-500,,"[""11 4103-3103"",""94797-6191""]","[""editec.servicos@gmail.com""]","[""34.485.122/0001-37""]","[""09981-500""]","[""RUA RODRIGO, 89 – BLOCO 2 SALA 1 – SERRARIA, Diadema/SP""]",-23.6813,-46.6205,,,municipality,Diadema/SP,True
673,3552205,Sorocaba,SOROCABA,SP,MAQBAL COM. DE BAL. E MAQUINAS LTDA (MAC BAL),São Paulo SOROCABA,"São Paulo SOROCABA

MAQBAL COM. DE BAL. E MAQUINAS LTDA (MAC BAL)

CNPJ: 34.208.521/0001-50

Telefone: 15 3212-8077/ 15 98154-1117

E-mail: assistenciatecnica@bamaqbalancas.com.br

End: R. Cel. Nogueira Padilha, 343 - Vila Hortência, Sorocaba - SP, Cep:18020-000",NORMAL,,"R. Cel. Nogueira Padilha, 343 - Vila Hortência, Sorocaba - SP, Cep:18020-000",,18020-000,,"[""15 3212-8077"",""15 98154-1117""]","[""assistenciatecnica@bamaqbalancas.com.br""]","[""34.208.521/0001-50""]","[""18020-000""]","[""R. Cel. Nogueira Padilha, 343 - Vila Hortência, Sorocaba - SP, Cep:18020-000""]",-23.4969,-47.4451,,,municipality,Sorocaba/SP,True
674,3522802,Itaporanga,ITAPORANGA,SP,Nome da empresa: DIOGO ADONES DA SILVA FERRAMENTAS ME,São Paulo ITAPORANGA,"São Paulo ITAPORANGA

Nome da empresa: DIOGO ADONES DA SILVA FERRAMENTAS ME

CNPJ: 11.513.931/0001-00

Telefone: 15 3565-1368 / 15 99600-4222

E-mail: adonespecas@hotmail.com

End: R. Vinte e Um de Abril, 905 - Centro, Itaporanga - SP, Cep:18480-000",NORMAL,,"R. Vinte e Um de Abril, 905 - Centro, Itaporanga - SP, Cep:18480-000",,18480-000,,"[""15 3565-1368"",""15 99600-4222""]","[""adonespecas@hotmail.com""]","[""11.513.931/0001-00""]","[""18480-000""]","[""R. Vinte e Um de Abril, 905 - Centro, Itaporanga - SP, Cep:18480-000""]",-23.7043,-49.4819,,,municipality,Itaporanga/SP,True
675,3543907,Rio Claro,RIO CLARO,SP,Nome da empresa: RAILTON NERES DE SANTANA (VR MANUTENÇÃO DE EQUIPAMENTOS),São Paulo RIO CLARO,"São Paulo RIO CLARO

Nome da empresa: RAILTON NERES DE SANTANA (VR MANUTENÇÃO DE EQUIPAMENTOS)

CNPJ: 33.909.966/0001-03

Telefone: 19 99897-2985

E-mail: vrmanutencaoequipamentos@gmail.com",NORMAL,,,,,,"[""19 99897-2985""]","[""vrmanutencaoequipamentos@gmail.com""]","[""33.909.966/0001-03""]",[],[],-22.3984,-47.5546,,,municipality,Rio Claro/SP,True
676,3541406,Presidente Prudente,PRESIDENTE PRUDENTE,SP,Nome da empresa: JESUS ANTONIO FILHO PRESIDENTE PRUDENTE R (ELETRO INDUSTRIAL JF),São Paulo PRESIDENTE PRUDENTE,"São Paulo PRESIDENTE PRUDENTE

Nome da empresa: JESUS ANTONIO FILHO PRESIDENTE PRUDENTE R (ELETRO INDUSTRIAL JF)

CNPJ: 03.898.159/0001-63

Telefone: 18 997113399 JESUS

E-mail: eletronicajesus@hotmail.com

End: Rua Valdecir Natal Palácio n 21 bairro: Jardim Nova Planaltina Cep:19045-480",NORMAL,,"Rua Valdecir Natal Palácio n 21 bairro: Jardim Nova Planaltina Cep:19045-480, Presidente Prudente/SP",,19045-480,,"[""18 997113399""]","[""eletronicajesus@hotmail.com""]","[""03.898.159/0001-63""]","[""19045-480""]","[""Rua Valdecir Natal Palácio n 21 bairro: Jardim Nova Planaltina Cep:19045-480, Presidente Prudente/SP""]",-22.1207,-51.3925,,,municipality,Presidente Prudente/SP,True
677,3515707,Ferraz de Vasconcelos,FERRAZ DE VASCONCELOS,SP,51.809.885 HENRIQUE BERTOLINI – AST ELETRO TÉCNICA,São Paulo FERRAZ DE VASCONCELOS,"São Paulo FERRAZ DE VASCONCELOS

51.809.885 HENRIQUE BERTOLINI – AST ELETRO TÉCNICA

CNPJ: 51.809.885/0001-05

direitojuliocesar709@gmial.com

11 98779-9394 / 98074-0592 JULIO CESAR

TRAVESSA DOM PEDRO II, 119 – VILA SÃO PAULO

CEP: 08506-240 FERRAZ DE VASCONCELOS – SP",NORMAL,,"TRAVESSA DOM PEDRO II, 119 – VILA SÃO PAULO, Ferraz de Vasconcelos/SP",,08506-240,,"[""11 98779-9394"",""98074-0592""]","[""direitojuliocesar709@gmial.com""]","[""51.809.885/0001-05""]","[""08506-240""]","[""TRAVESSA DOM PEDRO II, 119 – VILA SÃO PAULO, Ferraz de Vasconcelos/SP""]",-23.5411,-46.371,,,municipality,Ferraz de Vasconcelos/SP,True
678,3523107,Itaquaquecetuba,ITAQUAQUECETUBA,SP,FRANCISCHINI MANUTENCAO E REP. EMPR. LTDA – FRANTEC FOOD SERVICE,SÃO PAULO ITAQUAQUECETUBA,"SÃO PAULO ITAQUAQUECETUBA

FRANCISCHINI MANUTENCAO E REP. EMPR. LTDA – FRANTEC FOOD SERVICE

CNPJ: 47.327.703/0001-92

contato@frantecfoodservic.com.br

11 99423-1148 / 11 95934-3772 HAROLDO E JULIO

RUA RAMIRO PEREZ PEREIRA, 314 – JD HORTO DO IPE

CEP: 08593-475 ITAQUAQUECETUBA – SP",NORMAL,,"RUA RAMIRO PEREZ PEREIRA, 314 – JD HORTO DO IPE, Itaquaquecetuba/SP",,08593-475,,"[""11 99423-1148"",""11 95934-3772""]","[""contato@frantecfoodservic.com.br""]","[""47.327.703/0001-92""]","[""08593-475""]","[""RUA RAMIRO PEREZ PEREIRA, 314 – JD HORTO DO IPE, Itaquaquecetuba/SP""]",-23.4835,-46.3457,,,municipality,Itaquaquecetuba/SP,True
679,3552502,Suzano,SUZANO,SP,Nome da empresa: S & SABRA COM. E SERVICOS LTDA R (SABRA),São Paulo SUZANO,"São Paulo SUZANO

Nome da empresa: S & SABRA COM. E SERVICOS LTDA R (SABRA)

CNPJ: 01.040.134/0001-07

Telefone: 11 4746-4018 / 11 98188-9942 Ismael

E-mail:     sabra@ssabra.com.br

End: Rua Horácio Nelson Rondinelli n 537 Cidade Edson cep: 08665380",NORMAL,,"Rua Horácio Nelson Rondinelli n 537 Cidade Edson cep: 08665380, Suzano/SP",,08665380,,"[""11 4746-4018"",""11 98188-9942""]","[""sabra@ssabra.com.br""]","[""01.040.134/0001-07""]","[""08665380""]","[""Rua Horácio Nelson Rondinelli n 537 Cidade Edson cep: 08665380, Suzano/SP""]",-23.5448,-46.3112,,,municipality,Suzano/SP,True
680,3545308,Salto de Pirapora,SALTO DE PIRAPORA,SP,GILBERTO CORDEIRO BARBOSA – GMANUT ELETROMECANICA,São Paulo SALTO DE PIRAPORA,"São Paulo SALTO DE PIRAPORA

GILBERTO CORDEIRO BARBOSA – GMANUT ELETROMECANICA

CNPJ: 23.590.312/0001-06

g.manuteletrica@gmail.com

15 99726-5880 GILBERTO

RUA IRMA CRAMER SANTOS, 14 – JD. ANA GUILHERME

CEP: 18160-000 SALTO DE PIRAPORA – SP",NORMAL,,"RUA IRMA CRAMER SANTOS, 14 – JD. ANA GUILHERME, Salto de Pirapora/SP",,18160-000,,"[""15 99726-5880""]","[""g.manuteletrica@gmail.com""]","[""23.590.312/0001-06""]","[""18160-000""]","[""RUA IRMA CRAMER SANTOS, 14 – JD. ANA GUILHERME, Salto de Pirapora/SP""]",-23.6474,-47.5743,,,municipality,Salto de Pirapora/SP,True
681,3545308,Salto de Pirapora,SALTO DE PIRAPORA,SP,Nome da empresa: WILSON SALES DO NASCIMENTO (WS USINAGEM),São Paulo SALTO DE PIRAPORA,"São Paulo SALTO DE PIRAPORA

Nome da empresa: WILSON SALES DO NASCIMENTO (WS USINAGEM)

CNPJ: 24.499.020/0001-17

Telefone: 15 996186878 WILSON

E-mail: wilsonsaales@gmail.com

End:",NORMAL,,,,,,"[""15 996186878""]","[""wilsonsaales@gmail.com""]","[""24.499.020/0001-17""]",[],[],-23.6474,-47.5743,,,municipality,Salto de Pirapora/SP,True
682,3545209,Salto,SALTO,SP,RCD COMERCIO DE PRODUTOS DE HIGIENE E LIMPEZA LTDA – RCD SOLUÇÕES PRODUTOS E MANTENÇÃO,SÃO PAULO SALTO (VERIFICAR SE FAZ ATENDIMENTO EM GARANTIA),"SÃO PAULO SALTO (VERIFICAR SE FAZ ATENDIMENTO EM GARANTIA)

RCD COMERCIO DE PRODUTOS DE HIGIENE E LIMPEZA LTDA – RCD SOLUÇÕES PRODUTOS E MANTENÇÃO

CNPJ: 24.492.976/0001-97

rcd.rodolfo@gmail.com

11 97536-0672

RUA PEROBA, 287 – SALA 293 – VILA FLORA

CEP: 13321-140 SALTO – SP",CONSULTAR_ANTES,VERIFICAR,"RUA PEROBA, 287 – SALA 293 – VILA FLORA, Salto/SP",,13321-140,,"[""11 97536-0672""]","[""rcd.rodolfo@gmail.com""]","[""24.492.976/0001-97""]","[""13321-140""]","[""RUA PEROBA, 287 – SALA 293 – VILA FLORA, Salto/SP""]",-23.1996,-47.2931,,,municipality,Salto/SP,True
683,3524303,Jaboticabal,JABOTICABAL,SP,Nome da empresa: ROBERTO ANTONIO DE PAULA MARTUCCI ME (MARGON – ASSISTÊNCIA TÉCNICA),São Paulo JABOTICABAL,"São Paulo JABOTICABAL

Nome da empresa: ROBERTO ANTONIO DE PAULA MARTUCCI ME (MARGON – ASSISTÊNCIA TÉCNICA)

CNPJ: 06.215.855/0001-16

Telefone: (16) 3202-1148

E-mail: margon.jab@terra.com.br

End: Rua Castro Alves, 697 – Centro – Jaboticabal/SP",NORMAL,,"Rua Castro Alves, 697 – Centro – Jaboticabal/SP",,,,"[""(16) 3202-1148""]","[""margon.jab@terra.com.br""]","[""06.215.855/0001-16""]",[],"[""Rua Castro Alves, 697 – Centro – Jaboticabal/SP""]",-21.252,-48.3252,,,municipality,Jaboticabal/SP,True
684,3537602,Peruíbe,PERUIBE,SP,Nome da empresa: PONTUAL BALANCAS DE PERUIBE EIRELI (PONTUAL AUTOMACAO),São Paulo PERUIBE,"São Paulo PERUIBE

Nome da empresa: PONTUAL BALANCAS DE PERUIBE EIRELI (PONTUAL AUTOMACAO)

CNPJ: 04.495.183/0001-14

Telefone:  13 34532481

E-mail: pontualinfo.vitoria@gmail.com

End: Av. PADRE ANCHIETA, 2501 - JARDIM RIBAMAR Peruíbe – SP",NORMAL,,"Av. PADRE ANCHIETA, 2501 - JARDIM RIBAMAR Peruíbe – SP",,,,"[""13 34532481""]","[""pontualinfo.vitoria@gmail.com""]","[""04.495.183/0001-14""]",[],"[""Av. PADRE ANCHIETA, 2501 - JARDIM RIBAMAR Peruíbe – SP""]",-24.312,-47.0012,,,municipality,Peruíbe/SP,True
685,3505500,Barretos,BARRETOS,SP,CLAUDECI GOMES (CLAUDECI ASSISTENCIA TECNICA),São Paulo BARRETOS,"São Paulo BARRETOS

CLAUDECI GOMES (CLAUDECI ASSISTENCIA TECNICA)

CNPJ: 38.428.567/0001-36

claudecigomess31@gmail.com / kenji_barretos@msn.com

TELEFONE: 17 98185-6571

AVENIDA 39, 722 – CENTRO

CEP: 14780-400",NORMAL,,"AVENIDA 39, 722 – CENTRO, Barretos/SP",,14780-400,,"[""17 98185-6571""]","[""claudecigomess31@gmail.com"",""kenji_barretos@msn.com""]","[""38.428.567/0001-36""]","[""14780-400""]","[""AVENIDA 39, 722 – CENTRO, Barretos/SP""]",-20.5531,-48.5698,,,municipality,Barretos/SP,True
686,3505500,Barretos,BARRETOS,SP,P.S.G - INDUSTRIA & COMERCIO LIMITADA (PLASTRIPEL),São Paulo BARRETOS,"São Paulo BARRETOS

P.S.G - INDUSTRIA & COMERCIO LIMITADA (PLASTRIPEL)

CNPJ: 30.038.366/0003-82

Telefone: 17 3321-6566 Adenilson

E-mail: adenilsonoliveira@plastipel.com.br

RUA 38, 0950 - Jardim Alvorada

CEP: 14780-580 BARRETOS -SP",NORMAL,,"RUA 38, 0950 - Jardim Alvorada, Barretos/SP",,14780-580,,"[""17 3321-6566""]","[""adenilsonoliveira@plastipel.com.br""]","[""30.038.366/0003-82""]","[""14780-580""]","[""RUA 38, 0950 - Jardim Alvorada, Barretos/SP""]",-20.5531,-48.5698,,,municipality,Barretos/SP,True
687,3505500,Barretos,BARRETOS,SP,Nome da empresa: HENRIQUE NOVAES DEBEUS - ME,São Paulo BARRETOS,"São Paulo BARRETOS

Nome da empresa: HENRIQUE NOVAES DEBEUS - ME

Telefone: (17) 33257349 (17) 997089635/981387676 HENRIQUE

E-mail: hfbalancas@bol.com.br

End: AV 5 N 421 CEP: 14780-230 Bairro: FORTALEZA",NORMAL,,"AV 5 N 421 CEP: 14780-230 Bairro: FORTALEZA, Barretos/SP",,14780-230,,"[""(17) 33257349"",""(17) 997089635"",""981387676""]","[""hfbalancas@bol.com.br""]",[],"[""14780-230""]","[""AV 5 N 421 CEP: 14780-230 Bairro: FORTALEZA, Barretos/SP""]",-20.5531,-48.5698,,,municipality,Barretos/SP,True
688,3506003,Bauru,BAURU,SP,Nome da empresa: C.A. LUCHETTI – ME (CONSERTEC BAURU),São Paulo BAURU,"São Paulo BAURU

Nome da empresa: C.A. LUCHETTI – ME (CONSERTEC BAURU)

CNPJ: 04.698.243/0001-04

Telefone: 14 32270331 OU 14 997935762 CLAUDIA

E-mail: consertecbauru@hotmail.com

End: R, André Padilha Sobrinho, n 2-12 Centro, Cep: 17015280",NORMAL,,"R, André Padilha Sobrinho, n 2-12 Centro, Cep: 17015280, Bauru/SP",,17015280,,"[""14 32270331"",""14 997935762""]","[""consertecbauru@hotmail.com""]","[""04.698.243/0001-04""]","[""17015280""]","[""R, André Padilha Sobrinho, n 2-12 Centro, Cep: 17015280, Bauru/SP""]",-22.3246,-49.0871,,,municipality,Bauru/SP,True
689,3506003,Bauru,BAURU,SP,LEANDRO FERREIRA DA SILVA 36788006881 (L&L MAQUINAS E BALANCAS),São Paulo BAURU,"São Paulo BAURU

LEANDRO FERREIRA DA SILVA 36788006881 (L&L MAQUINAS E BALANCAS)

CNPJ: 38.472.595/0001-50

llbalemaq@gmail.com

14 99681-6745 Luiz Carlos

RUA JOÃO FERNANDES SANCHES, 318 – JD FLORIDA

CEP: 17024-690 BAURU – SP",NORMAL,,"RUA JOÃO FERNANDES SANCHES, 318 – JD FLORIDA, Bauru/SP",,17024-690,,"[""14 99681-6745""]","[""llbalemaq@gmail.com""]","[""38.472.595/0001-50""]","[""17024-690""]","[""RUA JOÃO FERNANDES SANCHES, 318 – JD FLORIDA, Bauru/SP""]",-22.3246,-49.0871,,,municipality,Bauru/SP,True
690,3506003,Bauru,BAURU,SP,CETRO SOLUÇÕES EM EMBALAGENS LTDA,São Paulo BAURU,"São Paulo BAURU

CETRO SOLUÇÕES EM EMBALAGENS LTDA

CNPJ: 15.287.545/0001-06

lucasgv@cetro.com.br

14 3161-7200 / 14 99715-2907 LUCAS

RUA NEWTON PRADO, 8-30 – JD. ANA LUCIA

CEP: 17052-080 BAURU – SP",NORMAL,,"RUA NEWTON PRADO, 8-30 – JD. ANA LUCIA, Bauru/SP",,17052-080,,"[""14 3161-7200"",""14 99715-2907""]","[""lucasgv@cetro.com.br""]","[""15.287.545/0001-06""]","[""17052-080""]","[""RUA NEWTON PRADO, 8-30 – JD. ANA LUCIA, Bauru/SP""]",-22.3246,-49.0871,,,municipality,Bauru/SP,True
691,3500501,Águas de Lindóia,AGUAS DE LINDOIA,SP,THERMAL TECNOLOGIAS LTDA,São Paulo AGUAS DE LINDOIA,"São Paulo AGUAS DE LINDOIA

THERMAL TECNOLOGIAS LTDA

CNPJ: 22.536.020/0001-14

contato@thermaltecnologias.com.br

19 97170-6905 BRUNA / 19 99764-1500 ROGERIO TÉCNICO

AVENIDA MONTE SIÃO, 580 LJ 44 – BELA VISTA",NORMAL,,"AVENIDA MONTE SIÃO, 580 LJ 44 – BELA VISTA, Águas de Lindóia/SP",,,,"[""19 97170-6905"",""19 99764-1500""]","[""contato@thermaltecnologias.com.br""]","[""22.536.020/0001-14""]",[],"[""AVENIDA MONTE SIÃO, 580 LJ 44 – BELA VISTA, Águas de Lindóia/SP""]",-22.4733,-46.6314,,,municipality,Águas de Lindóia/SP,True
692,3522604,Itapira,ITAPIRA,SP,Nome da empresa: JOSE EMILIO PIRES BUENO-ME (NEW MAQ),São Paulo ITAPIRA,"São Paulo ITAPIRA

Nome da empresa: JOSE EMILIO PIRES BUENO-ME (NEW MAQ)

CNPJ: 00.657.183/0001-12

Telefone:  19 3863-4381 OU 19 99601-6164 LUAN

E-mail: newmaqadm@gmail.com

End: Av dos Italianos n 428 centro CEP: 13970080",NORMAL,,"Av dos Italianos n 428 centro CEP: 13970080, Itapira/SP",,13970080,,"[""19 3863-4381"",""19 99601-6164""]","[""newmaqadm@gmail.com""]","[""00.657.183/0001-12""]","[""13970080""]","[""Av dos Italianos n 428 centro CEP: 13970080, Itapira/SP""]",-22.4357,-46.8224,,,municipality,Itapira/SP,True
693,3522307,Itapetininga,ITAPETININGA,SP,Nome da empresa: M REFRIGERACAO LTDA – ME,São Paulo ITAPETININGA ++++ não atende mais,"São Paulo ITAPETININGA ++++ não atende mais

Nome da empresa: M REFRIGERACAO LTDA – ME

Telefone:  (15) 997265058 (15)  974014363 MARCELO

E-mail: marceloasstecnica@yahoo.com.br

End: R. Maria Celia n 75- Jardim Leonel cep:18209380",NORMAL,,"R. Maria Celia n 75- Jardim Leonel cep:18209380, Itapetininga/SP",,18209380,,"[""(15) 997265058"",""(15) 974014363""]","[""marceloasstecnica@yahoo.com.br""]",[],"[""18209380""]","[""R. Maria Celia n 75- Jardim Leonel cep:18209380, Itapetininga/SP""]",-23.5886,-48.0483,,,municipality,Itapetininga/SP,True
694,3522307,Itapetininga,ITAPETININGA,SP,19.431.838 KELLY REGINA MARTINS DE ALMEIDA – ITAPE BALANCA,São Paulo ITAPETININGA,"São Paulo ITAPETININGA

19.431.838 KELLY REGINA MARTINS DE ALMEIDA – ITAPE BALANCA

CNPJ: 19.431.838/0001-68

itapebalanca@gmail.com

15 99759-2494 CESAR

RUA CRISTINA, 10 – JD. LEONEL

CEP: 18209-470 ITAPETININGA-SP",NORMAL,,"RUA CRISTINA, 10 – JD. LEONEL, Itapetininga/SP",,18209-470,,"[""15 99759-2494""]","[""itapebalanca@gmail.com""]","[""19.431.838/0001-68""]","[""18209-470""]","[""RUA CRISTINA, 10 – JD. LEONEL, Itapetininga/SP""]",-23.5886,-48.0483,,,municipality,Itapetininga/SP,True
695,3522307,Itapetininga,ITAPETININGA,SP,A D G CORREA MANUTENCAO – DRIMAQ,São Paulo ITAPETININGA,"São Paulo ITAPETININGA

A D G CORREA MANUTENCAO – DRIMAQ

CNPJ: 31.802.920/0001-57

drimaq.assistec@gmail.com

15 99749-5928 ADRIANO

RUA TELMA, 75 – JD. LEONEL

CEP: 18209-440 – ITAPETININGA - SP",NORMAL,,"RUA TELMA, 75 – JD. LEONEL, Itapetininga/SP",,18209-440,,"[""15 99749-5928""]","[""drimaq.assistec@gmail.com""]","[""31.802.920/0001-57""]","[""18209-440""]","[""RUA TELMA, 75 – JD. LEONEL, Itapetininga/SP""]",-23.5886,-48.0483,,,municipality,Itapetininga/SP,True
696,3522307,Itapetininga,ITAPETININGA,SP,"End: Av. Joaquim Fogaça de Almeida Neto, 1101 - Jardim Fogaca, Itapetininga - SP, 18202-220","| São Paulo ITAPETININGA |
| --- |
| Nome da empresa: JOAO ROBERTO MENDES ITAPETININGA ME (GELADOS REFRIGERACAO) |","| São Paulo ITAPETININGA |
| --- |
| Nome da empresa: JOAO ROBERTO MENDES ITAPETININGA ME (GELADOS REFRIGERACAO) |

Telefone: 15 32733809/ 15 35271060 / 15 99295955/ 15 997840638 JOÃO

E-mail: geladosrefrigeracao@hotmail.com

End: Av. Joaquim Fogaça de Almeida Neto, 1101 - Jardim Fogaca, Itapetininga - SP, 18202-220",NORMAL,,"Av. Joaquim Fogaça de Almeida Neto, 1101 - Jardim Fogaca, Itapetininga - SP, 18202-220",,18202-220,,"[""15 32733809"",""15 35271060"",""15 99295955"",""15 997840638""]","[""geladosrefrigeracao@hotmail.com""]",[],"[""18202-220""]","[""Av. Joaquim Fogaça de Almeida Neto, 1101 - Jardim Fogaca, Itapetininga - SP, 18202-220""]",-23.5886,-48.0483,,,municipality,Itapetininga/SP,True
697,3537909,Pilar do Sul,PILAR DO SUL,SP,MARCOS ANTONIO LOUREIRO DE CARVALHO 10344026841 – OFICINA SÃO DIMAS,SÃO PAULO PILAR DO SUL,"SÃO PAULO PILAR DO SUL

MARCOS ANTONIO LOUREIRO DE CARVALHO 10344026841 – OFICINA SÃO DIMAS

CNPJ: 17.139.720/0001-35

contato@5denovembro.com.br (ESCRITORIO DE CONTABILIDADE)

marcioadm23@hotmail.com

15 3278-1237 / 15 99747-3587 MARCOS

RUA AMERICO BRASILIENSE, 240 – CENTRO

CEP: 18185-000 PILAR DO SUL – SP",NORMAL,,"RUA AMERICO BRASILIENSE, 240 – CENTRO, Pilar do Sul/SP",,18185-000,,"[""15 3278-1237"",""15 99747-3587""]","[""contato@5denovembro.com.br"",""marcioadm23@hotmail.com""]","[""17.139.720/0001-35""]","[""18185-000""]","[""RUA AMERICO BRASILIENSE, 240 – CENTRO, Pilar do Sul/SP""]",-23.8077,-47.7222,,,municipality,Pilar do Sul/SP,True
698,3531308,Monte Alto,MONTE ALTO,SP,Nome da empresa: LUANY MARCONNI DA SILVA 34705321847(CARRIERE & CARRIERE),São Paulo MONTE ALTO,"São Paulo MONTE ALTO

Nome da empresa: LUANY MARCONNI DA SILVA 34705321847(CARRIERE & CARRIERE)

CNPJ: 24.005.912/0001-14

Telefone: 16 99794-3808 Hemerson

E-mail: hemersoncarriere@hotmail.com

End: casa /oficina - R. Henrique Damato, n 2090 - Conj Habit Bandeirantes, Monte Alto - SP, cep: 15910-000",NORMAL,,"casa /oficina - R. Henrique Damato, n 2090 - Conj Habit Bandeirantes, Monte Alto - SP, cep: 15910-000",,15910-000,,"[""16 99794-3808""]","[""hemersoncarriere@hotmail.com""]","[""24.005.912/0001-14""]","[""15910-000""]","[""casa /oficina - R. Henrique Damato, n 2090 - Conj Habit Bandeirantes, Monte Alto - SP, cep: 15910-000""]",-21.2655,-48.4971,,,municipality,Monte Alto/SP,True
699,3547601,Santa Rosa de Viterbo,SANTA ROSA DE VITERBO,SP,WILIAN RONI FERREIRA 34417442843 – WR.INSTALACOES,SÃO PAULO SANTA ROSA DE VITERBO,"SÃO PAULO SANTA ROSA DE VITERBO

WILIAN RONI FERREIRA 34417442843 – WR.INSTALACOES

CNPJ: 37.867.459/0001-05

wr.instalacoesmanut@gmail.com

16 99281-7482 WILIAN

16 99325-0149

RUA SALVADOR SIQUEIRA, 67 – JD. ALTO DA BOA VISTA

CEP: 14270-000 SANTA ROSA DE VITERBO – SP",NORMAL,,"RUA SALVADOR SIQUEIRA, 67 – JD. ALTO DA BOA VISTA, Santa Rosa de Viterbo/SP",,14270-000,,"[""16 99281-7482"",""16 99325-0149""]","[""wr.instalacoesmanut@gmail.com""]","[""37.867.459/0001-05""]","[""14270-000""]","[""RUA SALVADOR SIQUEIRA, 67 – JD. ALTO DA BOA VISTA, Santa Rosa de Viterbo/SP""]",-21.4776,-47.3622,,,municipality,Santa Rosa de Viterbo/SP,True
700,3530508,Mococa,MOCOCA,SP,Nome da empresa: COM. DE MAT. ELETRICOS ULISSES & ROGERIA LTDA-ME (ELETRO ULISSES),São Paulo MOCOCA,"São Paulo MOCOCA

Nome da empresa: COM. DE MAT. ELETRICOS ULISSES & ROGERIA LTDA-ME (ELETRO ULISSES)

Telefone: 19 992611715 ULISSES

E-mail: eletroulisses@hotmail.com

End: ** **R. Leonardo Prícoli Sobrinho, 462 - Jardim Central Pricoli, Mococa - SP, CEP:13736-563",NORMAL,,"** **R. Leonardo Prícoli Sobrinho, 462 - Jardim Central Pricoli, Mococa - SP, CEP:13736-563",,13736-563,,"[""19 992611715""]","[""eletroulisses@hotmail.com""]",[],"[""13736-563""]","[""** **R. Leonardo Prícoli Sobrinho, 462 - Jardim Central Pricoli, Mococa - SP, CEP:13736-563""]",-21.4647,-47.0024,,,municipality,Mococa/SP,True
701,3522208,Itapecerica da Serra,ITAPECERICA DA SERRA,SP,NILTON NERI NOVATO – ELETROMAQ,São Paulo ITAPECERICA DA SERRA,"São Paulo ITAPECERICA DA SERRA

NILTON NERI NOVATO – ELETROMAQ

CNPJ: 05.847.410/0001-96

11 4666-2465 / 98642-2264 NILTON

eletromaq_nilton@hotmail.com

RUA ANGOLA, 1771 - PARQUE PARAISO

CEP: 06852-540 ITAPECERICA DA SERRA - SP",NORMAL,,"RUA ANGOLA, 1771 - PARQUE PARAISO, Itapecerica da Serra/SP",,06852-540,,"[""11 4666-2465"",""98642-2264""]","[""eletromaq_nilton@hotmail.com""]","[""05.847.410/0001-96""]","[""06852-540""]","[""RUA ANGOLA, 1771 - PARQUE PARAISO, Itapecerica da Serra/SP""]",-23.7161,-46.8572,,,municipality,Itapecerica da Serra/SP,True
702,3550605,São Roque,SAO ROQUE,SP,Nome da empresa: COM. BAL. SAO ROQUE LTDA. (BALANÇA SÃO ROQUE),São Paulo SÃO ROQUE,"São Paulo SÃO ROQUE

Nome da empresa: COM. BAL. SAO ROQUE LTDA. (BALANÇA SÃO ROQUE)

Telefone: 11 47125575 / 11 47128875

E-mail: balancasaoroque@uol.com.br

End: Rua Santa Cruz n 221 Vila Santa Isabel",NORMAL,,"Rua Santa Cruz n 221 Vila Santa Isabel, São Roque/SP",,,,"[""11 47125575"",""11 47128875""]","[""balancasaoroque@uol.com.br""]",[],[],"[""Rua Santa Cruz n 221 Vila Santa Isabel, São Roque/SP""]",-23.5226,-47.1357,,,municipality,São Roque/SP,True
703,3538808,Piraju,PIRAJU,SP,MENEGUELLA & CAMARGO LTDA – CASA NOSSA SENHORA APARECIDA,São Paulo PIRAJU,"São Paulo PIRAJU

MENEGUELLA & CAMARGO LTDA – CASA NOSSA SENHORA APARECIDA

CNPJ: 18.548.272/0001-96

meneguellacamargo.dec@gmail.com

14 99820-1525 SILVANA / 14 3351-1679

AV. HUMBERTO MARTIGNONI, 194 – CENTRO

CEP: 18803-072 PIRAJU – SP

SÃO PAUO BERNARDINO DE CAMPOS

14 99750-3967 Paulo Ramos NÃO TEM EMPRESA ABERTA PARA MANUTENÇÃO

SERVIÇO SEM NOTA FISCAL",NORMAL,,"AV. HUMBERTO MARTIGNONI, 194 – CENTRO, Piraju/SP",,18803-072,,"[""14 99820-1525"",""14 3351-1679"",""14 99750-3967""]","[""meneguellacamargo.dec@gmail.com""]","[""18.548.272/0001-96""]","[""18803-072""]","[""AV. HUMBERTO MARTIGNONI, 194 – CENTRO, Piraju/SP""]",-23.1981,-49.3803,,,municipality,Piraju/SP,True
704,3534708,Ourinhos,OURINHOS,SP,42.528.155 JANAINA DE ASSIS – REFORMAQ,São Paulo OURINHOS,"São Paulo OURINHOS

42.528.155 JANAINA DE ASSIS – REFORMAQ

CNPJ: 42.528.155/0001-45

reformaqourinhos@gmail.com

14 99761-0621 ISRAEL

14 99617-0942 DIEGO

RUA LUIZ DE CARVALHO, 128 – JD ANCHIETA

CEP: 19915-260 OURINHOS – SP",NORMAL,,"RUA LUIZ DE CARVALHO, 128 – JD ANCHIETA, Ourinhos/SP",,19915-260,,"[""14 99761-0621"",""14 99617-0942""]","[""reformaqourinhos@gmail.com""]","[""42.528.155/0001-45""]","[""19915-260""]","[""RUA LUIZ DE CARVALHO, 128 – JD ANCHIETA, Ourinhos/SP""]",-22.9797,-49.8697,,,municipality,Ourinhos/SP,True
705,3534708,Ourinhos,OURINHOS,SP,52.413.046 IZALINA APARECIDA LUIZ BARBOSA,São Paulo OURINHOS,"São Paulo OURINHOS

52.413.046 IZALINA APARECIDA LUIZ BARBOSA

CNPJ: 52.413.046/0001-36

israel_barbosa@outlook.com

14 99761-0621 ISRAEL

RUA LUIZ DE CARVALHO, 128 - JD ANCHIETA

CEP: 19915-260 OURINHOS – SP",NORMAL,,"RUA LUIZ DE CARVALHO, 128 - JD ANCHIETA, Ourinhos/SP",,19915-260,,"[""14 99761-0621""]","[""israel_barbosa@outlook.com""]","[""52.413.046/0001-36""]","[""19915-260""]","[""RUA LUIZ DE CARVALHO, 128 - JD ANCHIETA, Ourinhos/SP""]",-22.9797,-49.8697,,,municipality,Ourinhos/SP,True
706,3534708,Ourinhos,OURINHOS,SP,QUALITEC USINAGEM E AFIACAO DE FERRAMENTAS LTDA,São Paulo OURINHOS,"São Paulo OURINHOS

QUALITEC USINAGEM E AFIACAO DE FERRAMENTAS LTDA

CNPJ: 30.590.738/0001-17

qualitec.ourinhos@outlook.com

14 99176-8631 REGINALDO

RUA AMAZONAS, 711 – VILA CHRISTONI

CEP: 19911-710 OURINHOS - SP",NORMAL,,"RUA AMAZONAS, 711 – VILA CHRISTONI, Ourinhos/SP",,19911-710,,"[""14 99176-8631""]","[""qualitec.ourinhos@outlook.com""]","[""30.590.738/0001-17""]","[""19911-710""]","[""RUA AMAZONAS, 711 – VILA CHRISTONI, Ourinhos/SP""]",-22.9797,-49.8697,,,municipality,Ourinhos/SP,True
707,3534708,Ourinhos,OURINHOS,SP,Nome da empresa: JOSAPHAT RODRIGUES DA SILVA JUNIOR (SERRALHEIRIA J M),São Paulo OURINHOS,"São Paulo OURINHOS

Nome da empresa: JOSAPHAT RODRIGUES DA SILVA JUNIOR (SERRALHEIRIA J M)

Telefone: 14  997592625 JOSÉ

E-mail: jbdasilvaserragens@hotmail.com

End: R. Isídia Sebastiana de Araújo, 107 - DISTRITO INDUSTRIAL LUIS HENRIQUE FERNANDES, Ourinhos - SP, Cep:19910-144",NORMAL,,"R. Isídia Sebastiana de Araújo, 107 - DISTRITO INDUSTRIAL LUIS HENRIQUE FERNANDES, Ourinhos - SP, Cep:19910-144",,19910-144,,"[""14 997592625""]","[""jbdasilvaserragens@hotmail.com""]",[],"[""19910-144""]","[""R. Isídia Sebastiana de Araújo, 107 - DISTRITO INDUSTRIAL LUIS HENRIQUE FERNANDES, Ourinhos - SP, Cep:19910-144""]",-22.9797,-49.8697,,,municipality,Ourinhos/SP,True
708,3534708,Ourinhos,OURINHOS,SP,Nome da empresa: TIAGO DE ALMEIDA FERREIRA (RMC SOLDAS),São Paulo OURINHOS,"São Paulo OURINHOS

Nome da empresa: TIAGO DE ALMEIDA FERREIRA (RMC SOLDAS)

Telefone:14 33261065 / 14 99798-8957

E-mail: rmc.btv@gmail.com

End: AVENIDA JACINTO SÁ, 1985 – VILA SÂNDAMO, Ourinhos - SP, cep: 19914-080",NORMAL,,"AVENIDA JACINTO SÁ, 1985 – VILA SÂNDAMO, Ourinhos - SP, cep: 19914-080",,19914-080,,"[""14 33261065"",""14 99798-8957""]","[""rmc.btv@gmail.com""]",[],"[""19914-080""]","[""AVENIDA JACINTO SÁ, 1985 – VILA SÂNDAMO, Ourinhos - SP, cep: 19914-080""]",-22.9797,-49.8697,,,municipality,Ourinhos/SP,True
709,3530607,Mogi das Cruzes,MOGI DAS CRUZES,SP,ATSAN COMERCIO E SERVIÇOS LTDA – ATSAN COZINHAS,São Paulo MOGI DAS CRUZES,"São Paulo MOGI DAS CRUZES

ATSAN COMERCIO E SERVIÇOS LTDA – ATSAN COZINHAS

CNPJ: 23.492.152/0001-54

Telefone: 11 2786-6620 / 4727-6899 / 11 94752-0859

E-mail: eliezer@atsan.com.br

CEP: 08735-600 Rua Antonio Moretti, 356 – VILA BERNADOTTI",NORMAL,,,,08735-600,,"[""11 2786-6620"",""4727-6899"",""11 94752-0859""]","[""eliezer@atsan.com.br""]","[""23.492.152/0001-54""]","[""08735-600""]",[],-23.5208,-46.1854,,,municipality,Mogi das Cruzes/SP,True
710,3513009,Cotia,COTIA,SP,Nome da empresa: FRED AP. ALVES DOS SANTOS (FREDTEC MANUTENCAO DE BALANCAS),São Paulo COTIA,"São Paulo COTIA

Nome da empresa: FRED AP. ALVES DOS SANTOS (FREDTEC MANUTENCAO DE BALANCAS)

CNPJ: 11.328.758/0001-70

E-mail: comercial@fredtec.com.br

Telefone: 11 46145637 / 11 944867514

End: AV PROFESSOR JOAQUIM BARRETO n 356, Cep: 06700-170 Centro",NORMAL,,"AV PROFESSOR JOAQUIM BARRETO n 356, Cep: 06700-170 Centro, Cotia/SP",,06700-170,,"[""11 46145637"",""11 944867514""]","[""comercial@fredtec.com.br""]","[""11.328.758/0001-70""]","[""06700-170""]","[""AV PROFESSOR JOAQUIM BARRETO n 356, Cep: 06700-170 Centro, Cotia/SP""]",-23.6022,-46.919,,,municipality,Cotia/SP,True
711,3513009,Cotia,COTIA,SP,"FREDTEC PECAS, MAQUINAS E ACESSORIOS LTDA",São Paulo COTIA,"São Paulo COTIA

FREDTEC PECAS, MAQUINAS E ACESSORIOS LTDA

CNPJ: 43.307.199/0001-08

nfe.boleto.fredtec@gmail.com / comercial@fredtec.com.br

11 4614-5637 / 11 94486-7514

AV PROF. JOAQUIM BARRETO, 356 – CENTRO

CEP: 06700-170 COTIA - SP

MARIA ISABEL MARINS BUTGNOLI SEGALA-ME (ZILOGAS)

CRISTINA/JR. CARLOS

(14) 3882-0400 / 14 98121-9523

AVENIDA MARECHAL FLORIANO PEIXOTO, 517 B - CENTRO, BOTUCATU, SÃO PAULO, 18603-730, BRASIL

SOLUMETRIC SERVICOS ELETRICOS ELETRONICOS LTDA – ME

LUIZ ALBERTO

(14) 3354-8444/(11) 99999-0360

RUA DOUTOR MARIO SOARES, 643 - JARDIM BOM PASTOR, BOTUCATU, SÃO PAULO, 18603-450, BRASIL",NORMAL,,"AV PROF. JOAQUIM BARRETO, 356 – CENTRO, Cotia/SP",,06700-170,,"[""11 4614-5637"",""11 94486-7514"",""(14) 3882-0400"",""14 98121-9523"",""(14) 3354-8444"",""(11) 99999-0360""]","[""nfe.boleto.fredtec@gmail.com"",""comercial@fredtec.com.br""]","[""43.307.199/0001-08""]","[""06700-170"",""18603-730"",""18603-450""]","[""AV PROF. JOAQUIM BARRETO, 356 – CENTRO, Cotia/SP"",""AVENIDA MARECHAL FLORIANO PEIXOTO, 517 B - CENTRO, BOTUCATU, SÃO PAULO, 18603-730, BRASIL, Cotia/SP"",""RUA DOUTOR MARIO SOARES, 643 - JARDIM BOM PASTOR, BOTUCATU, SÃO PAULO, 18603-450, BRASIL, Cotia/SP""]",-23.6022,-46.919,,,municipality,Cotia/SP,True
712,3507506,Botucatu,BOTUCATU,SP,Nome da empresa: MARIA CECILIA DE OLIVEIRA E CIA LTDA (MANUTENCAO OLIVEIRA),São Paulo BOTUCATU,"São Paulo BOTUCATU

Nome da empresa: MARIA CECILIA DE OLIVEIRA E CIA LTDA (MANUTENCAO OLIVEIRA)

CNPJ: 00.314.477/0001-41

Telefone:14 3881-3016 / 14 99893-8961 JOSÉ EDUARDO

E-mail: manutencao.oliveiraoliveira@gmail.com

End: R, Dr. Guimarães n128 Vila Casa Branca, Botucatu- SP cep :18608336

**Botucatu    **

J.C. Santos Balanças

(14)3815-8683

jardim Palos Verdes

Botucatu

SP

(X)MECÂNICA (X)ELETRÔNICA",NORMAL,,"R, Dr. Guimarães n128 Vila Casa Branca, Botucatu- SP cep :18608336",,18608336,,"[""14 3881-3016"",""14 99893-8961"",""(14)3815-8683""]","[""manutencao.oliveiraoliveira@gmail.com""]","[""00.314.477/0001-41""]","[""18608336""]","[""R, Dr. Guimarães n128 Vila Casa Branca, Botucatu- SP cep :18608336""]",-22.8837,-48.4437,,,municipality,Botucatu/SP,True
713,3518800,Guarulhos,GUARULHOS,SP,Nome da empresa: ADANTEC COM. E ASSIST. TECNICA LTDA – ME,São Paulo GUARULHOS,"São Paulo GUARULHOS

Nome da empresa: ADANTEC COM. E ASSIST. TECNICA LTDA – ME

CNPJ: 52.558.418/0001-12

Telefone:( 11) 24402684 OU (11)94259-6121 / (11) 24087192

E-mail: adantec_adantec@uol.com.bR",NORMAL,,,,,,"[""11) 24402684"",""(11)94259-6121"",""(11) 24087192""]","[""adantec_adantec@uol.com.bR""]","[""52.558.418/0001-12""]",[],[],-23.4538,-46.5333,,,municipality,Guarulhos/SP,True
714,3518800,Guarulhos,GUARULHOS,SP,TÉCNICO MARCELO: 11 98738-9614,"End: R. Quinze de Novembro, 66 - Centro, Guarulhos - SP, 07011-030","End: R. Quinze de Novembro, 66 - Centro, Guarulhos - SP, 07011-030

TÉCNICO MARCELO: 11 98738-9614",NORMAL,,"R. Quinze de Novembro, 66 - Centro, Guarulhos - SP, 07011-030",,07011-030,,"[""11 98738-9614""]",[],[],"[""07011-030""]","[""R. Quinze de Novembro, 66 - Centro, Guarulhos - SP, 07011-030""]",-23.4538,-46.5333,,,municipality,Guarulhos/SP,True
715,3518800,Guarulhos,GUARULHOS,SP,Tecnomaq Assistência Técnica de Equipamentos LTDA,SÃO PAULO GUARULHOS,"SÃO PAULO GUARULHOS

Tecnomaq Assistência Técnica de Equipamentos LTDA

CNPJ: 51.266.755/0001-73

E-mail: adm@tecnomaqassistencia.com.br

Contato: (11) 96846-8240/ 98851-3939

Endereço: Rua Passagem Projetada 53 - Gopouva

CEP: 07092-035 Guarulhos - SP

Site: www.tecnomaqassistencia.com.br",NORMAL,,"Rua Passagem Projetada 53 - Gopouva, Guarulhos/SP",,07092-035,,"[""(11) 96846-8240"",""98851-3939""]","[""adm@tecnomaqassistencia.com.br""]","[""51.266.755/0001-73""]","[""07092-035""]","[""Rua Passagem Projetada 53 - Gopouva, Guarulhos/SP""]",-23.4538,-46.5333,,,municipality,Guarulhos/SP,True
716,3518800,Guarulhos,GUARULHOS,SP,Nome da empresa: R A BALANCAS LTDA.-ME,São Paulo GUARULHOS,"São Paulo GUARULHOS

Nome da empresa: R A BALANCAS LTDA.-ME

Telefone: 11 24525620 ANA

E-mail: ra.astec@terra.com.br ou ra.balanca@gmail.com

End: Av Dr.Timotio Penteado n 3001 , Vila Harmonia cep :0706100",NORMAL,,"Av Dr.Timotio Penteado n 3001 , Vila Harmonia cep :0706100, Guarulhos/SP",,,,"[""11 24525620""]","[""ra.astec@terra.com.br"",""ra.balanca@gmail.com""]",[],[],"[""Av Dr.Timotio Penteado n 3001 , Vila Harmonia cep :0706100, Guarulhos/SP""]",-23.4538,-46.5333,,,municipality,Guarulhos/SP,True
717,3518800,Guarulhos,GUARULHOS,SP,Nome da empresa: G DA S GUIMARAES MANUT. DE MAQ. – ME,São Paulo GUARULHOS,"São Paulo GUARULHOS

Nome da empresa: G DA S GUIMARAES MANUT. DE MAQ. – ME

Telefone:11 98778-3725 GILMAR

E-mail: gsbalancas@hotmail.com

End: Rua Nova América da Colina n381, Tabuão",NORMAL,,"Rua Nova América da Colina n381, Tabuão, Guarulhos/SP",,,,"[""11 98778-3725""]","[""gsbalancas@hotmail.com""]",[],[],"[""Rua Nova América da Colina n381, Tabuão, Guarulhos/SP""]",-23.4538,-46.5333,,,municipality,Guarulhos/SP,True
718,3518800,Guarulhos,GUARULHOS,SP,GUARUTEC BALANCAS LTDA. ME,São Paulo GUARULHOS,"São Paulo GUARULHOS

GUARUTEC BALANCAS LTDA. ME

(11) 24556028 / 4965-0152 / 94796-9022 / 94627-2719

orcamento@guarutecbalancas.com.br

Rua Manoel de Abreu N° 355 Jd. Paulista",NORMAL,,"Rua Manoel de Abreu N° 355 Jd. Paulista, Guarulhos/SP",,,,"[""(11) 24556028"",""4965-0152"",""94796-9022"",""94627-2719""]","[""orcamento@guarutecbalancas.com.br""]",[],[],"[""Rua Manoel de Abreu N° 355 Jd. Paulista, Guarulhos/SP""]",-23.4538,-46.5333,,,municipality,Guarulhos/SP,True
719,3530706,Mogi Guaçu,MOGI GUACU,SP,Nome da empresa: ICARO COM E ASSIST TECN BAL LT,São Paulo MOGI-GUAÇU,"São Paulo MOGI-GUAÇU

Nome da empresa: ICARO COM E ASSIST TECN BAL LT

Telefone:19 38414103 / 19 96597003

E-mail: icatec2@hotmail.com

End: Rua Orlando Correa Da Fonseca, 118, Jardim Novo I Mogi Guaçu/SP - CEP: 13847-239",NORMAL,,"Rua Orlando Correa Da Fonseca, 118, Jardim Novo I Mogi Guaçu/SP - CEP: 13847-239",,13847-239,,"[""19 38414103"",""19 96597003""]","[""icatec2@hotmail.com""]",[],"[""13847-239""]","[""Rua Orlando Correa Da Fonseca, 118, Jardim Novo I Mogi Guaçu/SP - CEP: 13847-239""]",-22.3675,-46.9428,,,municipality,Mogi Guaçu/SP,True
720,3522703,Itápolis,ITAPOLIS,SP,AGNALDO A RIBEIRO MATERIAIS ELETRICOS LTDA – ELETRICA RIBEIRO,São Paulo ITÁPOLIS,"São Paulo ITÁPOLIS

AGNALDO A RIBEIRO MATERIAIS ELETRICOS LTDA – ELETRICA RIBEIRO

CNPJ: 03.190.000/0001-90

Telefone:16 32622435 / 16 99714-9266 AGNALDO

E-mail: eletricaribeiro@hotmail.com

AV Sete de Setembro, 1640 - Jardim Vitoria

CEP: 14900-063 ITAPOLIS – SP",NORMAL,,"AV Sete de Setembro, 1640 - Jardim Vitoria, Itápolis/SP",,14900-063,,"[""16 32622435"",""16 99714-9266""]","[""eletricaribeiro@hotmail.com""]","[""03.190.000/0001-90""]","[""14900-063""]","[""AV Sete de Setembro, 1640 - Jardim Vitoria, Itápolis/SP""]",-21.5942,-48.8149,,,municipality,Itápolis/SP,True
721,3511607,Cesário Lange,CESARIO LANGE,SP,32.541.797 WALKER DOS SANTOS LIMA – WALTEC CLIMA,SÃO PAULO CESÁRIO LANGE,"SÃO PAULO CESÁRIO LANGE

32.541.797 WALKER DOS SANTOS LIMA – WALTEC CLIMA

CNPJ: 32.541.797/0001-20

walteclima.orcamentos@gmail.com

15 99177-7121 WALKER

RUA JURANDIR RICCI, 2104 – VILA CRUZEIRO

CEP: 18285-000 CESARIO LANGE – SP",NORMAL,,"RUA JURANDIR RICCI, 2104 – VILA CRUZEIRO, Cesário Lange/SP",,18285-000,,"[""15 99177-7121""]","[""walteclima.orcamentos@gmail.com""]","[""32.541.797/0001-20""]","[""18285-000""]","[""RUA JURANDIR RICCI, 2104 – VILA CRUZEIRO, Cesário Lange/SP""]",-23.226,-47.9545,,,municipality,Cesário Lange/SP,True
722,3554003,Tatuí,TATUI,SP,Nome da empresa: MARCOS ROGERIO SODRE GOMES (MARK LUK),São Paulo TATUÍ,"São Paulo TATUÍ

Nome da empresa: MARCOS ROGERIO SODRE GOMES (MARK LUK)

CNPJ: 21.646.993/0001-43

Telefone: 15 99677-6634 LUCINEIA 15 99859-0216

E-mail: assistencia@markluk.com.br",NORMAL,,,,,,"[""15 99677-6634"",""15 99859-0216""]","[""assistencia@markluk.com.br""]","[""21.646.993/0001-43""]",[],[],-23.3487,-47.8461,,,municipality,Tatuí/SP,True
723,3548807,São Caetano do Sul,SAO CAETANO DO SUL,SP,Nome da empresa: M T M BAL. COM. TEC. LTDA- EPP (M T M BALANÇAS),São Paulo SÃO CAETANO DO SUL,"São Paulo SÃO CAETANO DO SUL

Nome da empresa: M T M BAL. COM. TEC. LTDA- EPP (M T M BALANÇAS)

CNPJ: 00.613.543/0001-84

Telefone:11 42281564 ANA / NATALIA

E-mail: mtmbalancas@hotmail.com

End: R. São Paulo, 411 - Cerâmica, São Caetano do Sul - SP,cep: 09530-210",NORMAL,,"R. São Paulo, 411 - Cerâmica, São Caetano do Sul - SP,cep: 09530-210",,09530-210,,"[""11 42281564""]","[""mtmbalancas@hotmail.com""]","[""00.613.543/0001-84""]","[""09530-210""]","[""R. São Paulo, 411 - Cerâmica, São Caetano do Sul - SP,cep: 09530-210""]",-23.6229,-46.5548,,,municipality,São Caetano do Sul/SP,True
724,3509502,Campinas,CAMPINAS,SP,J.M. DOS SANTOS MANUTENCAO E COMERCIO DE MAQUINAS – AOFICINA DAS MAKINAS,São Paulo CAMPINAS,"São Paulo CAMPINAS

J.M. DOS SANTOS MANUTENCAO E COMERCIO DE MAQUINAS – AOFICINA DAS MAKINAS

CNPJ: 52.546.677/0001-23

aoficinacme@gmail.com / aoficinadasmaquinas23@gmail.com

19 3272-8805 FIXO / 19 3272-0215 WHATSAPP JULIA

RUA JOAO GUIMARAES BAHIA, 492 – PQ INDUSTRIAL

CEP: 13031-402 CAMPINAS – SP",NORMAL,,"RUA JOAO GUIMARAES BAHIA, 492 – PQ INDUSTRIAL, Campinas/SP",,13031-402,,"[""19 3272-8805"",""19 3272-0215""]","[""aoficinacme@gmail.com"",""aoficinadasmaquinas23@gmail.com""]","[""52.546.677/0001-23""]","[""13031-402""]","[""RUA JOAO GUIMARAES BAHIA, 492 – PQ INDUSTRIAL, Campinas/SP""]",-22.9053,-47.0659,,,municipality,Campinas/SP,True
725,3509502,Campinas,CAMPINAS,SP,GONCALVES & VALVERDE MANUT. DE MAQ. EQUIP. LTDA (CAMP EQUIPAMENTOS),São Paulo CAMPINAS,"São Paulo CAMPINAS

GONCALVES & VALVERDE MANUT. DE MAQ. EQUIP. LTDA (CAMP EQUIPAMENTOS)

CNPJ: 27.344.378/0001-69

Telefone: 19 98972-8140/ 19 3768-2421 LINIKE

campmaqcampinas@gmail.com

RUA José Antônio Fernandes Olmos, 13 – JD. do Lago

CEP: 13050-001 Campinas – SP

Nome da empresa: CAMPINAS MAN. EM EQ. P/ USO GRASTR. LTDA (CAMPINAS MANUTENCAO)

CNPJ: 11.123.736/0001-73

Telefone:19 32941243 / 19 989686539

E-mail: campinasmanutencao@uol.com.br

End: Av. Orosimbo Maia, 2133 - Cambuí, Campinas - SP, 13024-035",NORMAL,,"RUA José Antônio Fernandes Olmos, 13 – JD. do Lago, Campinas/SP",,13050-001,,"[""19 98972-8140"",""19 3768-2421"",""19 32941243"",""19 989686539""]","[""campmaqcampinas@gmail.com"",""campinasmanutencao@uol.com.br""]","[""27.344.378/0001-69"",""11.123.736/0001-73""]","[""13050-001"",""13024-035""]","[""RUA José Antônio Fernandes Olmos, 13 – JD. do Lago, Campinas/SP"",""Av. Orosimbo Maia, 2133 - Cambuí, Campinas - SP, 13024-035""]",-22.9053,-47.0659,,,municipality,Campinas/SP,True
726,3509502,Campinas,CAMPINAS,SP,Nome da empresa: PRATA MAQUINAS PECAS E MANUT. LTDA R (PRATA MANUTENÇÃO),São Paulo CAMPINAS,"São Paulo CAMPINAS

Nome da empresa: PRATA MAQUINAS PECAS E MANUT. LTDA R (PRATA MANUTENÇÃO)

Telefone: 19 3342-7167 / 19 99576-9511 RODRIGO / ANDRÉ / REGINALDO

E-mail: comercial@pratamanuntencao.com.br

End: Av. Orosimbo Maia, 2139 - Cambuí, Campinas - SP, Cep:13024-035",NORMAL,,"Av. Orosimbo Maia, 2139 - Cambuí, Campinas - SP, Cep:13024-035",,13024-035,,"[""19 3342-7167"",""19 99576-9511""]","[""comercial@pratamanuntencao.com.br""]",[],"[""13024-035""]","[""Av. Orosimbo Maia, 2139 - Cambuí, Campinas - SP, Cep:13024-035""]",-22.9053,-47.0659,,,municipality,Campinas/SP,True
727,3538709,Piracicaba,PIRACICABA,SP,Nome da empresa: ASCOM COM. ASSIST. TECN. LTDA. ME (ASCOM),São Paulo PIRACICABA,"São Paulo PIRACICABA

Nome da empresa: ASCOM COM. ASSIST. TECN. LTDA. ME (ASCOM)

Telefone:(19) 34336417 / (19) 991545520 ANGELA

E-mail: ascom.tec@terra.com.br

End: Rua Visconde do Rio Branco, 1315 - Alto, Piracicaba - SP, 13419-115",NORMAL,,"Rua Visconde do Rio Branco, 1315 - Alto, Piracicaba - SP, 13419-115",,13419-115,,"[""(19) 34336417"",""(19) 991545520""]","[""ascom.tec@terra.com.br""]",[],"[""13419-115""]","[""Rua Visconde do Rio Branco, 1315 - Alto, Piracicaba - SP, 13419-115""]",-22.7338,-47.6476,,,municipality,Piracicaba/SP,True
728,3538709,Piracicaba,PIRACICABA,SP,M F SEPULVEDA COMERCIAL - COMERCIAL SEPULVEDA,São Paulo PIRACICABA,"São Paulo PIRACICABA

M F SEPULVEDA COMERCIAL - COMERCIAL SEPULVEDA

CNPJ: 31.261.508/0001-77

19 3422-0900 / 19 98355-1514 MATHEUS

Rua Auferes Jose Caetano, 2170 – Centro

CEP: 13400-126 PIRACICABA – SP",NORMAL,,"Rua Auferes Jose Caetano, 2170 – Centro, Piracicaba/SP",,13400-126,,"[""19 3422-0900"",""19 98355-1514""]",[],"[""31.261.508/0001-77""]","[""13400-126""]","[""Rua Auferes Jose Caetano, 2170 – Centro, Piracicaba/SP""]",-22.7338,-47.6476,,,municipality,Piracicaba/SP,True
729,3524402,Jacareí,JACAREI,SP,Nome da empresa: SERGIO VICENTE DOS ANJOS MANUTENCAO,São Paulo JACAREÍ,"São Paulo JACAREÍ

Nome da empresa: SERGIO VICENTE DOS ANJOS MANUTENCAO

CNPJ: 11.265.429/0001-27

Telefone (12) 39534013   (12) 991555855 SERGIO

E-mail: dosanjos2894@hotmail.com

End: Rua Doutor José Luiz Cebranelli n70 Conjunto São Benedito CEP:12310180",NORMAL,,"Rua Doutor José Luiz Cebranelli n70 Conjunto São Benedito CEP:12310180, Jacareí/SP",,12310180,,"[""(12) 39534013"",""(12) 991555855""]","[""dosanjos2894@hotmail.com""]","[""11.265.429/0001-27""]","[""12310180""]","[""Rua Doutor José Luiz Cebranelli n70 Conjunto São Benedito CEP:12310180, Jacareí/SP""]",-23.2983,-45.9658,,,municipality,Jacareí/SP,True
730,3550308,São Paulo,SAO PAULO,SP,Razão Social: MK6 Vendas e Assistência Técnica Ltda.,"São Paulo, SP  (quer ser técnico, verificar conhecimento)","São Paulo, SP  (quer ser técnico, verificar conhecimento)

Razão Social: MK6 Vendas e Assistência Técnica Ltda.

Endereço: Rua Palha Brava, 141 - Jd. dos Ipês - São Paulo - SP - Cep 08161-290

CNPJ: 45.812.829/0001-27

Inscrição Estadual: 134.683.820.119

E-mail: mkbalancas@gmail.com

Telefone: 11-3368-1667

Contato: Sr. Misael - Supervisor Técnico - 11-99690-3536",CONSULTAR_ANTES,VERIFICAR,"Rua Palha Brava, 141 - Jd. dos Ipês - São Paulo - SP - Cep 08161-290",,08161-290,,"[""11-3368-1667"",""11-99690-3536""]","[""mkbalancas@gmail.com""]","[""45.812.829/0001-27""]","[""08161-290""]","[""Rua Palha Brava, 141 - Jd. dos Ipês - São Paulo - SP - Cep 08161-290""]",-23.5329,-46.6395,,,municipality,São Paulo/SP,True
731,3550308,São Paulo,SAO PAULO,SP,Nome da empresa: DCA ETIQUETAS IND. COM. E SERV. DE BALANCAS EIRELI (FILITEC SP),"São Paulo, SP","São Paulo, SP

Nome da empresa: DCA ETIQUETAS IND. COM. E SERV. DE BALANCAS EIRELI (FILITEC SP)

CNPJ: 27.161.649/0001-40

Telefone: 11 20342034 / 11 992511345/ 11 34695000 JULHO E REGINA

E-mail: dcabalancas@gmail.com ou financeiro@filitec.com.br

End: Espirito Santo do Dourado, n 749 bairro Vila Clara cep:08022110",NORMAL,,"Espirito Santo do Dourado, n 749 bairro Vila Clara cep:08022110, São Paulo/SP",,08022110,,"[""11 20342034"",""11 992511345"",""11 34695000""]","[""dcabalancas@gmail.com"",""financeiro@filitec.com.br""]","[""27.161.649/0001-40""]","[""08022110""]","[""Espirito Santo do Dourado, n 749 bairro Vila Clara cep:08022110, São Paulo/SP""]",-23.5329,-46.6395,,,municipality,São Paulo/SP,True
732,3550308,São Paulo,SAO PAULO,SP,SOSA – SOARES OLIVEIRA SERVIÇOS ADMINISTRATIVOS LTDA (FILITEC),"SÃO PAULO, SP","SÃO PAULO, SP

SOSA – SOARES OLIVEIRA SERVIÇOS ADMINISTRATIVOS LTDA (FILITEC)

CNPJ: 51.623.293/0001-02

chamado@filitec.com.br

11 3469-5000 / 11 99111-0645

RUA ESPIRITO SANTO DO DOURADO, 749 – VILA CLARA

CEP: 08022-110 SÃO PAULO – SP",NORMAL,,"RUA ESPIRITO SANTO DO DOURADO, 749 – VILA CLARA, São Paulo/SP",,08022-110,,"[""11 3469-5000"",""11 99111-0645""]","[""chamado@filitec.com.br""]","[""51.623.293/0001-02""]","[""08022-110""]","[""RUA ESPIRITO SANTO DO DOURADO, 749 – VILA CLARA, São Paulo/SP""]",-23.5329,-46.6395,,,municipality,São Paulo/SP,True
733,3550308,São Paulo,SAO PAULO,SP,Nome da empresa: CAPITAL BAL. ASS. TEC. LTDA-ME,"São Paulo, SP","São Paulo, SP

Nome da empresa: CAPITAL BAL. ASS. TEC. LTDA-ME

CNPJ: 01.185.869/0001-10

Telefone: 11 29620061 / 11 996478564/11 29622127

E-mail: tania@capitalbalancas.com.br

End: AV, RAGUEB CHOHFI, n 740 - JARDIM TRÊS MARIAS, SÃO PAULO, SÃO PAULO, Cep:08375-000",NORMAL,,"AV, RAGUEB CHOHFI, n 740 - JARDIM TRÊS MARIAS, SÃO PAULO, SÃO PAULO, Cep:08375-000/SP",,08375-000,,"[""11 29620061"",""11 996478564"",""11 29622127""]","[""tania@capitalbalancas.com.br""]","[""01.185.869/0001-10""]","[""08375-000""]","[""AV, RAGUEB CHOHFI, n 740 - JARDIM TRÊS MARIAS, SÃO PAULO, SÃO PAULO, Cep:08375-000/SP""]",-23.5329,-46.6395,,,municipality,São Paulo/SP,True
734,3550308,São Paulo,SAO PAULO,SP,Nome da empresa: C. D. N. ASSISTENCIA TECNICA LTDA (CDN SERVIÇOS),"São Paulo, SP","São Paulo, SP

Nome da empresa: C. D. N. ASSISTENCIA TECNICA LTDA (CDN SERVIÇOS)

Telefone:11 33312679

E-mail: cdn.helpsp@gmail.com

End: Rua Apa, 5 - Campos Elíseos, São Paulo - SP, cep:01201-030",NORMAL,,"Rua Apa, 5 - Campos Elíseos, São Paulo - SP, cep:01201-030",,01201-030,,"[""11 33312679""]","[""cdn.helpsp@gmail.com""]",[],"[""01201-030""]","[""Rua Apa, 5 - Campos Elíseos, São Paulo - SP, cep:01201-030""]",-23.5329,-46.6395,,,municipality,São Paulo/SP,True
735,3550308,São Paulo,SAO PAULO,SP,OMEGA VISION COMERCIO E MANUTENÇAO DE MAQUINAS E BALANÇAS LTDA,"SÃO PAULO, SP","SÃO PAULO, SP

OMEGA VISION COMERCIO E MANUTENÇAO DE MAQUINAS E BALANÇAS LTDA

CNPJ: 08.046.649/0001-55

Telefone: (11) 51815437 (11) 943067019 (11)999946949  Emanuel

E-mail: emanuel@omegavision.com.br / atendimento@omegavision.com.br

End: R. Taciba, 42 - Vila Babilonia, São Paulo - SP, Cep:04350-000",NORMAL,,"R. Taciba, 42 - Vila Babilonia, São Paulo - SP, Cep:04350-000",,04350-000,,"[""(11) 51815437"",""(11) 943067019"",""(11)999946949""]","[""emanuel@omegavision.com.br"",""atendimento@omegavision.com.br""]","[""08.046.649/0001-55""]","[""04350-000""]","[""R. Taciba, 42 - Vila Babilonia, São Paulo - SP, Cep:04350-000""]",-23.5329,-46.6395,,,municipality,São Paulo/SP,True
736,3550308,São Paulo,SAO PAULO,SP,54.714.227 VERA LUCIA ROSSI MAIA RAMOS – CR EQUIPAMENTOS,"SÃO PAULO, SP","SÃO PAULO, SP

54.714.227 VERA LUCIA ROSSI MAIA RAMOS – CR EQUIPAMENTOS

CNPJ: 54.714.227/0001-28

crbalancaseequipamentos@gmail.com

11 94002-6572 PAULO

RUA FRUTA-DO-PARAISO, 745 – VILA JACUI

CEP: 08050-050 SÃO PAULO – SP",NORMAL,,"RUA FRUTA-DO-PARAISO, 745 – VILA JACUI, São Paulo/SP",,08050-050,,"[""11 94002-6572""]","[""crbalancaseequipamentos@gmail.com""]","[""54.714.227/0001-28""]","[""08050-050""]","[""RUA FRUTA-DO-PARAISO, 745 – VILA JACUI, São Paulo/SP""]",-23.5329,-46.6395,,,municipality,São Paulo/SP,True
737,3550308,São Paulo,SAO PAULO,SP,Cold Center B.B. e Miudezas Ltda - ESPAÇO DO GOURMET,"SÃO PAULO, SP","SÃO PAULO, SP

Cold Center B.B. e Miudezas Ltda - ESPAÇO DO GOURMET

CNPJ: 00.886.392/0001-38

ata@espacodogourmet.com.br

11 9 4887-9000 / 11 5681-9055 / 11 98192-1329

AV WASHINGTON LUIZ, 3567 SANTO AMARO

CEP: 04627-000 SÃO PAULO – SP",NORMAL,,"AV WASHINGTON LUIZ, 3567 SANTO AMARO, São Paulo/SP",,04627-000,,"[""4887-9000"",""11 5681-9055"",""11 98192-1329""]","[""ata@espacodogourmet.com.br""]","[""00.886.392/0001-38""]","[""04627-000""]","[""AV WASHINGTON LUIZ, 3567 SANTO AMARO, São Paulo/SP""]",-23.5329,-46.6395,,,municipality,São Paulo/SP,True
738,3550308,São Paulo,SAO PAULO,SP,SUL BALANÇAS COMERCIO E SERVIÇOS LTDA,"SÃO PAULO, SP","SÃO PAULO, SP

SUL BALANÇAS COMERCIO E SERVIÇOS LTDA

CNPJ: 04.104.255/0001-55

11 5686-1472 / 95464-0077

ALAMEDA SANTO AMARO, 308 – SANTO AMARO

CEP: 04745-001 SÃO PAULO – SP",NORMAL,,"ALAMEDA SANTO AMARO, 308 – SANTO AMARO, São Paulo/SP",,04745-001,,"[""11 5686-1472"",""95464-0077""]",[],"[""04.104.255/0001-55""]","[""04745-001""]","[""ALAMEDA SANTO AMARO, 308 – SANTO AMARO, São Paulo/SP""]",-23.5329,-46.6395,,,municipality,São Paulo/SP,True
739,3550308,São Paulo,SAO PAULO,SP,Mult-tec Maquinas e Equipamentos Ltda.,"SÃO PAULO, SP","SÃO PAULO, SP

Mult-tec Maquinas e Equipamentos Ltda.

CNPJ: 21.283.753/0001-21

multtec4@gmail.com

11 2863-2735/4323-1307

Avenida Doutor Gabriel 292, JD. Ponte Rasa

Cep: 03893-000 São Paulo SP",NORMAL,,"Avenida Doutor Gabriel 292, JD. Ponte Rasa, São Paulo/SP",,03893-000,,"[""11 2863-2735"",""4323-1307""]","[""multtec4@gmail.com""]","[""21.283.753/0001-21""]","[""03893-000""]","[""Avenida Doutor Gabriel 292, JD. Ponte Rasa, São Paulo/SP""]",-23.5329,-46.6395,,,municipality,São Paulo/SP,True
740,3550308,São Paulo,SAO PAULO,SP,Balanças Bonetti Equip E Utensilios,"São Paulo, SP","São Paulo, SP

Balanças Bonetti Equip E Utensilios

CNPJ: 29.788.840/0001-42

Telefone:(11) 20231723 / (11) 974977763 Eduardo

E-mail: bonettisilveira@terra.com.br

End: R. Itinguçu, 2485 - Vila Ré, São Paulo - SP, Cep :03658-011",NORMAL,,"R. Itinguçu, 2485 - Vila Ré, São Paulo - SP, Cep :03658-011",,03658-011,,"[""(11) 20231723"",""(11) 974977763""]","[""bonettisilveira@terra.com.br""]","[""29.788.840/0001-42""]","[""03658-011""]","[""R. Itinguçu, 2485 - Vila Ré, São Paulo - SP, Cep :03658-011""]",-23.5329,-46.6395,,,municipality,São Paulo/SP,True
741,3550308,São Paulo,SAO PAULO,SP,Nome da empresa: AL BALANÇAS EIRELI (AL BALANÇAS),"São Paulo, SP","São Paulo, SP

Nome da empresa: AL BALANÇAS EIRELI (AL BALANÇAS)

Telefone: (11) 41190100   (11)94600-0432 FABIO AURELIANO

E-mail:  albalancas@gmail.com      29.387.756/0001-17

End: R Henri Berton n 7 A Jardim Uberaba",NORMAL,,"R Henri Berton n 7 A Jardim Uberaba, São Paulo/SP",,,,"[""(11) 41190100"",""(11)94600-0432""]","[""albalancas@gmail.com""]","[""29.387.756/0001-17""]",[],"[""R Henri Berton n 7 A Jardim Uberaba, São Paulo/SP""]",-23.5329,-46.6395,,,municipality,São Paulo/SP,True
742,3550308,São Paulo,SAO PAULO,SP,Nome da empresa: BALCENTER MAQ. EQUIP. LTDA.(BALCENTER),"São Paulo, SP","São Paulo, SP

Nome da empresa: BALCENTER MAQ. EQUIP. LTDA.(BALCENTER)

Telefone (11) 38652236 OU (11) 38642617 PAULO OU MARCIO

E-mail: balcenter2@gmail.com

end.: R. Trajano, 218, 226 - Lapa, São Paulo - SP, cep :05050-110",NORMAL,,"R. Trajano, 218, 226 - Lapa, São Paulo - SP, cep :05050-110",,05050-110,,"[""(11) 38652236"",""(11) 38642617""]","[""balcenter2@gmail.com""]",[],"[""05050-110""]","[""R. Trajano, 218, 226 - Lapa, São Paulo - SP, cep :05050-110""]",-23.5329,-46.6395,,,municipality,São Paulo/SP,True
743,3550308,São Paulo,SAO PAULO,SP,Nome da empresa: PESOTEC COM. E ASSIST. TEC. BAL. ELET LTDA-ME,"São Paulo, SP","São Paulo, SP

Nome da empresa: PESOTEC COM. E ASSIST. TEC. BAL. ELET LTDA-ME

Telefone: (11) 29519174   (11) 99622-9298

E-mail: pesotec.pesotec@gmail.com

End: Rua Monte D´Ouro, 111 - Tucuruvi, São Paulo - SP, cep: 02307-230",NORMAL,,"Rua Monte D´Ouro, 111 - Tucuruvi, São Paulo - SP, cep: 02307-230",,02307-230,,"[""(11) 29519174"",""(11) 99622-9298""]","[""pesotec.pesotec@gmail.com""]",[],"[""02307-230""]","[""Rua Monte D´Ouro, 111 - Tucuruvi, São Paulo - SP, cep: 02307-230""]",-23.5329,-46.6395,,,municipality,São Paulo/SP,True
744,3550308,São Paulo,SAO PAULO,SP,COMAQ COMÉRCIO DE MÁQUINAS LTDA,"SÃO PAULO, SP","SÃO PAULO, SP

COMAQ COMÉRCIO DE MÁQUINAS LTDA

CNPJ: 01.561.401/0001-83

comaqatendimento@gmail.com / comaqatendimento1@gmail.com

TEL/CEL: 11 3966-6776 / 94001-7035 / 99674-7504

CEP: 02519-200 - Av. Casa Verde, 3375 – BAIRRO DO LIMÃO (CASA VERDE)- SÃO PAULO – SP",NORMAL,,,,02519-200,,"[""11 3966-6776"",""94001-7035"",""99674-7504""]","[""comaqatendimento@gmail.com"",""comaqatendimento1@gmail.com""]","[""01.561.401/0001-83""]","[""02519-200""]",[],-23.5329,-46.6395,,,municipality,São Paulo/SP,True
745,3550308,São Paulo,SAO PAULO,SP,ABTEC TECNOLOGIA COMERCIO E SERVICOS DE BALANCAS LTDA (ABSOLUTA BALANCAS),"SÃO PAULO, SP","SÃO PAULO, SP

ABTEC TECNOLOGIA COMERCIO E SERVICOS DE BALANCAS LTDA (ABSOLUTA BALANCAS)

CNPJ: 34.025.504/0001-88

Telefone: 11 2063-0658 / 11 98451-6473

E-mail: absoluta@absolutabalancas.com.br",NORMAL,,,,,,"[""11 2063-0658"",""11 98451-6473""]","[""absoluta@absolutabalancas.com.br""]","[""34.025.504/0001-88""]",[],[],-23.5329,-46.6395,,,municipality,São Paulo/SP,True
746,3550308,São Paulo,SAO PAULO,SP,49.829.231 JOSE ALOISIO GODOY – LULA MANUTENÇÃO,"São Paulo, SP","São Paulo, SP

49.829.231 JOSE ALOISIO GODOY – LULA MANUTENÇÃO

CNPJ: 49.829.231/0001-00

josealoisiogodoy@gmail.com

11 99379-6355 / 94926-6601

RUA GEORGES ARIE, 106 – JD MONTE AZUL",NORMAL,,"RUA GEORGES ARIE, 106 – JD MONTE AZUL, São Paulo/SP",,,,"[""11 99379-6355"",""94926-6601""]","[""josealoisiogodoy@gmail.com""]","[""49.829.231/0001-00""]",[],"[""RUA GEORGES ARIE, 106 – JD MONTE AZUL, São Paulo/SP""]",-23.5329,-46.6395,,,municipality,São Paulo/SP,True
747,3550308,São Paulo,SAO PAULO,SP,Nome da empresa: ELECTROLAR SAO PAULO COM. E SERV. LTDA – ME (ELECTROLAR SP),"São Paulo, SP","São Paulo, SP

Nome da empresa: ELECTROLAR SAO PAULO COM. E SERV. LTDA – ME (ELECTROLAR SP)
CNPJ: 04.484.969/0001-36

Telefone: (11) 50419140 (11) 963205525 CLEBER

E-mail: electrolarsp@yahoo.com.br

End: Av. Morumbi, 8324 - Jardim das Acacias, São Paulo - SP, Cep: 04582-001",NORMAL,,"Av. Morumbi, 8324 - Jardim das Acacias, São Paulo - SP, Cep: 04582-001",,04582-001,,"[""(11) 50419140"",""(11) 963205525""]","[""electrolarsp@yahoo.com.br""]","[""04.484.969/0001-36""]","[""04582-001""]","[""Av. Morumbi, 8324 - Jardim das Acacias, São Paulo - SP, Cep: 04582-001""]",-23.5329,-46.6395,,,municipality,São Paulo/SP,True
748,3550308,São Paulo,SAO PAULO,SP,CMF - FRANCA COMERCIAL E ASSISTENCIA LTDA – CMF COMERCIAL E ASSISTENCIA,"São Paulo, SP","São Paulo, SP

CMF - FRANCA COMERCIAL E ASSISTENCIA LTDA – CMF COMERCIAL E ASSISTENCIA

CNPJ: 55.192.491/0001-01

william@francareal.com.br

11 96319-2640 / 5626-8593 WILLIAM

Rua Dr. Alcides de Campos, 225 - Americanópolis

CEP: 04336-160 SÃO PAULO - SP",NORMAL,,"Rua Dr. Alcides de Campos, 225 - Americanópolis, São Paulo/SP",,04336-160,,"[""11 96319-2640"",""5626-8593""]","[""william@francareal.com.br""]","[""55.192.491/0001-01""]","[""04336-160""]","[""Rua Dr. Alcides de Campos, 225 - Americanópolis, São Paulo/SP""]",-23.5329,-46.6395,,,municipality,São Paulo/SP,True
749,3550308,São Paulo,SAO PAULO,SP,R & P COM. E SERV. MAQ. E ART. DOM. LTDA,"São Paulo, SP","São Paulo, SP

R & P COM. E SERV. MAQ. E ART. DOM. LTDA

CNPJ: 09.490.404/0001-85

Telefone: (11) 37833098 (11) 947168363 ANDRE

E-mail: andre@3cservice.com.br

End: RUA BRAZ DA COSTA, n 20 cep: 5544140 - JARDIM GUARAU",NORMAL,,"RUA BRAZ DA COSTA, n 20 cep: 5544140 - JARDIM GUARAU, São Paulo/SP",,,,"[""(11) 37833098"",""(11) 947168363""]","[""andre@3cservice.com.br""]","[""09.490.404/0001-85""]",[],"[""RUA BRAZ DA COSTA, n 20 cep: 5544140 - JARDIM GUARAU, São Paulo/SP""]",-23.5329,-46.6395,,,municipality,São Paulo/SP,True
750,3550308,São Paulo,SAO PAULO,SP,ACE COMERCIO E ASSISTENCIA DE BAL. E MAQ. EM GERAL LTDA,"SÃO PAULO, SP","SÃO PAULO, SP

ACE COMERCIO E ASSISTENCIA DE BAL. E MAQ. EM GERAL LTDA

CNPJ: 54.350.529/0001-64

acecomercioeassistencia@gmail.com

11 96424-0389 JUNIOR

RUA JOTA CARLOS, 130 – JD BRASIL (ZONA NORTE)

CEP: 02226-130 SÃO PAULO – SP",NORMAL,,"RUA JOTA CARLOS, 130 – JD BRASIL (ZONA NORTE), São Paulo/SP",,02226-130,,"[""11 96424-0389""]","[""acecomercioeassistencia@gmail.com""]","[""54.350.529/0001-64""]","[""02226-130""]","[""RUA JOTA CARLOS, 130 – JD BRASIL (ZONA NORTE), São Paulo/SP""]",-23.5329,-46.6395,,,municipality,São Paulo/SP,True
751,3550308,São Paulo,SAO PAULO,SP,Nome da empresa: VALTER OLIVEIRA DA SILVA COM. DE MAQUINAS (NOVA MILÊNIO),"São Paulo, SP","São Paulo, SP

Nome da empresa: VALTER OLIVEIRA DA SILVA COM. DE MAQUINAS (NOVA MILÊNIO)

Telefone: 11 2295-2433 / 11 99315-7611 Felipe

E-mail: assistencia@novamilenio.com

End: R. Maniutuba, 137 - Chácara Santo Antônio (Zona Leste), São Paulo - SP, Cep:03411-130",NORMAL,,"R. Maniutuba, 137 - Chácara Santo Antônio (Zona Leste), São Paulo - SP, Cep:03411-130",,03411-130,,"[""11 2295-2433"",""11 99315-7611""]","[""assistencia@novamilenio.com""]",[],"[""03411-130""]","[""R. Maniutuba, 137 - Chácara Santo Antônio (Zona Leste), São Paulo - SP, Cep:03411-130""]",-23.5329,-46.6395,,,municipality,São Paulo/SP,True
752,3550308,São Paulo,SAO PAULO,SP,Nome da empresa: MUNDIAL EQUIP. E ACES. COMERCIAIS LTDA(MUNDIAL),"São Paulo, SP","São Paulo, SP

Nome da empresa: MUNDIAL EQUIP. E ACES. COMERCIAIS LTDA(MUNDIAL)

CNPJ: 36.623.145/0001-96

Telefone: 11 96233-8201 LEANDRO

E-mail: mundial.assistec@gmail.com",NORMAL,,,,,,"[""11 96233-8201""]","[""mundial.assistec@gmail.com""]","[""36.623.145/0001-96""]",[],[],-23.5329,-46.6395,,,municipality,São Paulo/SP,True
753,3550308,São Paulo,SAO PAULO,SP,Nome da empresa: DIFERENCIAL BAL. MANUT. COM. E SERVICOS LTDA (DIFERENCIAL BALANCAS),"São Paulo, SP","São Paulo, SP

Nome da empresa: DIFERENCIAL BAL. MANUT. COM. E SERVICOS LTDA (DIFERENCIAL BALANCAS)

CNPJ:** **19.352.781/0001-01

Telefone: 11 23827592 / 11 977680252/ 11 947290988 JAIR

E-mail: diferencialbalancas1@gmail.com

End:** **** **R. Estado do Amazonas, 384A - Jardim Imperador (Zona Leste), São Paulo - SP, Cep: 03935-010",NORMAL,,"** **** **R. Estado do Amazonas, 384A - Jardim Imperador (Zona Leste), São Paulo - SP, Cep: 03935-010",,03935-010,,"[""11 23827592"",""11 977680252"",""11 947290988""]","[""diferencialbalancas1@gmail.com""]","[""19.352.781/0001-01""]","[""03935-010""]","[""** **** **R. Estado do Amazonas, 384A - Jardim Imperador (Zona Leste), São Paulo - SP, Cep: 03935-010""]",-23.5329,-46.6395,,,municipality,São Paulo/SP,True
754,3550308,São Paulo,SAO PAULO,SP,Nome da empresa: J DAS GRACAS REIS BALANCAS (UNIMAC BALANÇAS),"São Paulo, SP","São Paulo, SP

Nome da empresa: J DAS GRACAS REIS BALANCAS (UNIMAC BALANÇAS)

Telefone: 11 5632-1686 / 11 5631-9017 / 11 98400-1045 MAIARA

E-mail: unimacbal@gmail.com

End: R, Itabapoana, 215 - Jardim Anhanguera, São Paulo - SP, Cep :04689-050",NORMAL,,"R, Itabapoana, 215 - Jardim Anhanguera, São Paulo - SP, Cep :04689-050",,04689-050,,"[""11 5632-1686"",""11 5631-9017"",""11 98400-1045""]","[""unimacbal@gmail.com""]",[],"[""04689-050""]","[""R, Itabapoana, 215 - Jardim Anhanguera, São Paulo - SP, Cep :04689-050""]",-23.5329,-46.6395,,,municipality,São Paulo/SP,True
755,3550308,São Paulo,SAO PAULO,SP,CARLOS EDUARDO CURVELO BELO – ME (DUTEC BALANÇAS),"São Paulo, SP","São Paulo, SP

CARLOS EDUARDO CURVELO BELO – ME (DUTEC BALANÇAS)

CNPJ: 09.214.442/0001-05

Telefone: (11) 22142367 CARLOS

E-mail: dutecbalancas@gmail.com

End:  Rua Espirito Santo Do Dourado n 148 Vila Clara, CEP: 08.022-110",NORMAL,,"Rua Espirito Santo Do Dourado n 148 Vila Clara, CEP: 08.022-110, São Paulo/SP",,08.022-110,,"[""(11) 22142367""]","[""dutecbalancas@gmail.com""]","[""09.214.442/0001-05""]","[""08.022-110""]","[""Rua Espirito Santo Do Dourado n 148 Vila Clara, CEP: 08.022-110, São Paulo/SP""]",-23.5329,-46.6395,,,municipality,São Paulo/SP,True
756,3550308,São Paulo,SAO PAULO,SP,DIAS COM. BAL. MAQ. EIRELI. R,"SÃO PAULO, SP","SÃO PAULO, SP

DIAS COM. BAL. MAQ. EIRELI. R

JOAO / ROBERTA

(11) 2188-3939 /

assistencia@sotomano.com

Avenida Alberto Byington, 1.582 VILA MARIA CEP :02127-001",NORMAL,,"Avenida Alberto Byington, 1.582 VILA MARIA CEP :02127-001, São Paulo/SP",,02127-001,,"[""(11) 2188-3939""]","[""assistencia@sotomano.com""]",[],"[""02127-001""]","[""Avenida Alberto Byington, 1.582 VILA MARIA CEP :02127-001, São Paulo/SP""]",-23.5329,-46.6395,,,municipality,São Paulo/SP,True
757,3550308,São Paulo,SAO PAULO,SP,BALANCAS VILA EMA LTDA,"| São Paulo, SP |
| --- |","| São Paulo, SP |
| --- |

BALANCAS VILA EMA LTDA

CNPJ: 07.326.875/0001-27

Telefone: 11 2911-2755 / 11 99480-4314 ANA

E-mail: balancasvilaema@gmail.com

End:  Av. Vila Ema, 4919/A - Vila Ema, São Paulo - SP,cep: 03281-001",NORMAL,,"Av. Vila Ema, 4919/A - Vila Ema, São Paulo - SP,cep: 03281-001",,03281-001,,"[""11 2911-2755"",""11 99480-4314""]","[""balancasvilaema@gmail.com""]","[""07.326.875/0001-27""]","[""03281-001""]","[""Av. Vila Ema, 4919/A - Vila Ema, São Paulo - SP,cep: 03281-001""]",-23.5329,-46.6395,,,municipality,São Paulo/SP,True
758,3550308,São Paulo,SAO PAULO,SP,STAR REAL COMERCIO E SERVIÇOS LTDA – SANCAR,"São Paulo, SP","São Paulo, SP

STAR REAL COMERCIO E SERVIÇOS LTDA – SANCAR

CNPJ: 50.319.518/0001-60

Telefone: (11) 2097-5590 ou (11) 98699-9619/ 20924215/ 20985277/ 20984760   CARLOS

E-mail: sancarreal@hotmail.com

RUA SOLD Benedito Alves dos Santos, 106 - Parque Novo Mundo, São Paulo - SP, 02187-060",NORMAL,,"RUA SOLD Benedito Alves dos Santos, 106 - Parque Novo Mundo, São Paulo - SP, 02187-060",,02187-060,,"[""(11) 2097-5590"",""(11) 98699-9619"",""20924215"",""20985277"",""20984760""]","[""sancarreal@hotmail.com""]","[""50.319.518/0001-60""]","[""02187-060""]","[""RUA SOLD Benedito Alves dos Santos, 106 - Parque Novo Mundo, São Paulo - SP, 02187-060""]",-23.5329,-46.6395,,,municipality,São Paulo/SP,True
759,3550308,São Paulo,SAO PAULO,SP,WL PEREIRA MANUTENÇÃO DE MAQUINAS E BALANÇAS – SYSTEMAQ,"SÃO PAULO, SP","SÃO PAULO, SP

WL PEREIRA MANUTENÇÃO DE MAQUINAS E BALANÇAS – SYSTEMAQ

CNPJ: 10.272.271/0001-50

wsystemaq@gmail.com

11 98274-5215 – 11 3919-3131

RUA LIBER, 24 – JD. ADELFIORE

CEP: 05223-140 SÃO PAULO – SP",NORMAL,,"RUA LIBER, 24 – JD. ADELFIORE, São Paulo/SP",,05223-140,,"[""11 98274-5215"",""11 3919-3131""]","[""wsystemaq@gmail.com""]","[""10.272.271/0001-50""]","[""05223-140""]","[""RUA LIBER, 24 – JD. ADELFIORE, São Paulo/SP""]",-23.5329,-46.6395,,,municipality,São Paulo/SP,True
760,3550308,São Paulo,SAO PAULO,SP,LUCIANO MARCHIORI – LUMAQ (atende a região de Perus),"SÃO PAULO, SP","SÃO PAULO, SP

LUCIANO MARCHIORI – LUMAQ (atende a região de Perus)

CNPJ: 17.511.153/0001-04

lumaq@hotmail.com

11 3928-4842 / 94199-4678

RUA JOANA PEDROSO DOS SANTOS, 596 - PARADA DE TAIPAS

CEP: 02990- 060 SÃO PAULO – SP",NORMAL,,"RUA JOANA PEDROSO DOS SANTOS, 596 - PARADA DE TAIPAS, São Paulo/SP",,,,"[""11 3928-4842"",""94199-4678""]","[""lumaq@hotmail.com""]","[""17.511.153/0001-04""]",[],"[""RUA JOANA PEDROSO DOS SANTOS, 596 - PARADA DE TAIPAS, São Paulo/SP""]",-23.5329,-46.6395,,,municipality,São Paulo/SP,True
761,3550308,São Paulo,SAO PAULO,SP,Nome da empresa: ALINE APARECIDA RIBAS 36745608871(LEX VAC),"São Paulo, SP","São Paulo, SP

Nome da empresa: ALINE APARECIDA RIBAS 36745608871(LEX VAC)

Telefone: (11) 94686-7789

E-mail: lex_vac@yahoo.com.br

End: R Wilson Crisnel de Almeida 72 B Casa b Jardim Santo Elias cep:05.135-390",NORMAL,,"R Wilson Crisnel de Almeida 72 B Casa b Jardim Santo Elias cep:05.135-390, São Paulo/SP",,05.135-390,,"[""(11) 94686-7789""]","[""lex_vac@yahoo.com.br""]",[],"[""05.135-390""]","[""R Wilson Crisnel de Almeida 72 B Casa b Jardim Santo Elias cep:05.135-390, São Paulo/SP""]",-23.5329,-46.6395,,,municipality,São Paulo/SP,True
762,3550308,São Paulo,SAO PAULO,SP,Nome da empresa: SECOM COM. E ASSIT. TEC. EM INDUZIDOS LTDA,"São Paulo, SP","São Paulo, SP

Nome da empresa: SECOM COM. E ASSIT. TEC. EM INDUZIDOS LTDA

Telefone: (11) 22210830

E-mail: secomassistencia@hotmail.com

End: Rua Voluntarios da Patria, 1384 SANTANA CEP:02010-200",NORMAL,,"Rua Voluntarios da Patria, 1384 SANTANA CEP:02010-200, São Paulo/SP",,02010-200,,"[""(11) 22210830""]","[""secomassistencia@hotmail.com""]",[],"[""02010-200""]","[""Rua Voluntarios da Patria, 1384 SANTANA CEP:02010-200, São Paulo/SP""]",-23.5329,-46.6395,,,municipality,São Paulo/SP,True
763,3550308,São Paulo,SAO PAULO,SP,COSTA COM. DE BALS. E MAQS. LTDA,"SÃO PAULO, SP","SÃO PAULO, SP

COSTA COM. DE BALS. E MAQS. LTDA

CNPJ: 39.308.894/0001-17

assistenciatecnica@disbama.com.br
11 98019-5270 JANAINA

AV. CELSOGARCIA, 1331 – BRAS

CEP: 03015-000 SÃO PAULO – SP",NORMAL,,"AV. CELSOGARCIA, 1331 – BRAS, São Paulo/SP",,03015-000,,"[""11 98019-5270""]","[""assistenciatecnica@disbama.com.br""]","[""39.308.894/0001-17""]","[""03015-000""]","[""AV. CELSOGARCIA, 1331 – BRAS, São Paulo/SP""]",-23.5329,-46.6395,,,municipality,São Paulo/SP,True
764,3550308,São Paulo,SAO PAULO,SP,61.915.886 FABIO KAVAMURA ARDUINI – VENCESMAQ,"SÃO PAULO, SP","SÃO PAULO, SP

61.915.886 FABIO KAVAMURA ARDUINI – VENCESMAQ

CNPJ: 61.915.886/0001-98

vencesmaq@gmail.com

11 94662-3111 / 11 94724-4114 FABIO

RUA CORONEL PAULO MARIANO, 282 – VILA FRUGOLI

CEP: 03674-020 SÃO PAULO – SP",NORMAL,,"RUA CORONEL PAULO MARIANO, 282 – VILA FRUGOLI, São Paulo/SP",,03674-020,,"[""11 94662-3111"",""11 94724-4114""]","[""vencesmaq@gmail.com""]","[""61.915.886/0001-98""]","[""03674-020""]","[""RUA CORONEL PAULO MARIANO, 282 – VILA FRUGOLI, São Paulo/SP""]",-23.5329,-46.6395,,,municipality,São Paulo/SP,True
765,3550308,São Paulo,SAO PAULO,SP,AYRA COMÉRCIO E SERVIÇOS LTDA (SMART COZINHA INDUSTRIAL E PROFISSIONAL),"SÃO PAULO, SP","SÃO PAULO, SP

AYRA COMÉRCIO E SERVIÇOS LTDA (SMART COZINHA INDUSTRIAL E PROFISSIONAL)

CNPJ: 54.787.631/0001-21

I.E:. 135.960.632.110

End. Comercial: Rua Santa Cruz, 2187 – Vl. Mariana

CEP: 04121-002 SÃO PAULO – SP

Loja: Avenida Imperador, 3.860 – Limoeiro – CEP: 08051-000.

End. de Entrega: R. Carnauba dos Dantas, 353 Apto 08 – CEP: 03891-000

Fone: (11) 5118-3210

E-mail: solution.cozinhas@gmail.com

Operacional: (11) 96605-7213 JOAQUIM vendas02@cosipecas.com.br",NORMAL,,"Comercial: Rua Santa Cruz, 2187 – Vl. Mariana, São Paulo/SP",,04121-002,,"[""(11) 5118-3210"",""(11) 96605-7213""]","[""solution.cozinhas@gmail.com"",""vendas02@cosipecas.com.br""]","[""54.787.631/0001-21""]","[""04121-002"",""08051-000"",""03891-000""]","[""Comercial: Rua Santa Cruz, 2187 – Vl. Mariana, São Paulo/SP"",""de Entrega: R. Carnauba dos Dantas, 353 Apto 08 – CEP: 03891-000, São Paulo/SP""]",-23.5329,-46.6395,,,municipality,São Paulo/SP,True
766,3550308,São Paulo,SAO PAULO,SP,BADL COZINHAS INDUSTRIAIS LTDA – COSIPEÇAS,"SÃO PAULO, SP","SÃO PAULO, SP

BADL COZINHAS INDUSTRIAIS LTDA – COSIPEÇAS

CNPJ: 43.012.689/0001-87

badlcozinhas@gmail.com

Fone: (11) 2053-5229

End. Comercial: Praça Mata dos Araujos, 20 – Vl. Rio Branco –

CEP: 03876-110 SÃO PAULO - SP

End. Entrega/Retira: Avenida Imperador, 3.860 – Limoeiro

CEP: 08051-000 São Paulo – SP.

C.N.P.J:. 43.012.689/0001-87 – I.E:. 131.720.015.117

Operacional: (11) 96605-7213 JOAQUIM vendas02@cosipecas.com.br",NORMAL,,"Comercial: Praça Mata dos Araujos, 20 – Vl. Rio Branco –, São Paulo/SP",,03876-110,,"[""(11) 2053-5229"",""(11) 96605-7213""]","[""badlcozinhas@gmail.com"",""vendas02@cosipecas.com.br""]","[""43.012.689/0001-87""]","[""03876-110"",""08051-000""]","[""Comercial: Praça Mata dos Araujos, 20 – Vl. Rio Branco –, São Paulo/SP"",""Entrega/Retira: Avenida Imperador, 3.860 – Limoeiro, São Paulo/SP""]",-23.5329,-46.6395,,,municipality,São Paulo/SP,True
767,3529401,Mauá,MAUA,SP,Nome da empresa: TECNOBAL ABC COM MANUT BAL. EQUIP.LTDA (TECNICO RUIM DE SERVIÇO / SEM EXPERIENCIA),São Paulo MAUÁ,"São Paulo MAUÁ

Nome da empresa: TECNOBAL ABC COM MANUT BAL. EQUIP.LTDA (TECNICO RUIM DE SERVIÇO / SEM EXPERIENCIA)

CNPJ: 00.800.327/0001-48

Telefone: (11) 45556145 (11) 45555402 MARCOS

E-mail: tecnobal@tecnobalbalancas.com.br

End: AV. Dom José Gaspar, 259 - Matriz, Mauá - SP, 09370-670",NORMAL,,"AV. Dom José Gaspar, 259 - Matriz, Mauá - SP, 09370-670",,09370-670,,"[""(11) 45556145"",""(11) 45555402""]","[""tecnobal@tecnobalbalancas.com.br""]","[""00.800.327/0001-48""]","[""09370-670""]","[""AV. Dom José Gaspar, 259 - Matriz, Mauá - SP, 09370-670""]",-23.6677,-46.4613,,,municipality,Mauá/SP,True
768,3529401,Mauá,MAUA,SP,LEGASTEC – SERVICOS E SOLUCOES LTDA (LEGAS-TEC ASSISTENCIA TECNICA),São Paulo MAUÁ,"São Paulo MAUÁ

LEGASTEC – SERVICOS E SOLUCOES LTDA (LEGAS-TEC ASSISTENCIA TECNICA)

CNPJ: 17.607.233/0001-50

legastec@hotmail.com

(11) 44754360 (11) 964468512 FELIPE

RUA MARIO MAGINI, 89 - VILA MAGINI

CEP: 09390-220 MAUA – SP",NORMAL,,"RUA MARIO MAGINI, 89 - VILA MAGINI, Mauá/SP",,09390-220,,"[""(11) 44754360"",""(11) 964468512""]","[""legastec@hotmail.com""]","[""17.607.233/0001-50""]","[""09390-220""]","[""RUA MARIO MAGINI, 89 - VILA MAGINI, Mauá/SP""]",-23.6677,-46.4613,,,municipality,Mauá/SP,True
769,3530805,Mogi Mirim,MOGI MIRIM,SP,Nome da empresa: A. L. DOS SANTOS MANUTENCAO – ME (ANTEC),São Paulo MOGI-MIRIM – ESTÁ SEM MÃO DE OBRA PARA ATENDER,"São Paulo MOGI-MIRIM – ESTÁ SEM MÃO DE OBRA PARA ATENDER

Nome da empresa: A. L. DOS SANTOS MANUTENCAO – ME (ANTEC)

Telefone: (19) 38067355 (19) 981360003 ANDERSON

E-mail: antec-@hotmail.com

End: Av. Dr. Jorge Tibiriçá, 465 - Centro, Mogi Mirim - SP, Cep:13800-151",NORMAL,,"Av. Dr. Jorge Tibiriçá, 465 - Centro, Mogi Mirim - SP, Cep:13800-151",,13800-151,,"[""(19) 38067355"",""(19) 981360003""]","[""antec-@hotmail.com""]",[],"[""13800-151""]","[""Av. Dr. Jorge Tibiriçá, 465 - Centro, Mogi Mirim - SP, Cep:13800-151""]",-22.4332,-46.9532,,,municipality,Mogi Mirim/SP,True
770,3549102,São João da Boa Vista,SAO JOAO DA BOA VISTA,SP,DANIELA A B CHIOSANE - ME (DAF PEÇAS),São Paulo SÃO JOÃO DA BOA VISTA,"São Paulo SÃO JOÃO DA BOA VISTA

DANIELA A B CHIOSANE - ME (DAF PEÇAS)

CNPJ: 23.793.337/0001-07

Telefone: (19) 36317881  (19) 99614-8404  (19)  996208416

E-mail: contato@dafpecascomerciais.com.br

End: R, Av. 13 de Maio, 885 - Jardim Sao Jorge, São João da Boa Vista - SP, 13874-690",NORMAL,,"R, Av. 13 de Maio, 885 - Jardim Sao Jorge, São João da Boa Vista - SP, 13874-690",,13874-690,,"[""(19) 36317881"",""(19) 99614-8404"",""(19) 996208416""]","[""contato@dafpecascomerciais.com.br""]","[""23.793.337/0001-07""]","[""13874-690""]","[""R, Av. 13 de Maio, 885 - Jardim Sao Jorge, São João da Boa Vista - SP, 13874-690""]",-21.9707,-46.7944,,,municipality,São João da Boa Vista/SP,True
771,3549102,São João da Boa Vista,SAO JOAO DA BOA VISTA,SP,Nome da empresa: SFJ SERV. RECUP. MAQUINAS EQUIP. AGRICOLAS S/S LTDA -ME,São Paulo SÃO JOÃO DA BOA VISTA,"São Paulo SÃO JOÃO DA BOA VISTA

Nome da empresa: SFJ SERV. RECUP. MAQUINAS EQUIP. AGRICOLAS S/S LTDA -ME

Telefone: (19) 36334229 THAIS

E-mail: sfjusinagem@gmail.com.br

End: Augustinho n 310 Jardim São Nicolau cep:13876102",NORMAL,,"Augustinho n 310 Jardim São Nicolau cep:13876102, São João da Boa Vista/SP",,13876102,,"[""(19) 36334229""]","[""sfjusinagem@gmail.com.br""]",[],"[""13876102""]","[""Augustinho n 310 Jardim São Nicolau cep:13876102, São João da Boa Vista/SP""]",-21.9707,-46.7944,,,municipality,São João da Boa Vista/SP,True
772,3549102,São João da Boa Vista,SAO JOAO DA BOA VISTA,SP,Nome da empresa: ALEXANDRO MUNHOZ (MUNHOZ EQUIPAMENTOS),São Paulo SÃO JOÃO DA BOA VISTA,"São Paulo SÃO JOÃO DA BOA VISTA

Nome da empresa: ALEXANDRO MUNHOZ (MUNHOZ EQUIPAMENTOS)

Telefone: (19) 36318171 (19) 991098505 FABIANA

E-mail: admmunhozeqp@gmail.com

End: Av. Brasília, 815 - Vila Zanetti, São João da Boa Vista - SP, CEP:13870-590",NORMAL,,"Av. Brasília, 815 - Vila Zanetti, São João da Boa Vista - SP, CEP:13870-590",,13870-590,,"[""(19) 36318171"",""(19) 991098505""]","[""admmunhozeqp@gmail.com""]",[],"[""13870-590""]","[""Av. Brasília, 815 - Vila Zanetti, São João da Boa Vista - SP, CEP:13870-590""]",-21.9707,-46.7944,,,municipality,São João da Boa Vista/SP,True
773,3549102,São João da Boa Vista,SAO JOAO DA BOA VISTA,SP,61.023.518 GUILHERME ALVES RICARDO – VOLTTECH ASSISTÊNCIA,São Paulo SÃO JOÃO DA BOA VISTA,"São Paulo SÃO JOÃO DA BOA VISTA

61.023.518 GUILHERME ALVES RICARDO – VOLTTECH ASSISTÊNCIA

CNPJ: 61.023518/0001-35

volttechsjbv@hotmail.com

19 98307-3620 ROGERIO

RUA SALDANHA MARINHO, 303 – CENTRO

CEP: 13870-229 SÃO JOÃO DA BOA VISTA – SP",NORMAL,,"RUA SALDANHA MARINHO, 303 – CENTRO, São João da Boa Vista/SP",,61.023518,,"[""19 98307-3620""]","[""volttechsjbv@hotmail.com""]","[""61.023518/0001-35""]","[""61.023518"",""13870-229""]","[""RUA SALDANHA MARINHO, 303 – CENTRO, São João da Boa Vista/SP""]",-21.9707,-46.7944,,,municipality,São João da Boa Vista/SP,True
774,3549102,São João da Boa Vista,SAO JOAO DA BOA VISTA,SP,ROGERIO ALVES RICARDO 36765488847 – FARO ASSISTENCIA,São Paulo SÃO JOÃO DA BOA VISTA,"São Paulo SÃO JOÃO DA BOA VISTA

ROGERIO ALVES RICARDO 36765488847 – FARO ASSISTENCIA

CNPJ: 36.884.680/0001-09

faroassistenciatecnica@hotmail.com

19 98307-3620 ROGERIO

RUA CARLOS NHOLA, 141 – JD NOVO HORIZONTE

CEP: 13872-447 SÃO JOÃO DA BOA VISTA – SP",NORMAL,,"RUA CARLOS NHOLA, 141 – JD NOVO HORIZONTE, São João da Boa Vista/SP",,13872-447,,"[""19 98307-3620""]","[""faroassistenciatecnica@hotmail.com""]","[""36.884.680/0001-09""]","[""13872-447""]","[""RUA CARLOS NHOLA, 141 – JD NOVO HORIZONTE, São João da Boa Vista/SP""]",-21.9707,-46.7944,,,municipality,São João da Boa Vista/SP,True
775,3527108,Lins,LINS,SP,"End: AVENIDA SÃO PAULO, 269 - GUARARAPIS, LINS, SÃO PAULO, 16403-020, BRASIL",São Paulo LINS,"São Paulo LINS

Nome da empresa: MARCOS ANTONIO GOUVEIA DE ASSIS 27491968848 (S.O.S GOUVEIA LINS) CNPJ: 14.847.137/0001-90

Telefone: (14) 35236609 (14) 997502538 MARCOS

E-mail: sosmaclins@hotmail.com.br

End: AVENIDA SÃO PAULO, 269 - GUARARAPIS, LINS, SÃO PAULO, 16403-020, BRASIL",NORMAL,,"AVENIDA SÃO PAULO, 269 - GUARARAPIS, LINS, SÃO PAULO, 16403-020, BRASIL/SP",,16403-020,,"[""(14) 35236609"",""(14) 997502538""]","[""sosmaclins@hotmail.com.br""]","[""14.847.137/0001-90""]","[""16403-020""]","[""AVENIDA SÃO PAULO, 269 - GUARARAPIS, LINS, SÃO PAULO, 16403-020, BRASIL/SP""]",-21.6718,-49.7526,,,municipality,Lins/SP,True
776,3527108,Lins,LINS,SP,Nome da empresa: CENTRAL BALANCAS E MAQUINAS LTDA (CENTRAL BALANCAS),São Paulo LINS,"São Paulo LINS

Nome da empresa: CENTRAL BALANCAS E MAQUINAS LTDA (CENTRAL BALANCAS)

CNPJ: 23.593.269/0001-24

Telefone: 14 35239617 / 18 99732-6786 RODRIGO

E-mail: centralrodrigo@hotmail.com

End: ** **Predio, Av. São Paulo, 411 - Vila Guararapes, Lins - SP, Cep:16403-020",NORMAL,,"** **Predio, Av. São Paulo, 411 - Vila Guararapes, Lins - SP, Cep:16403-020",,35239617,,"[""14 35239617"",""18 99732-6786""]","[""centralrodrigo@hotmail.com""]","[""23.593.269/0001-24""]","[""35239617"",""16403-020""]","[""** **Predio, Av. São Paulo, 411 - Vila Guararapes, Lins - SP, Cep:16403-020""]",-21.6718,-49.7526,,,municipality,Lins/SP,True
777,3548500,Santos,SANTOS,SP,Nome da empresa: T N BALANCAS LTDA-ME,São Paulo SANTOS,"São Paulo SANTOS

Nome da empresa: T N BALANCAS LTDA-ME

Telefone: (13) 32733444 FABIO

E-mail: tnbalancas@tnbalancas.com.br

End: Av. Alm. Cochrane, 235 - Embaré, Santos - SP, 11040-003",NORMAL,,"Av. Alm. Cochrane, 235 - Embaré, Santos - SP, 11040-003",,11040-003,,"[""(13) 32733444""]","[""tnbalancas@tnbalancas.com.br""]",[],"[""11040-003""]","[""Av. Alm. Cochrane, 235 - Embaré, Santos - SP, 11040-003""]",-23.9535,-46.335,,,municipality,Santos/SP,True
778,3548500,Santos,SANTOS,SP,JG EQUIPAMENTOS LTDA,São Paulo SANTOS,"São Paulo SANTOS

JG EQUIPAMENTOS LTDA

CNPJ: 15.190.538/0001-83

Telefone: (13) 974247925 PEDRO

E-mail:  jgequipamentos@hotmail.com

AV. ELEONOR ROOSEVELT n 473 vila são Jorge",NORMAL,,"AV. ELEONOR ROOSEVELT n 473 vila são Jorge, Santos/SP",,,,"[""(13) 974247925""]","[""jgequipamentos@hotmail.com""]","[""15.190.538/0001-83""]",[],"[""AV. ELEONOR ROOSEVELT n 473 vila são Jorge, Santos/SP""]",-23.9535,-46.335,,,municipality,Santos/SP,True
779,3549706,São José do Rio Pardo,SAO JOSE DO RIO PARDO,SP,Nome da empresa: DEVANIR TADEU BURGER - ME,São Paulo SÃO JOSÉ DO RIO PARDO,"São Paulo SÃO JOSÉ DO RIO PARDO

Nome da empresa: DEVANIR TADEU BURGER - ME

Telefone: (19) 36085937 (19) 994192030   DEVANIR

E-mail: nillmaq@yahoo.com.br

End: Praça Monsenhor Guilherme Arnold, 80 VILA PEREIRA cep:13720-000",NORMAL,,"Praça Monsenhor Guilherme Arnold, 80 VILA PEREIRA cep:13720-000, São José do Rio Pardo/SP",,13720-000,,"[""(19) 36085937"",""(19) 994192030""]","[""nillmaq@yahoo.com.br""]",[],"[""13720-000""]","[""Praça Monsenhor Guilherme Arnold, 80 VILA PEREIRA cep:13720-000, São José do Rio Pardo/SP""]",-21.5953,-46.8873,,,municipality,São José do Rio Pardo/SP,True
780,3504008,Assis,ASSIS,SP,Nome da empresa: RICARDO RIBEIRO DE FIGUEIREDO – RICARDO BALANCAS,São Paulo ASSIS,"São Paulo ASSIS

Nome da empresa: RICARDO RIBEIRO DE FIGUEIREDO – RICARDO BALANCAS

CNPJ: 19.443.411/0001-80

Telefone: (18) 33224666 (18) 99736-9059

E-mail: ricardobalanca.cia@gmail.com

End: R HUMBERTO DE CAMPOS, 905 Bairro VILA MERCEDES CEP 19.802-092",NORMAL,,"R HUMBERTO DE CAMPOS, 905 Bairro VILA MERCEDES CEP 19.802-092, Assis/SP",,19.802-092,,"[""(18) 33224666"",""(18) 99736-9059""]","[""ricardobalanca.cia@gmail.com""]","[""19.443.411/0001-80""]","[""19.802-092""]","[""R HUMBERTO DE CAMPOS, 905 Bairro VILA MERCEDES CEP 19.802-092, Assis/SP""]",-22.66,-50.4183,,,municipality,Assis/SP,True
781,3537107,Pedreira,PEDREIRA,SP,Nome da empresa: MAJ FABRIN MECANICA LTDA – ME (OFICINA MIGUEL FABRIN),São Paulo PEDREIRA,"São Paulo PEDREIRA

Nome da empresa: MAJ FABRIN MECANICA LTDA – ME (OFICINA MIGUEL FABRIN)

Telefone: 19 38933237 19 997837271 MIGUEL

E-mail: oficinamiguelfabrin@uol.com.br

End: R. Padre Francisco Salvino, 370, Pedreira - SP, Cep:13920-000",NORMAL,,"R. Padre Francisco Salvino, 370, Pedreira - SP, Cep:13920-000",,13920-000,,"[""19 38933237"",""19 997837271""]","[""oficinamiguelfabrin@uol.com.br""]",[],"[""13920-000""]","[""R. Padre Francisco Salvino, 370, Pedreira - SP, Cep:13920-000""]",-22.7413,-46.8948,,,municipality,Pedreira/SP,True
782,3531209,Monte Alegre do Sul,MONTE ALEGRE DO SUL,SP,"58.664.536 ADRIANO APARECIDO DA FONSECA - TECNOFRIO (NÃO ATENDEU GARANTIA, NEM FEZ CADASTRO, MAS CONHECE EQUIPAMENTOS CAF)",SÃO PAULO AMPARO / Monte Alegre do Sul,"SÃO PAULO AMPARO / Monte Alegre do Sul

58.664.536 ADRIANO APARECIDO DA FONSECA - TECNOFRIO (NÃO ATENDEU GARANTIA, NEM FEZ CADASTRO, MAS CONHECE EQUIPAMENTOS CAF)

CNPJ: 58.664.536/0001-91

adrianofonseca7891@gmail.com

19 99715-4642 ADRIANO

RUA SITIO SÃO SEBASTIAO, S/N – LIMAS

CEP: 13820-000 MONTE ALEGRE DO SUL – SP",NORMAL,,"RUA SITIO SÃO SEBASTIAO, S/N – LIMAS, Monte Alegre do Sul/SP",,13820-000,,"[""19 99715-4642""]","[""adrianofonseca7891@gmail.com""]","[""58.664.536/0001-91""]","[""13820-000""]","[""RUA SITIO SÃO SEBASTIAO, S/N – LIMAS, Monte Alegre do Sul/SP""]",-22.6817,-46.681,,,municipality,Monte Alegre do Sul/SP,True
783,3537305,Penápolis,PENAPOLIS,SP,Nome da empresa: THIAGO P. BORGES CAMPOS LTDA (CENTRAL AUTOMACAO E INFORMATICA LTDA – M),São Paulo PENÁPOLIS,"São Paulo PENÁPOLIS

Nome da empresa: THIAGO P. BORGES CAMPOS LTDA (CENTRAL AUTOMACAO E INFORMATICA LTDA – M)

Telefone: (18) 36528260 (18) 3652-9924 DENISE

E-mail: centralthiago@hotmail.com

End: RUA DR. RAMALHO FRANCO, 421 - VILA FÁTIMA, PENÁPOLIS, SÃO PAULO, CEP 16300-000, BRASIL",NORMAL,,"RUA DR. RAMALHO FRANCO, 421 - VILA FÁTIMA, PENÁPOLIS, SÃO PAULO, CEP 16300-000, BRASIL/SP",,16300-000,,"[""(18) 36528260"",""(18) 3652-9924""]","[""centralthiago@hotmail.com""]",[],"[""16300-000""]","[""RUA DR. RAMALHO FRANCO, 421 - VILA FÁTIMA, PENÁPOLIS, SÃO PAULO, CEP 16300-000, BRASIL/SP""]",-21.4148,-50.0769,,,municipality,Penápolis/SP,True
784,3541406,Presidente Prudente,PRESIDENTE PRUDENTE,SP,Nome da empresa: CELIA AP. S. DE S. AZEVEDO EPP (PRUDENMAQ),São Paulo PRESIDENTE PRUDENTE,"São Paulo PRESIDENTE PRUDENTE

Nome da empresa: CELIA AP. S. DE S. AZEVEDO EPP (PRUDENMAQ)

Telefone: (18) 32217395 LUCAS

E-mail: pruden3232@hotmail.com

End: Jardim Sao Luis, Rua Joao Gianetti n 137",NORMAL,,"Jardim Sao Luis, Rua Joao Gianetti n 137, Presidente Prudente/SP",,,,"[""(18) 32217395""]","[""pruden3232@hotmail.com""]",[],[],"[""Jardim Sao Luis, Rua Joao Gianetti n 137, Presidente Prudente/SP""]",-22.1207,-51.3925,,,municipality,Presidente Prudente/SP,True
785,3522109,Itanhaém,ITANHAEM,SP,19.966.386 FLAVIO QUEIROZ MENDONCA – EMG MANUTENÇÕES,SÃO PAULO ITANHAEM,"SÃO PAULO ITANHAEM

19.966.386 FLAVIO QUEIROZ MENDONCA – EMG MANUTENÇÕES

CNPJ: 19.966.386/0001-19

emgmanutencoes23@gmail.com

13 97804-0404 FLAVIO

RUA OCTACILIO DANTAS, 391 – SAVOY

CEP: 11742-620 ITANHAEM – SP",NORMAL,,"RUA OCTACILIO DANTAS, 391 – SAVOY, Itanhaém/SP",,11742-620,,"[""13 97804-0404""]","[""emgmanutencoes23@gmail.com""]","[""19.966.386/0001-19""]","[""11742-620""]","[""RUA OCTACILIO DANTAS, 391 – SAVOY, Itanhaém/SP""]",-24.1736,-46.788,,,municipality,Itanhaém/SP,True
786,3541000,Praia Grande,PRAIA GRANDE,SP,nome da empresa: RENNEIER FRATI – ME (LOJA DO AÇOUGUEIRO),São Paulo PRAIA GRANDE,"São Paulo PRAIA GRANDE

nome da empresa: RENNEIER FRATI – ME (LOJA DO AÇOUGUEIRO)

Telefone: (13) 3471-2858 (11)94142-0445 ROBERTA

13 99770-0674 RENE

E-mail: comercial@renemacassistencia.com

End: AV Presidente Kennedy, Cidade Ocian , n 7831",NORMAL,,"AV Presidente Kennedy, Cidade Ocian , n 7831, Praia Grande/SP",,,,"[""(13) 3471-2858"",""(11)94142-0445"",""13 99770-0674""]","[""comercial@renemacassistencia.com""]",[],[],"[""AV Presidente Kennedy, Cidade Ocian , n 7831, Praia Grande/SP""]",-24.0084,-46.4121,,,municipality,Praia Grande/SP,True
787,3541000,Praia Grande,PRAIA GRANDE,SP,Nome da empresa: ALEXANDRE CARLOS FRATI 26349496850 (MF MAQUINAS),São Paulo PRAIA GRANDE,"São Paulo PRAIA GRANDE

Nome da empresa: ALEXANDRE CARLOS FRATI 26349496850 (MF MAQUINAS)

CNPJ: 34.517.855/0001-06

Telefone: (13) 99162-3172 ALEXANDRE

E-mail: mfmaquinasmf@gmail.com

End: Rua Jose Agapito Cardoso n 1128 Casa 1 , Maracana Praia Grande",NORMAL,,"Rua Jose Agapito Cardoso n 1128 Casa 1 , Maracana Praia Grande/SP",,,,"[""(13) 99162-3172""]","[""mfmaquinasmf@gmail.com""]","[""34.517.855/0001-06""]",[],"[""Rua Jose Agapito Cardoso n 1128 Casa 1 , Maracana Praia Grande/SP""]",-24.0084,-46.4121,,,municipality,Praia Grande/SP,True
788,3552205,Sorocaba,SOROCABA,SP,Nome da empresa: MARCOS PEREIRA SOROCABA – ME (MEIC BALANCAS),São Paulo SOROCABA,"São Paulo SOROCABA

Nome da empresa: MARCOS PEREIRA SOROCABA – ME (MEIC BALANCAS)

Telefone: (15) 32232954 MARCOS

E-mail: meic.vendas@gmail.com

End: R COMENDADOR HERMELINDO MATARAZZO, n 708 Bairro VILA SANTANA CEP:18.080-000",NORMAL,,"R COMENDADOR HERMELINDO MATARAZZO, n 708 Bairro VILA SANTANA CEP:18.080-000, Sorocaba/SP",,18.080-000,,"[""(15) 32232954""]","[""meic.vendas@gmail.com""]",[],"[""18.080-000""]","[""R COMENDADOR HERMELINDO MATARAZZO, n 708 Bairro VILA SANTANA CEP:18.080-000, Sorocaba/SP""]",-23.4969,-47.4451,,,municipality,Sorocaba/SP,True
789,3540705,Porto Ferreira,PORTO FERREIRA,SP,ROGERIO ENDRIGO MORAES EPP (CONSERMAQ),São Paulo PORTO FERREIRA,"São Paulo PORTO FERREIRA

ROGERIO ENDRIGO MORAES EPP (CONSERMAQ)

CNPJ: 00.411.381/0001-00

(19) 35811947 (19) 999088110/999088170 ROGERIO

E-mail: consermaq.r@gmail.com

End: AV ENGENHEIRO NICOLAU DE VERGUEIRO FORJAZ, 373 Bairro CENTRO CEP 13.660-005

MAREDU Comercial e Tecnica (MERCEDES SABINO VALLIM)

CNPJ: 23.362.997/0001-25

Tel: (11) 2677-7115 / (11) 94226-7616

maredu.comercial@outlook.com

ENDEREÇO: RUA SANTOS, nº 355 - VILA CAMILOPOLIS",NORMAL,,"AV ENGENHEIRO NICOLAU DE VERGUEIRO FORJAZ, 373 Bairro CENTRO CEP 13.660-005, Porto Ferreira/SP",,13.660-005,,"[""(19) 35811947"",""(19) 999088110"",""999088170"",""(11) 2677-7115"",""(11) 94226-7616""]","[""consermaq.r@gmail.com"",""maredu.comercial@outlook.com""]","[""00.411.381/0001-00"",""23.362.997/0001-25""]","[""13.660-005""]","[""AV ENGENHEIRO NICOLAU DE VERGUEIRO FORJAZ, 373 Bairro CENTRO CEP 13.660-005, Porto Ferreira/SP"",""RUA SANTOS, nº 355 - VILA CAMILOPOLIS, Porto Ferreira/SP""]",-21.8498,-47.487,,,municipality,Porto Ferreira/SP,True
790,3552205,Sorocaba,SOROCABA,SP,MOBILIZZA COMERCIO DE MAQUINAS E REFRIGERAÇÃO LTDA,São Paulo SOROCABA,"São Paulo SOROCABA

MOBILIZZA COMERCIO DE MAQUINAS E REFRIGERAÇÃO LTDA

CNPJ: 12.480.304/0001-82

Telefone: (15) 3035-4040 (15) 99823-9291 DIEGO

E-mail: assistencia@mobilizza.com / atendimento@mobilizza.com

Avenida Engenheiro Carlos Reinaldo Mendes, 676 - Além Ponte

CEP: 18013-280 Sorocaba-SP",NORMAL,,"Avenida Engenheiro Carlos Reinaldo Mendes, 676 - Além Ponte, Sorocaba/SP",,18013-280,,"[""(15) 3035-4040"",""(15) 99823-9291""]","[""assistencia@mobilizza.com"",""atendimento@mobilizza.com""]","[""12.480.304/0001-82""]","[""18013-280""]","[""Avenida Engenheiro Carlos Reinaldo Mendes, 676 - Além Ponte, Sorocaba/SP""]",-23.4969,-47.4451,,,municipality,Sorocaba/SP,True
791,3554102,Taubaté,TAUBATE,SP,COMERCIAL PRUDENTE LTDA – PRUDENTE BALANÇAS,São Paulo TAUBATÉ,"São Paulo TAUBATÉ

COMERCIAL PRUDENTE LTDA – PRUDENTE BALANÇAS

CNPJ: 10.697.992/0001-01

assistenciatecnicaprudente@uol.com.br

12 3631-1060 / 12 97407-3022

Rua Padre Leonardo De Campos, 302 - Jardim Ana Emília

CEP: 12070-260 TAUBATE – SP",NORMAL,,"Rua Padre Leonardo De Campos, 302 - Jardim Ana Emília, Taubaté/SP",,12070-260,,"[""12 3631-1060"",""12 97407-3022""]","[""assistenciatecnicaprudente@uol.com.br""]","[""10.697.992/0001-01""]","[""12070-260""]","[""Rua Padre Leonardo De Campos, 302 - Jardim Ana Emília, Taubaté/SP""]",-23.0104,-45.5593,,,municipality,Taubaté/SP,True
792,3554102,Taubaté,TAUBATE,SP,W. MAY DOS SANTOS – MW BALANÇAS EQUIP. E REFRIGERAÇÃO,São Paulo TAUBATÉ,"São Paulo TAUBATÉ

W. MAY DOS SANTOS – MW BALANÇAS EQUIP. E REFRIGERAÇÃO

CNPJ: 13.495.036/0001-35

mwbalancas.contato@gmail.com

12 99115-0209 WAGNER

RUA PADRE DIOGO ANTONIO FEIJO, 300 – CENTRO

CEP: 12030-160 TAUBATE – SP",NORMAL,,"RUA PADRE DIOGO ANTONIO FEIJO, 300 – CENTRO, Taubaté/SP",,12030-160,,"[""12 99115-0209""]","[""mwbalancas.contato@gmail.com""]","[""13.495.036/0001-35""]","[""12030-160""]","[""RUA PADRE DIOGO ANTONIO FEIJO, 300 – CENTRO, Taubaté/SP""]",-23.0104,-45.5593,,,municipality,Taubaté/SP,True
793,3522406,Itapeva,ITAPEVA,SP,Nome da empresa: E.A.F DE CAMPOS (TECNOMAC),São Paulo ITAPEVA,"São Paulo ITAPEVA

Nome da empresa: E.A.F DE CAMPOS (TECNOMAC)

CNPJ: 29.236.994/0001-21

Telefone: (15) 35215021 (15) 997030179 ELSON

E-mail: tecnomacautomacao@gmail.com

End: R. Aldo Russo n193, Jardim Brasil cep :18405205",NORMAL,,"R. Aldo Russo n193, Jardim Brasil cep :18405205, Itapeva/SP",,18405205,,"[""(15) 35215021"",""(15) 997030179""]","[""tecnomacautomacao@gmail.com""]","[""29.236.994/0001-21""]","[""18405205""]","[""R. Aldo Russo n193, Jardim Brasil cep :18405205, Itapeva/SP""]",-23.9788,-48.8764,,,municipality,Itapeva/SP,True
794,3502705,Apiaí,APIAI,SP,LUIZ CARLOS DE LIMA APIAI – LUMEN,SÃO PAULO APIAI,"SÃO PAULO APIAI

LUIZ CARLOS DE LIMA APIAI – LUMEN

CNPJ: 01.810.869/0001-64

lumenapiai@hotmail.com

15 99703-8853 LUIZ

RUA 7 DE SETEMBRO, 231 – CENTRO

CEP: 18320-000 APIAI – SP",NORMAL,,"RUA 7 DE SETEMBRO, 231 – CENTRO, Apiaí/SP",,18320-000,,"[""15 99703-8853""]","[""lumenapiai@hotmail.com""]","[""01.810.869/0001-64""]","[""18320-000""]","[""RUA 7 DE SETEMBRO, 231 – CENTRO, Apiaí/SP""]",-24.5108,-48.8443,,,municipality,Apiaí/SP,True
795,3544202,Riolândia,RIOLANDIA,SP,19.868.723 CEZAR PEREIRA DE SOUSA – LOJA SOUZA,SÃO PAULO RIOLÂNDIA,"SÃO PAULO RIOLÂNDIA

19.868.723 CEZAR PEREIRA DE SOUSA – LOJA SOUZA

CNPJ: 19.868.723/0001-35

cesar.p.souza@hotmail.com

17 98142-7635 CEZAR

RUA 8, 1140 – CENTRO

CEP: 15495-009 RIOLANDIA – SP",NORMAL,,"RUA 8, 1140 – CENTRO, Riolândia/SP",,15495-009,,"[""17 98142-7635""]","[""cesar.p.souza@hotmail.com""]","[""19.868.723/0001-35""]","[""15495-009""]","[""RUA 8, 1140 – CENTRO, Riolândia/SP""]",-19.9868,-49.6836,,,municipality,Riolândia/SP,True
796,3557105,Votuporanga,VOTUPORANGA,SP,43.520.310 WELLINGTON BATISTA MARTINS,SÃO PAULO VOTUPORANGA,"SÃO PAULO VOTUPORANGA

43.520.310 WELLINGTON BATISTA MARTINS

CNPJ: 43.520.310/0001-40

wellington.bmartins@hotmail.com

17 99735-3980 WELLINGTON

RUA ANEZIA MENEZESDE LIMA, 6093 – JD ALVORADA

CEP: 15505-045 VOTUPORANGA – SP",NORMAL,,"RUA ANEZIA MENEZESDE LIMA, 6093 – JD ALVORADA, Votuporanga/SP",,15505-045,,"[""17 99735-3980""]","[""wellington.bmartins@hotmail.com""]","[""43.520.310/0001-40""]","[""15505-045""]","[""RUA ANEZIA MENEZESDE LIMA, 6093 – JD ALVORADA, Votuporanga/SP""]",-20.4237,-49.9781,,,municipality,Votuporanga/SP,True
797,3515509,Fernandópolis,FERNANDOPOLIS,SP,Nome da empresa: RAFAEL ALVES GONCALVES (BALANÇÃO FERNANDOPOLIS),São Paulo FERNANDÓPOLIS,"São Paulo FERNANDÓPOLIS

Nome da empresa: RAFAEL ALVES GONCALVES (BALANÇÃO FERNANDOPOLIS)

CNPJ: 29.050.046/0001-05

Telefone: 17 99601-9214 Rafael

E-mail: balancaofernandopolis@hotmail.com

End: Avenida Libero De Almeida Silvares, 2438, Centro Fernandópolis/SP - CEP 15600-001",NORMAL,,"Avenida Libero De Almeida Silvares, 2438, Centro Fernandópolis/SP - CEP 15600-001",,15600-001,,"[""17 99601-9214""]","[""balancaofernandopolis@hotmail.com""]","[""29.050.046/0001-05""]","[""15600-001""]","[""Avenida Libero De Almeida Silvares, 2438, Centro Fernandópolis/SP - CEP 15600-001""]",-20.2806,-50.2471,,,municipality,Fernandópolis/SP,True
798,3515509,Fernandópolis,FERNANDOPOLIS,SP,Nome da empresa: BALANFER COM. E ASSIST. TEC. DE BALANCAS LTDA – ME (BALANCER),São Paulo FERNANDÓPOLIS,"São Paulo FERNANDÓPOLIS

Nome da empresa: BALANFER COM. E ASSIST. TEC. DE BALANCAS LTDA – ME (BALANCER)

CNPJ: 61.920.096/0001-09

Telefone: 17 3442-6082 / 17 99135-2253

E-mail: balancer@hotmail.com

End: R. Rio Grande do Sul, 1225 - Centro, Fernandópolis - SP, cep15600-000",NORMAL,,"R. Rio Grande do Sul, 1225 - Centro, Fernandópolis - SP, cep15600-000",,15600-000,,"[""17 3442-6082"",""17 99135-2253""]","[""balancer@hotmail.com""]","[""61.920.096/0001-09""]","[""15600-000""]","[""R. Rio Grande do Sul, 1225 - Centro, Fernandópolis - SP, cep15600-000""]",-20.2806,-50.2471,,,municipality,Fernandópolis/SP,True
799,3555000,Tupã,TUPA,SP,MARIA APARECIDA FONSECA DE GOIS 08418479833 - TECNICO MORREU,São Paulo TUPA,"São Paulo TUPA

MARIA APARECIDA FONSECA DE GOIS 08418479833  - TECNICO MORREU

CNPJ: 47.147.730/0001-83

mariaapgois66@gmail.com

14 99734-3945 LEÔNIDAS

RUA ATILIO BERNI, 130 – JD ITAIPU

CEP: 17602-482 TUPÃ - SP",NORMAL,,"RUA ATILIO BERNI, 130 – JD ITAIPU, Tupã/SP",,17602-482,,"[""14 99734-3945""]","[""mariaapgois66@gmail.com""]","[""47.147.730/0001-83""]","[""17602-482""]","[""RUA ATILIO BERNI, 130 – JD ITAIPU, Tupã/SP""]",-21.9335,-50.5191,,,municipality,Tupã/SP,True
800,3555000,Tupã,TUPA,SP,Nome da empresa: CLOVIS PANTOLFI (OFICINA TUPA MIRIM),São Paulo TUPA,"São Paulo TUPA

Nome da empresa: CLOVIS PANTOLFI (OFICINA TUPA MIRIM)

CNPJ:  18.485.112/0001-45

Telefone: (14) 3491-1431 (14) 99688-9260

E-mail: oficinatupamirim@gmail.com

End: Rua Estefan Gelezoglo, 212, Vila Tupã Mirim I Tupã/SP - CEP 17603-150",NORMAL,,"Rua Estefan Gelezoglo, 212, Vila Tupã Mirim I Tupã/SP - CEP 17603-150",,17603-150,,"[""(14) 3491-1431"",""(14) 99688-9260""]","[""oficinatupamirim@gmail.com""]","[""18.485.112/0001-45""]","[""17603-150""]","[""Rua Estefan Gelezoglo, 212, Vila Tupã Mirim I Tupã/SP - CEP 17603-150""]",-21.9335,-50.5191,,,municipality,Tupã/SP,True
801,3549805,São José do Rio Preto,SAO JOSE DO RIO PRETO,SP,MILTON ROMAO 16985991882,São Paulo SÃO JOSÉ DO RIO PRETO,"São Paulo SÃO JOSÉ DO RIO PRETO

MILTON ROMAO 16985991882

CNPJ: 45.375.807/0001-47

milton.romao38@hotmail.com

17 99182-9556 MILTON

AVENIDA FORTUNATO ERNESTO VETORASSO, 3170 – JD GISETTE

CEP: 15041-555 SÃO JOSE DO RIO PRETO – SP",NORMAL,,"AVENIDA FORTUNATO ERNESTO VETORASSO, 3170 – JD GISETTE, São José do Rio Preto/SP",,15041-555,,"[""17 99182-9556""]","[""milton.romao38@hotmail.com""]","[""45.375.807/0001-47""]","[""15041-555""]","[""AVENIDA FORTUNATO ERNESTO VETORASSO, 3170 – JD GISETTE, São José do Rio Preto/SP""]",-20.8113,-49.3758,,,municipality,São José do Rio Preto/SP,True
802,3549805,São José do Rio Preto,SAO JOSE DO RIO PRETO,SP,JEALTEC ASSIST. TEC. E COM. DE PEÇAS LTDA,São Paulo SÃO JOSÉ DO RIO PRETO,"São Paulo SÃO JOSÉ DO RIO PRETO

JEALTEC ASSIST. TEC. E COM. DE PEÇAS LTDA

CNPJ: 13.303.828/0001-60

Telefone: (17) 3016-7944 / 99745-8108

E-mail: jealtec@hotmail.com

RUA DR. COUTINHO CAVALCANTI, 1965 – JD AMERICA

CEP: 15055-355 SÃO JOSÉ DO RIO PRETO – SP",NORMAL,,"RUA DR. COUTINHO CAVALCANTI, 1965 – JD AMERICA, São José do Rio Preto/SP",,15055-355,,"[""(17) 3016-7944"",""99745-8108""]","[""jealtec@hotmail.com""]","[""13.303.828/0001-60""]","[""15055-355""]","[""RUA DR. COUTINHO CAVALCANTI, 1965 – JD AMERICA, São José do Rio Preto/SP""]",-20.8113,-49.3758,,,municipality,São José do Rio Preto/SP,True
803,3549805,São José do Rio Preto,SAO JOSE DO RIO PRETO,SP,RAFAEL HENRIQUE LOURENCO 38654570881,São Paulo SÃO JOSÉ DO RIO PRETO,"São Paulo SÃO JOSÉ DO RIO PRETO

RAFAEL HENRIQUE LOURENCO 38654570881

CNPJ: 41.204.184/0001-99

rafaeltitan00@gmail.com

17 99662-1987 RAFAEL

AV JOSE DA SILVA SE, 305 CASA 94 – COND. RES. PQ DA LIBERDADE IV

CEP: 15056-690 SÃO JOSÉ DO RIO PRETO",NORMAL,,"AV JOSE DA SILVA SE, 305 CASA 94 – COND. RES. PQ DA LIBERDADE IV, São José do Rio Preto/SP",,15056-690,,"[""17 99662-1987""]","[""rafaeltitan00@gmail.com""]","[""41.204.184/0001-99""]","[""15056-690""]","[""AV JOSE DA SILVA SE, 305 CASA 94 – COND. RES. PQ DA LIBERDADE IV, São José do Rio Preto/SP""]",-20.8113,-49.3758,,,municipality,São José do Rio Preto/SP,True
804,3549805,São José do Rio Preto,SAO JOSE DO RIO PRETO,SP,Nome da empresa: ENZOTEC ASSISTENCIA TECNICA EIRELI,São Paulo SÃO JOSÉ DO RIO PRETO,"São Paulo SÃO JOSÉ DO RIO PRETO

Nome da empresa: ENZOTEC ASSISTENCIA TECNICA EIRELI

CNPJ: 01.853.966/0001-34

17 3223-5731 AYSHA (ASSISTENCIA)

Telefone: (17) 32150558 (17) 981121933

E-mail:     enzotecnicafinancas@gmail.com

End: Av. Dr. Fernando Costa, 358 B - Vila Maceno, São José do Rio Preto - SP, 15061-000",NORMAL,,"Av. Dr. Fernando Costa, 358 B - Vila Maceno, São José do Rio Preto - SP, 15061-000",,15061-000,,"[""17 3223-5731"",""(17) 32150558"",""(17) 981121933""]","[""enzotecnicafinancas@gmail.com""]","[""01.853.966/0001-34""]","[""15061-000""]","[""Av. Dr. Fernando Costa, 358 B - Vila Maceno, São José do Rio Preto - SP, 15061-000""]",-20.8113,-49.3758,,,municipality,São José do Rio Preto/SP,True
805,3533007,Nova Granada,NOVA GRANADA,SP,ELETRIFICACAO GRANADA LTDA,SÃO PAULO NOVA GRANADA,"SÃO PAULO NOVA GRANADA

ELETRIFICACAO GRANADA LTDA

CNPJ: 54.392.204/0001-44

eletrificacaogranada@hotmail.com

17 99763-4703 RICARDO / 17 3262-2016

RUA JOSE BARONE MERCADANTE, 775 - CENTRO

CEP: 15440-000 NOVA GRANADA – SP",NORMAL,,"RUA JOSE BARONE MERCADANTE, 775 - CENTRO, Nova Granada/SP",,15440-000,,"[""17 99763-4703"",""17 3262-2016""]","[""eletrificacaogranada@hotmail.com""]","[""54.392.204/0001-44""]","[""15440-000""]","[""RUA JOSE BARONE MERCADANTE, 775 - CENTRO, Nova Granada/SP""]",-20.5321,-49.3123,,,municipality,Nova Granada/SP,True
806,3549904,São José dos Campos,SAO JOSE DOS CAMPOS,SP,P. R. DA COSTA BALANÇAS – RODRIGUES BALANCAS,São Paulo São José dos Campos,"São Paulo São José dos Campos

P. R. DA COSTA BALANÇAS – RODRIGUES BALANCAS

CNPJ: 26.639.762/0001-26

rodriguesbals@hotmail.com

12 99197-8309 LUCIMARA FINANCEIRO

12 99631-0307 PETTER TECNICO

AVENIDA SAGA, 456 – JD. ORIENTE

CEP: 12236-170 São José dos Campos – SP",NORMAL,,"AVENIDA SAGA, 456 – JD. ORIENTE, São José dos Campos/SP",,12236-170,,"[""12 99197-8309"",""12 99631-0307""]","[""rodriguesbals@hotmail.com""]","[""26.639.762/0001-26""]","[""12236-170""]","[""AVENIDA SAGA, 456 – JD. ORIENTE, São José dos Campos/SP""]",-23.1896,-45.8841,,,municipality,São José dos Campos/SP,True
807,3549904,São José dos Campos,SAO JOSE DOS CAMPOS,SP,LEVA PESO MANUTENCAO DE EQUIP. GASTR. LTDA,São Paulo São José dos Campos,"São Paulo São José dos Campos

LEVA PESO MANUTENCAO DE EQUIP. GASTR. LTDA

CNPJ: 30.330.082/0001-01

levapeso@gmail.com

12 97403-1841 | 12 98810-6941 FELIPE

RUA ESTRELA DALVA, 120 – JD SATELITE

CEP: 12230-480 SÃO JOSÉ DOS CAMPOS – SP",NORMAL,,"RUA ESTRELA DALVA, 120 – JD SATELITE, São José dos Campos/SP",,12230-480,,"[""12 97403-1841"",""12 98810-6941""]","[""levapeso@gmail.com""]","[""30.330.082/0001-01""]","[""12230-480""]","[""RUA ESTRELA DALVA, 120 – JD SATELITE, São José dos Campos/SP""]",-23.1896,-45.8841,,,municipality,São José dos Campos/SP,True
808,3549904,São José dos Campos,SAO JOSE DOS CAMPOS,SP,RODRIGO RIBEIRO GRANJA 28285990869 – R & R MANUTENÇÃO,São Paulo São José dos Campos,"São Paulo São José dos Campos

RODRIGO RIBEIRO GRANJA 28285990869 – R & R MANUTENÇÃO

CNPJ: 38.379.859/0001-26

rrmanutencao452@gmail.com

12 3028-6180 / 12 99163-3136 RODRIGO

Rua Dr. Maurício de Freitas, 49 BAIRRO 31 DE MARÇO

CEP: 12237-100 SÃO JOSÉ DOS CAMPOS – SP",NORMAL,,"Rua Dr. Maurício de Freitas, 49 BAIRRO 31 DE MARÇO, São José dos Campos/SP",,12237-100,,"[""12 3028-6180"",""12 99163-3136""]","[""rrmanutencao452@gmail.com""]","[""38.379.859/0001-26""]","[""12237-100""]","[""Rua Dr. Maurício de Freitas, 49 BAIRRO 31 DE MARÇO, São José dos Campos/SP""]",-23.1896,-45.8841,,,municipality,São José dos Campos/SP,True
809,3549904,São José dos Campos,SAO JOSE DOS CAMPOS,SP,SATELITE MAQUINAS LTDA,São Paulo São José dos Campos,"São Paulo São José dos Campos

SATELITE MAQUINAS LTDA

CNPJ: 55.502.123/0001-12

satelitemaquinas@hotmail.com

Telefones: (12) 99110-5038 - Whatsapp

Rua Benedito Alves Moreira, 185 – Jd. Satélite

CEP: 12231-750 São José dos Campos – SP

E C RAPOSO BALANCAS – SATELITE BALANÇAS

CNPJ: 27.413.139/0001-13",NORMAL,,"Rua Benedito Alves Moreira, 185 – Jd. Satélite, São José dos Campos/SP",,12231-750,,"[""(12) 99110-5038""]","[""satelitemaquinas@hotmail.com""]","[""55.502.123/0001-12"",""27.413.139/0001-13""]","[""12231-750""]","[""Rua Benedito Alves Moreira, 185 – Jd. Satélite, São José dos Campos/SP""]",-23.1896,-45.8841,,,municipality,São José dos Campos/SP,True
810,3549904,São José dos Campos,SAO JOSE DOS CAMPOS,SP,FILIVALE-BALANCAS E EQUIPAMENTOS LTDA,São Paulo São José dos Campos,"São Paulo São José dos Campos

FILIVALE-BALANCAS E EQUIPAMENTOS LTDA

CYNTHIA MARTINS

(12) 3931-4833 / 98256-5651",NORMAL,,,,,,"[""(12) 3931-4833"",""98256-5651""]",[],[],[],[],-23.1896,-45.8841,,,municipality,São José dos Campos/SP,True
811,3540754,Potim,POTIM,SP,EDSON LEITE (EDSON LEITE MANUTENÇÃO),São Paulo POTIM,"São Paulo POTIM

EDSON LEITE (EDSON LEITE MANUTENÇÃO)

CNPJ: 48.369.684/0001-20

edsonleitemaquinas@gmail.com

12 99149-7730 EDSON

RUA ARISTIDES INACIO RODRIGUES, 204 – FREI GALVAO

CEP.: 12525-296 POTIM - SP",NORMAL,,"RUA ARISTIDES INACIO RODRIGUES, 204 – FREI GALVAO, Potim/SP",,12525-296,,"[""12 99149-7730""]","[""edsonleitemaquinas@gmail.com""]","[""48.369.684/0001-20""]","[""12525-296""]","[""RUA ARISTIDES INACIO RODRIGUES, 204 – FREI GALVAO, Potim/SP""]",-22.8343,-45.2552,,,municipality,Potim/SP,True
812,3518404,Guaratinguetá,GUARATINGUETA,SP,Nome da empresa: ANTENOR MAGALAES JR 03329023821(CONSEMAQ),São Paulo GUARATINGUETÁ,"São Paulo GUARATINGUETÁ

Nome da empresa: ANTENOR MAGALAES JR 03329023821(CONSEMAQ)

Telefone: (12) 31322010 ANTENOR

E-mail: antemagajr@gmail.com

End: Avenida Santos Dumont, 335, Figueira, Guaratingueta, SP, CEP 12504-030, Brasil",NORMAL,,"Avenida Santos Dumont, 335, Figueira, Guaratingueta, SP, CEP 12504-030, Brasil",,12504-030,,"[""(12) 31322010""]","[""antemagajr@gmail.com""]",[],"[""12504-030""]","[""Avenida Santos Dumont, 335, Figueira, Guaratingueta, SP, CEP 12504-030, Brasil""]",-22.8075,-45.1938,,,municipality,Guaratinguetá/SP,True
813,3555406,Ubatuba,UBATUBA,SP,Nome da empresa: ANA LUIZA DE OLIVEIRA MATEUS AQUINO 27041294870(R&A MAQUINAS E MOTORES),São Paulo UBATUBA,"São Paulo UBATUBA

Nome da empresa: ANA LUIZA DE OLIVEIRA MATEUS AQUINO 27041294870(R&A MAQUINAS E MOTORES)

Telefone: (12) 38332147

E-mail: ramaquinasemotores@hotmail.com

End: Av. Rio Grande do Sul, 367 - 1 - Centro, Ubatuba - SP, cep:11680-000

|  |
| --- |
|  |",NORMAL,,"Av. Rio Grande do Sul, 367 - 1 - Centro, Ubatuba - SP, cep:11680-000",,11680-000,,"[""(12) 38332147""]","[""ramaquinasemotores@hotmail.com""]",[],"[""11680-000""]","[""Av. Rio Grande do Sul, 367 - 1 - Centro, Ubatuba - SP, cep:11680-000""]",-23.4332,-45.0834,,,municipality,Ubatuba/SP,True
814,3541406,Presidente Prudente,PRESIDENTE PRUDENTE,SP,Nome da empresa: GODOITEC COMERCIO E ASSISTENCIA TECNICA LTDA,São Paulo PRESIDENTE PRUDENTE,"São Paulo PRESIDENTE PRUDENTE

Nome da empresa: GODOITEC COMERCIO E ASSISTENCIA TECNICA LTDA

CNPJ: 00.172.564/0001-01

Telefone: (18) 3221-0872 / 3203-1572 /18 99786-4988

E-mail: assistencia@godoitec.com.br

Rua Desbravador Ceará, 323 - Bairro do Bosque, Pres. Prudente - SP, 19015-190",NORMAL,,"Rua Desbravador Ceará, 323 - Bairro do Bosque, Pres. Prudente - SP, 19015-190, Presidente Prudente/SP",,19015-190,,"[""(18) 3221-0872"",""3203-1572"",""18 99786-4988""]","[""assistencia@godoitec.com.br""]","[""00.172.564/0001-01""]","[""19015-190""]","[""Rua Desbravador Ceará, 323 - Bairro do Bosque, Pres. Prudente - SP, 19015-190, Presidente Prudente/SP""]",-22.1207,-51.3925,,,municipality,Presidente Prudente/SP,True
815,3548708,São Bernardo do Campo,SAO BERNARDO DO CAMPO,SP,JR PAN COM E SERVICOS DE ASSISTENCIA TEC E MANUT LIMITADA,São Paulo SÃO BERNARDO DO CAMPO,"São Paulo SÃO BERNARDO DO CAMPO

JR PAN COM E SERVICOS DE ASSISTENCIA TEC E MANUT LIMITADA

CNPJ: 27.391.336/0001-89

jrpan.manutencao@gmail.com

11 2834-0065 / 11 94021-5290 REBECA

Av. Rosa Aizemberg, 86 - Vila Rosa

CEP: 09862-305 São Bernardo do Campo - SP",NORMAL,,"Av. Rosa Aizemberg, 86 - Vila Rosa, São Bernardo do Campo/SP",,09862-305,,"[""11 2834-0065"",""11 94021-5290""]","[""jrpan.manutencao@gmail.com""]","[""27.391.336/0001-89""]","[""09862-305""]","[""Av. Rosa Aizemberg, 86 - Vila Rosa, São Bernardo do Campo/SP""]",-23.6914,-46.5646,,,municipality,São Bernardo do Campo/SP,True
816,3548708,São Bernardo do Campo,SAO BERNARDO DO CAMPO,SP,Nome da empresa: CONTAINER COM. DE MAQ. EQUIP. LTDA – ME (CONTAMAQ),São Paulo SÃO BERNARDO DO CAMPO,"São Paulo SÃO BERNARDO DO CAMPO

Nome da empresa: CONTAINER COM. DE MAQ. EQUIP. LTDA – ME (CONTAMAQ)

CNPJ:58.471.467/0001-08

Telefone: (11) 4356-1011 / 11 98100-3322 ERICK

E-mail: at@contamaq.com.br

End: Estrada dos casa n 3300 Jardim Ipê, cep:09840000",NORMAL,,"Estrada dos casa n 3300 Jardim Ipê, cep:09840000, São Bernardo do Campo/SP",,09840000,,"[""(11) 4356-1011"",""11 98100-3322""]","[""at@contamaq.com.br""]","[""58.471.467/0001-08""]","[""09840000""]","[""Estrada dos casa n 3300 Jardim Ipê, cep:09840000, São Bernardo do Campo/SP""]",-23.6914,-46.5646,,,municipality,São Bernardo do Campo/SP,True
817,3541406,Presidente Prudente,PRESIDENTE PRUDENTE,SP,Nome da empresa: P & A - MANT. E REP. DE APAR. ELETR. LTDA - ME,São Paulo PRESIDENTE PRUDENTE,"São Paulo PRESIDENTE PRUDENTE

Nome da empresa: P & A - MANT. E REP. DE APAR. ELETR. LTDA - ME

Telefone: (18) 32222927 (18) 996953355

E-mail: itaman.eletrotecnica@gmail.com

End: Avenida Manoel Goulart, 741 Centro - Presidente Prudente - SP CEP 19010-270",NORMAL,,"Avenida Manoel Goulart, 741 Centro - Presidente Prudente - SP CEP 19010-270",,19010-270,,"[""(18) 32222927"",""(18) 996953355""]","[""itaman.eletrotecnica@gmail.com""]",[],"[""19010-270""]","[""Avenida Manoel Goulart, 741 Centro - Presidente Prudente - SP CEP 19010-270""]",-22.1207,-51.3925,,,municipality,Presidente Prudente/SP,True
818,3552205,Sorocaba,SOROCABA,SP,Nome da empresa: JOVINO DIMAS CALIXTO – ME (TECMAQ BALANÇAS),São Paulo SOROCABA,"São Paulo SOROCABA

Nome da empresa: JOVINO DIMAS CALIXTO – ME (TECMAQ BALANÇAS)

Telefone: (15) 32319693 (15) 32113025 JOVINO

E-mail: tecmaq-balancas@hotmail.com

End: R. Cel. Nogueira Padilha, 229 - Vila Hortência, Sorocaba - SP, CEP:18020-000",NORMAL,,"R. Cel. Nogueira Padilha, 229 - Vila Hortência, Sorocaba - SP, CEP:18020-000",,18020-000,,"[""(15) 32319693"",""(15) 32113025""]","[""tecmaq-balancas@hotmail.com""]",[],"[""18020-000""]","[""R. Cel. Nogueira Padilha, 229 - Vila Hortência, Sorocaba - SP, CEP:18020-000""]",-23.4969,-47.4451,,,municipality,Sorocaba/SP,True
819,3518701,Guarujá,GUARUJA,SP,Nome da empresa: JOSE AGNALDO LAPA ME (GUARU BALANCAS),São Paulo GUARUJÁ,"São Paulo GUARUJÁ

Nome da empresa: JOSE AGNALDO LAPA ME (GUARU BALANCAS)

CNPJ: 55.503.593/0001-09

Telefone: (13) 33875991 (13) 99657-1081 AGNALDO

E-mail: guarubalancas@hotmail.com",NORMAL,,,,,,"[""(13) 33875991"",""(13) 99657-1081""]","[""guarubalancas@hotmail.com""]","[""55.503.593/0001-09""]",[],[],-23.9888,-46.258,,,municipality,Guarujá/SP,True
820,3543402,Ribeirão Preto,RIBEIRAO PRETO,SP,MARCOS HENRIQUE HERNANDES,São Paulo RIBEIRÃO PRETO,"São Paulo RIBEIRÃO PRETO

MARCOS HENRIQUE HERNANDES

CNPJ: 07.763.605/0001-83

Telefone: (16) 99111-7830 MARCOS

E-mail: marcoshenriquehernandes@hotmail.com

End: R. Tajacu n 1205, Ipiranga Cep: 14.060-540",NORMAL,,"R. Tajacu n 1205, Ipiranga Cep: 14.060-540, Ribeirão Preto/SP",,14.060-540,,"[""(16) 99111-7830""]","[""marcoshenriquehernandes@hotmail.com""]","[""07.763.605/0001-83""]","[""14.060-540""]","[""R. Tajacu n 1205, Ipiranga Cep: 14.060-540, Ribeirão Preto/SP""]",-21.1699,-47.8099,,,municipality,Ribeirão Preto/SP,True
821,3543402,Ribeirão Preto,RIBEIRAO PRETO,SP,Nome da empresa: NASTECH COMERCIAL TECNICA LTDA – ME,São Paulo RIBEIRÃO PRETO,"São Paulo RIBEIRÃO PRETO

Nome da empresa: NASTECH COMERCIAL TECNICA LTDA – ME

CNPJ: 01.989.481/0001-72

Telefone: (16) 992394839 (16) 991373207   NASCIMENTO

E-mail: nastech1@hotmail.com

End: Av. Dr. Marcos Antônio Macário dos Santos, 510 - Conj. Hab. Jardim das Palmeiras, Ribeirão Preto - SP, Cep: 14094-060",NORMAL,,"Av. Dr. Marcos Antônio Macário dos Santos, 510 - Conj. Hab. Jardim das Palmeiras, Ribeirão Preto - SP, Cep: 14094-060",,14094-060,,"[""(16) 992394839"",""(16) 991373207""]","[""nastech1@hotmail.com""]","[""01.989.481/0001-72""]","[""14094-060""]","[""Av. Dr. Marcos Antônio Macário dos Santos, 510 - Conj. Hab. Jardim das Palmeiras, Ribeirão Preto - SP, Cep: 14094-060""]",-21.1699,-47.8099,,,municipality,Ribeirão Preto/SP,True
822,3524808,Jales,JALES,SP,Nome da empresa: CLAUDEMIR NOEL TOZZO – ME (TOZZO EMBALAGENS),São Paulo JALES,"São Paulo JALES

Nome da empresa: CLAUDEMIR NOEL TOZZO – ME (TOZZO EMBALAGENS)

Telefone: (17) 36326821 (17) 997259966

E-mail: andrea_tozzo@yahoo.com.br

End: RUA IZAURA BERTHO VENTURINI, 1063   JARDIM IPIRANGA",NORMAL,,"RUA IZAURA BERTHO VENTURINI, 1063 JARDIM IPIRANGA, Jales/SP",,,,"[""(17) 36326821"",""(17) 997259966""]","[""andrea_tozzo@yahoo.com.br""]",[],[],"[""RUA IZAURA BERTHO VENTURINI, 1063 JARDIM IPIRANGA, Jales/SP""]",-20.2672,-50.5494,,,municipality,Jales/SP,True
823,3510203,Capão Bonito,CAPAO BONITO,SP,Nome da empresa: CARLOS EDUARDO GARCIA REFRIGERACAO,São Paulo CAPÃO BONITO,"São Paulo CAPÃO BONITO

Nome da empresa: CARLOS EDUARDO GARCIA REFRIGERACAO

Telefone: (15) 35422357

E-mail: refrimaqcb@uol.com.br

End: Rua 09 De Julho, 323, Centro Capão Bonito/SP - CEP 18300-050",NORMAL,,"Rua 09 De Julho, 323, Centro Capão Bonito/SP - CEP 18300-050",,18300-050,,"[""(15) 35422357""]","[""refrimaqcb@uol.com.br""]",[],"[""18300-050""]","[""Rua 09 De Julho, 323, Centro Capão Bonito/SP - CEP 18300-050""]",-24.0113,-48.3482,,,municipality,Capão Bonito/SP,True
824,3510005,Cândido Mota,CANDIDO MOTA,SP,Nome da empresa: M. ANTONIO RODRIGUES BOMBAS ME (HIDROBOMBAS),São Paulo CÂNDIDO MOTA,"São Paulo CÂNDIDO MOTA

Nome da empresa: M. ANTONIO RODRIGUES BOMBAS ME (HIDROBOMBAS)

Telefone: (18) 33411918 (18) 996744384 MARCOS

E-mail: hidrobombas.cm@hotmail.com

End: RUA SAO PAULO, 715   CENTRO 19880-000",NORMAL,,"RUA SAO PAULO, 715 CENTRO 19880-000, Cândido Mota/SP",,19880-000,,"[""(18) 33411918"",""(18) 996744384""]","[""hidrobombas.cm@hotmail.com""]",[],"[""19880-000""]","[""RUA SAO PAULO, 715 CENTRO 19880-000, Cândido Mota/SP""]",-22.7471,-50.3873,,,municipality,Cândido Mota/SP,True
825,3144805,Nova Lima,NOVA LIMA,MG,26.455.235 JOSUE DIAS DA SILVA,MINAS GERAIS NOVA LIMA,"MINAS GERAIS NOVA LIMA

26.455.235 JOSUE DIAS DA SILVA

CNPJ: 26.455.235/0001-61

josueedias2013@gmail.com

31 99840-4305 JOSUÉ

RUA FRANCISCO AVELINO DE ASSIS, 268 – MINA D’AGUA

CEP: 34000-664 NOVA LIMA – MG",NORMAL,,"RUA FRANCISCO AVELINO DE ASSIS, 268 – MINA D’AGUA, Nova Lima/MG",,34000-664,,"[""31 99840-4305""]","[""josueedias2013@gmail.com""]","[""26.455.235/0001-61""]","[""34000-664""]","[""RUA FRANCISCO AVELINO DE ASSIS, 268 – MINA D’AGUA, Nova Lima/MG""]",-19.9758,-43.8509,,,municipality,Nova Lima/MG,True
826,3145901,Ouro Branco,OURO BRANCO,MG,58.898.185 MAURICIO AMPRIMO,MINAS GERAIS OURO BRANCO,"MINAS GERAIS OURO BRANCO

58.898.185 MAURICIO AMPRIMO

CNPJ: 58.898.185/0001-83

mauricioamprimo@gmail.com

31 99858-2024 MAURICIO

AV. JOAO MONLEVADE, 527 – APTO 302 – PIONEIROS

CEP: 36492-332 OURO BRANCO - MG",NORMAL,,"AV. JOAO MONLEVADE, 527 – APTO 302 – PIONEIROS, Ouro Branco/MG",,36492-332,,"[""31 99858-2024""]","[""mauricioamprimo@gmail.com""]","[""58.898.185/0001-83""]","[""36492-332""]","[""AV. JOAO MONLEVADE, 527 – APTO 302 – PIONEIROS, Ouro Branco/MG""]",-20.5263,-43.6962,,,municipality,Ouro Branco/MG,True
827,3100203,Abaeté,ABAETE,MG,MUNDIAL MOTORES MRS ABAETE LTDA – MUNDIAL MOTORES,MINAS GERAIS ABAETÉ,"MINAS GERAIS ABAETÉ

MUNDIAL MOTORES MRS ABAETE LTDA – MUNDIAL MOTORES

CNPJ: 09.721.052/0001-21

mundialmotores94@gmail.com

37 9959-8435 Renato Silva

Avenida José Leopoldino,832 - São Luís

CEP: 35620-000 ABAETE – MG",NORMAL,,"Avenida José Leopoldino,832 - São Luís, Abaeté/MG",,35620-000,,"[""37 9959-8435""]","[""mundialmotores94@gmail.com""]","[""09.721.052/0001-21""]","[""35620-000""]","[""Avenida José Leopoldino,832 - São Luís, Abaeté/MG""]",-19.1551,-45.4444,,,municipality,Abaeté/MG,True
828,3100203,Abaeté,ABAETE,MG,RICARDO MARCIANO DA COSTA 09341888662 – MUNDIAL MOTORES,MINAS GERAIS ABAETÉ,"MINAS GERAIS ABAETÉ

RICARDO MARCIANO DA COSTA 09341888662 – MUNDIAL MOTORES

CNPJ: 23.916.556/0001-28 / IE: 0026825770004

mundialmotores94@gmail.com

37 9959-8435 Renato Silva

Escritório 37 999972754

Avenida José Leopoldino,832 - São Luís

CEP: 35620-000 ABAETE – MG",NORMAL,,"Avenida José Leopoldino,832 - São Luís, Abaeté/MG",,35620-000,,"[""37 9959-8435"",""37 999972754""]","[""mundialmotores94@gmail.com""]","[""23.916.556/0001-28""]","[""35620-000""]","[""Avenida José Leopoldino,832 - São Luís, Abaeté/MG""]",-19.1551,-45.4444,,,municipality,Abaeté/MG,True
829,3169703,Turmalina,TURMALINA,MG,JOAO PAULO GONCALVES ROCHA – JP MOTORES ELETRICOS TUR,MINAS GERAIS TURMALINA,"MINAS GERAIS TURMALINA

JOAO PAULO GONCALVES ROCHA – JP MOTORES ELETRICOS TUR

CNPJ: 27.487.632/0001-88

jpmotorestur@gmail.com

38 99197-4703 DENILDO

RUA JOÃO CORDEIRO, 181 A – CAMPO

CEP: 39660-000 TURMALINA - MG",NORMAL,,"RUA JOÃO CORDEIRO, 181 A – CAMPO, Turmalina/MG",,39660-000,,"[""38 99197-4703""]","[""jpmotorestur@gmail.com""]","[""27.487.632/0001-88""]","[""39660-000""]","[""RUA JOÃO CORDEIRO, 181 A – CAMPO, Turmalina/MG""]",-17.2828,-42.7285,,,municipality,Turmalina/MG,True
830,3168606,Teófilo Otoni,TEOFILO OTONI,MG,HL MAQUINAS (LUCIENE JOSE SILVA LEMOS 04423924609),Minas Gerais TEÓFILO OTONI,"Minas Gerais TEÓFILO OTONI

HL MAQUINAS (LUCIENE JOSE SILVA LEMOS 04423924609)

CNPJ: 46.131.270/0001-32

hlmaquinasfinanceiro@gmail.com

33 3086-3788 / 99823-2302 Luciene

33 98893-9929 / 98704-0694 França Técnico

AVENIDA ALBERTO LAENDER, 300 A – SÃO DIOGO

CEP.: 39803-008 TEÓFILO OTONI – MG

K M Maquinas LTDA

kmmaquinascompras@outlook.com

33 98878-7909 / 98704-0694
Avenida Alberto Leander, 285 - São Diogo
Teófilo Otoni - MG
39803-008",NORMAL,,"AVENIDA ALBERTO LAENDER, 300 A – SÃO DIOGO, Teófilo Otoni/MG",,39803-008,,"[""33 3086-3788"",""99823-2302"",""33 98893-9929"",""98704-0694"",""33 98878-7909""]","[""hlmaquinasfinanceiro@gmail.com"",""kmmaquinascompras@outlook.com""]","[""46.131.270/0001-32""]","[""39803-008""]","[""AVENIDA ALBERTO LAENDER, 300 A – SÃO DIOGO, Teófilo Otoni/MG"",""Avenida Alberto Leander, 285 - São Diogo, Teófilo Otoni/MG""]",-17.8595,-41.5087,,,municipality,Teófilo Otoni/MG,True
831,3106200,Belo Horizonte,BELO HORIZONTE,MG,Nome da empresa: EXTRA MAQUINAS LTDA --- NÃO FAZER GARANTIA COM ESSA EMPRESA (MÃO DE OBRA CARA),Minas Gerais BELO HORIZONTE,"Minas Gerais BELO HORIZONTE

Nome da empresa: EXTRA MAQUINAS LTDA  --- NÃO FAZER GARANTIA COM ESSA EMPRESA (MÃO DE OBRA CARA)

CNPJ: 21.044.912/0001-35

Telefone: (31) 33842789 (31) 98764-2848 RAFAEL

E-mail: extramaquina1985@hotmail.com",NAO_INDICAR,NAO FAZER GARANTIA,,,,,"[""(31) 33842789"",""(31) 98764-2848""]","[""extramaquina1985@hotmail.com""]","[""21.044.912/0001-35""]",[],[],-19.9102,-43.9266,,,municipality,Belo Horizonte/MG,True
832,3113404,Caratinga,CARATINGA,MG,N. A. COSTA (N.A.C SOLUÇÕES),MINAS GERAIS CARATINGA,"MINAS GERAIS CARATINGA

N. A. COSTA (N.A.C SOLUÇÕES)

CNPJ: 31.529.864/0001-29

natananiceto88@gmail.com

33 99939-7240 NATAN

RUA JEQUITIBA, 215 - FLORESTA",NORMAL,,"RUA JEQUITIBA, 215 - FLORESTA, Caratinga/MG",,,,"[""33 99939-7240""]","[""natananiceto88@gmail.com""]","[""31.529.864/0001-29""]",[],"[""RUA JEQUITIBA, 215 - FLORESTA, Caratinga/MG""]",-19.7868,-42.1292,,,municipality,Caratinga/MG,True
833,3120805,Cruzília,CRUZILIA,MG,MARCELO REBOBINAMENTO DE MOTORES ELETRICOS LTDA,MINAS GERAIS CRUZILIA,"MINAS GERAIS CRUZILIA

MARCELO REBOBINAMENTO DE MOTORES ELETRICOS LTDA

CNPJ: 52.434.762/0001-08

TELEFONE: (35) 99816-2786 – MARCELO

E-MAIL: MARCELO.MOTORES@YAHOO.COM

END: R PROFESSOR MANOELITO MACIEL, 63, CENTRO - CEP: 37.445-000",NORMAL,,"R PROFESSOR MANOELITO MACIEL, 63, CENTRO - CEP: 37.445-000, Cruzília/MG",,37.445-000,,"[""(35) 99816-2786""]","[""MARCELO.MOTORES@YAHOO.COM""]","[""52.434.762/0001-08""]","[""37.445-000""]","[""R PROFESSOR MANOELITO MACIEL, 63, CENTRO - CEP: 37.445-000, Cruzília/MG""]",-21.84,-44.8067,,,municipality,Cruzília/MG,True
834,3148103,Patrocínio,PATROCINIO,MG,54.106.987 SWAMY HENRIQUE DE SOUZA,MINAS GERAIS - PATROCINIO,"MINAS GERAIS - PATROCINIO

54.106.987 SWAMY HENRIQUE DE SOUZA

CNPJ: 54.106.987/0001-52

CONTATO: (34) 99108-5013 – HENRIQUE

E-MAIL: MINE.BALANCAS@HOTMAIL.COM

ENDEREÇO: R PRESIDENTE VARGAS, 2131, SAO FRANCISCO - CEP: 38.742-012",NORMAL,,"R PRESIDENTE VARGAS, 2131, SAO FRANCISCO - CEP: 38.742-012, Patrocínio/MG",,38.742-012,,"[""(34) 99108-5013""]","[""MINE.BALANCAS@HOTMAIL.COM""]","[""54.106.987/0001-52""]","[""38.742-012""]","[""R PRESIDENTE VARGAS, 2131, SAO FRANCISCO - CEP: 38.742-012, Patrocínio/MG""]",-18.9379,-46.9934,,,municipality,Patrocínio/MG,True
835,3160405,Santo Antônio do Monte,SANTO ANTONIO DO MONTE,MG,62.586.220 JOAO PAULO RODRIGUES RIBEIRO,MINAS GERAIS SANTO ANTONIO DO MONTE,"MINAS GERAIS SANTO ANTONIO DO MONTE

62.586.220 JOAO PAULO RODRIGUES RIBEIRO

CNPJ: 62.586.220/0001-04

santoantoniodomonte142@gmail.com

37 99902-5439 JOAO PAULO

RUA DR. ORMAR RODARTE, 205 – CORALIA BRANDAO

CEP: 35560-000 SANTO ANTONIO DO MONTE - MG",NORMAL,,"RUA DR. ORMAR RODARTE, 205 – CORALIA BRANDAO, Santo Antônio do Monte/MG",,35560-000,,"[""37 99902-5439""]","[""santoantoniodomonte142@gmail.com""]","[""62.586.220/0001-04""]","[""35560-000""]","[""RUA DR. ORMAR RODARTE, 205 – CORALIA BRANDAO, Santo Antônio do Monte/MG""]",-20.085,-45.2947,,,municipality,Santo Antônio do Monte/MG,True
836,3529302,Matão,MATAO,SP,Nome da empresa: DAISON ALESSANDRO COLIN (COLIN ASSISTENCIA TECNICA),São Paulo MATÃO,"São Paulo MATÃO

Nome da empresa: DAISON ALESSANDRO COLIN (COLIN ASSISTENCIA TECNICA)

Telefone: (16) 997543946 DAILSON

E-mail: colinassistenciatecnica@uol.com.br

End: Avenida Mato Grosso Do Sul, 542, Jardim Do Bosque Matão/SP - CEP 15997-109

TOCANTIS PALMEIROPOLIS

EDSON FERREIRA GOMES – INSTALADORA DO EDSON

CNPJ: 24.399.346/0001-72

edsonfg35@gmail.com

63 98510-2454 EDSON

RUA 17, 718 JD. DAS PALMEIRAS

CEP: 77365-000 PALMEIROPOLIS - TO",NORMAL,,"Avenida Mato Grosso Do Sul, 542, Jardim Do Bosque Matão/SP - CEP 15997-109",,15997-109,,"[""(16) 997543946"",""63 98510-2454""]","[""colinassistenciatecnica@uol.com.br"",""edsonfg35@gmail.com""]","[""24.399.346/0001-72""]","[""15997-109"",""77365-000""]","[""Avenida Mato Grosso Do Sul, 542, Jardim Do Bosque Matão/SP - CEP 15997-109"",""RUA 17, 718 JD. DAS PALMEIRAS, Matão/SP""]",-21.6025,-48.364,,,municipality,Matão/SP,True
837,1709500,Gurupi,GURUPI,TO,Sebastião F. da Silva - Refrigeração (CICLO REFRIGERAÇÃO),Tocantins GURUPI,"Tocantins GURUPI

**Sebastião F. da Silva - Refrigeração (CICLO REFRIGERAÇÃO)**
**End.: Rua ****Eng°**** Bernardo Sayão n°1041 - Setor Central**
**Gurupi-TO**** CEP: 77405-150**
**Tel.: (63) 3312-1696 / **98492-1696 ADNER MARQUES** **",NORMAL,,"Rua ****Eng°**** Bernardo Sayão n°1041 - Setor Central, Gurupi/TO",,77405-150,,"[""(63) 3312-1696"",""98492-1696""]",[],[],"[""77405-150""]","[""Rua ****Eng°**** Bernardo Sayão n°1041 - Setor Central, Gurupi/TO""]",-11.7279,-49.068,,,municipality,Gurupi/TO,True
838,1709500,Gurupi,GURUPI,TO,Nome da empresa: DARLEY PEREIRA DE ARAUJO 99765314191(AUTO ELETRICA ARAUJO),Tocantins (GURUPI),"Tocantins (GURUPI)

Nome da empresa: DARLEY PEREIRA DE ARAUJO 99765314191(AUTO ELETRICA ARAUJO)

CNPJ: 24.804.228/0001-00

Telefone: (63) 992767583 (63) 985030198 /99957-9107 DARLEY

E-mail: darleypereiraaraujo@gmail.com

End: R. Dep. José de Assis, 1332 - St. Central, Gurupi - TO, CEP: 77402-050",NORMAL,,"R. Dep. José de Assis, 1332 - St. Central, Gurupi - TO, CEP: 77402-050",,77402-050,,"[""(63) 992767583"",""(63) 985030198"",""99957-9107""]","[""darleypereiraaraujo@gmail.com""]","[""24.804.228/0001-00""]","[""77402-050""]","[""R. Dep. José de Assis, 1332 - St. Central, Gurupi - TO, CEP: 77402-050""]",-11.7279,-49.068,,,municipality,Gurupi/TO,True
839,1702109,Araguaína,ARAGUAINA,TO,Nome da empresa: MEGA MAQ. COM. E SERV. DE MAQ. E EQ. LTDA ME (MEGA MAQUINAS),Tocantins ARAGUAÍNA,"Tocantins ARAGUAÍNA

Nome da empresa: MEGA MAQ. COM. E SERV. DE MAQ. E EQ. LTDA ME (MEGA MAQUINAS)

CNPJ: 21.658.160/0001-00

Telefone: (63) 3412-2129 (63) 99236-2966 MARILSON

E-mail: megamaquinas15@hotmail.com

End: Rua 1A, QD 02 LT 28 - Jardim Dos Ipês I

CEP: 77820-080 ARAGUAINA – TO",NORMAL,,"Rua 1A, QD 02 LT 28 - Jardim Dos Ipês I, Araguaína/TO",,77820-080,,"[""(63) 3412-2129"",""(63) 99236-2966""]","[""megamaquinas15@hotmail.com""]","[""21.658.160/0001-00""]","[""77820-080""]","[""Rua 1A, QD 02 LT 28 - Jardim Dos Ipês I, Araguaína/TO""]",-7.19238,-48.2044,,,municipality,Araguaína/TO,True
840,1702109,Araguaína,ARAGUAINA,TO,ELIALDO RODRIGUES LOPES – PONTO DAS MAQUINAS,Tocantins ARAGUAÍNA,"Tocantins ARAGUAÍNA

ELIALDO RODRIGUES LOPES – PONTO DAS MAQUINAS

CNPJ: 24.301.736/0001-68

pontomaquina1@hotmail.com

63 99249-2601 ELIALDO

AV. CASTELO BRANCO, 1430 – LOT. MANOEL GOMES DA CUNHA

CEP: 77818-020 ARAGUAINA – TO",NORMAL,,"AV. CASTELO BRANCO, 1430 – LOT. MANOEL GOMES DA CUNHA, Araguaína/TO",,77818-020,,"[""63 99249-2601""]","[""pontomaquina1@hotmail.com""]","[""24.301.736/0001-68""]","[""77818-020""]","[""AV. CASTELO BRANCO, 1430 – LOT. MANOEL GOMES DA CUNHA, Araguaína/TO""]",-7.19238,-48.2044,,,municipality,Araguaína/TO,True
841,1707009,Dianópolis,DIANOPOLIS,TO,NEIBER PEREIRA DE SANTANA ME (REFRIGERAÇÃO UNIVERSAL),Tocantins DIANÓPOLIS,"Tocantins DIANÓPOLIS

NEIBER PEREIRA DE SANTANA ME (REFRIGERAÇÃO UNIVERSAL)

CNPJ: 00.277.793/0001-90

neibersantana@gmail.com

63 99974-9364 NEIBER

PRAÇA DA CAPELINHA, 346 – CENTRO",NORMAL,,"PRAÇA DA CAPELINHA, 346 – CENTRO, Dianópolis/TO",,,,"[""63 99974-9364""]","[""neibersantana@gmail.com""]","[""00.277.793/0001-90""]",[],"[""PRAÇA DA CAPELINHA, 346 – CENTRO, Dianópolis/TO""]",-11.624,-46.8198,,,municipality,Dianópolis/TO,True
842,1721000,Palmas,PALMAS,TO,WF MAQUINAS C E EIRELI**** – ME,TOCANTINS PALMAS,"TOCANTINS PALMAS

**WF MAQUINAS C E EIRELI**** – ME**

CNPJ: 17.059.994/0001-14

wfmaquinas@gmail.com

**Quadra 112 Sul, Rua SR-3 Lote 2, Av. NS-10 / Plano Diretor Sul / Palmas - TO / 77.020-172**

**(63) 3224-6892 / WhatsApp**",NORMAL,,,,77.020-172,,"[""(63) 3224-6892""]","[""wfmaquinas@gmail.com""]","[""17.059.994/0001-14""]","[""77.020-172""]",[],-10.24,-48.3558,,,municipality,Palmas/TO,True
843,1721000,Palmas,PALMAS,TO,57.439.998 LEANDRO ELIAS MACHADO,TOCANTINS PALMAS,"TOCANTINS PALMAS

57.439.998 LEANDRO ELIAS MACHADO

CNPJ: 57.439.998/0001-42

leandro95machado@gmail.com

63 99113-2860 LEANDRO

**63 8112-5852 WEDERSON**

Q ASR SE 75 ALAMEDA 5, 51 – PLANO DIRETOR SUL

CEP: 77022-432 PALMAS - TO",NORMAL,,,,77022-432,,"[""63 99113-2860"",""63 8112-5852""]","[""leandro95machado@gmail.com""]","[""57.439.998/0001-42""]","[""77022-432""]",[],-10.24,-48.3558,,,municipality,Palmas/TO,True
844,3550605,São Roque,SAO ROQUE,SP,Nome da empresa: FARIA & FARIA COM. E MANUT. EM MAQ. E EQUIP. LTDA ( Balmatec Assistência em Maquinas e Equipamentos),"| SÃO PAULO SÃO ROQUE |
| --- |","| SÃO PAULO SÃO ROQUE |
| --- |

Nome da empresa: FARIA & FARIA COM. E MANUT. EM MAQ. E EQUIP. LTDA ( Balmatec Assistência em Maquinas e Equipamentos)

Telefone: (11) 47191589 (11) 999445937

E-mail: balmatec@hotmail.com

End: Avenida Antonio Pannellini 170 Galpão 03 Taboão
São Roque SP
18135-131",NORMAL,,"Avenida Antonio Pannellini 170 Galpão 03 Taboão, São Roque/SP",,18135-131,,"[""(11) 47191589"",""(11) 999445937""]","[""balmatec@hotmail.com""]",[],"[""18135-131""]","[""Avenida Antonio Pannellini 170 Galpão 03 Taboão, São Roque/SP""]",-23.5226,-47.1357,,,municipality,São Roque/SP,True
845,4218707,Tubarão,TUBARAO,SC,Nome da empresa: ALLAN ASSUNCAO SILVA 08664791988(NEYMAQ),Santa Catarina TUBARÃO,"Santa Catarina TUBARÃO

Nome da empresa: ALLAN ASSUNCAO SILVA 08664791988(NEYMAQ)

Telefone: (48) 3628-2445 (48) 99941-5032 ALLAN

E-mail: neymaq.sc@gmail.com

End: R, Damil Tomas de oliveira 316 Vila Esperança cep 88778325

Eletrocenter  Manutenção de Eletrônicos LTDA

CNPJ 18.147.016/0001-97

(48)3644-4103 ou (48)99956-4348 whats técnico

(48)99973-1180 Financ

eletrocentersc@gmail.com

Estrada Geral Km 37 S/N, Km 37
Pescaria Brava SC
CEP: 88798-000",NORMAL,,"R, Damil Tomas de oliveira 316 Vila Esperança cep 88778325, Tubarão/SC",,88778325,,"[""(48) 3628-2445"",""(48) 99941-5032"",""(48)3644-4103"",""(48)99956-4348"",""(48)99973-1180""]","[""neymaq.sc@gmail.com"",""eletrocentersc@gmail.com""]","[""18.147.016/0001-97""]","[""88778325"",""88798-000""]","[""R, Damil Tomas de oliveira 316 Vila Esperança cep 88778325, Tubarão/SC"",""Estrada Geral Km 37 S/N, Km 37, Tubarão/SC""]",-28.4713,-49.0144,,,municipality,Tubarão/SC,True
846,4215505,Santa Cecília,SANTA CECILIA,SC,Nome da empresa: EDUARDO GREIN (GREMAQ REFRIGERACAO),Santa Catarina SANTA CECILIA,"Santa Catarina SANTA CECILIA

Nome da empresa: EDUARDO GREIN (GREMAQ REFRIGERACAO)

Telefone: (49) 32441204 (49) 991866723 EDUARDO

E-mail: edugrein@hotmail.com",NORMAL,,,,,,"[""(49) 32441204"",""(49) 991866723""]","[""edugrein@hotmail.com""]",[],[],[],-26.9592,-50.4252,,,municipality,Santa Cecília/SC,True
847,3505906,Batatais,BATATAIS,SP,Nome da empresa: DANIELE MARTINS - ASS. TEC. E PECAS P/ ELETRODOMESTICOS,São Paulo BATATAIS,"São Paulo BATATAIS

Nome da empresa: DANIELE MARTINS - ASS. TEC. E PECAS P/ ELETRODOMESTICOS

Telefone: (16) 36624040 ou (16) 992143115 DANIELE OU PEDRO

E-mail: eletroservicebatatais@hotmail.com

End: R, Celso Garcia n 55, centro cep:14300049",NORMAL,,"R, Celso Garcia n 55, centro cep:14300049, Batatais/SP",,14300049,,"[""(16) 36624040"",""(16) 992143115""]","[""eletroservicebatatais@hotmail.com""]",[],"[""14300049""]","[""R, Celso Garcia n 55, centro cep:14300049, Batatais/SP""]",-20.8929,-47.5921,,,municipality,Batatais/SP,True
848,3502101,Andradina,ANDRADINA,SP,Nome da empresa: ELIO CASTRO NOVAES ME (REFORMODORA NOVAIS),São Paulo ANDRADINA,"São Paulo ANDRADINA

Nome da empresa: ELIO CASTRO NOVAES ME (REFORMODORA NOVAIS)

Telefone: (18) 37224837 (18) 997767356 ELIO

E-mail: novaesenovaesdeandradina@yahoo.com.br

End: av Barão do Rio Branco, n 1110 Centro cep:16901001

SÃO BERNARDO DO CAMPO",NORMAL,,"av Barão do Rio Branco, n 1110 Centro cep:16901001, Andradina/SP",,16901001,,"[""(18) 37224837"",""(18) 997767356""]","[""novaesenovaesdeandradina@yahoo.com.br""]",[],"[""16901001""]","[""av Barão do Rio Branco, n 1110 Centro cep:16901001, Andradina/SP""]",-20.8948,-51.3786,,,municipality,Andradina/SP,True
849,3550308,São Paulo,SAO PAULO,SP,CONTAINER COM. DE MAQ. EQUIP. LTDA - ME,São Paulo,"São Paulo

CONTAINER COM. DE MAQ. EQUIP. LTDA - ME

(11) 43561011 / MICHELE

Estrada dos casa n 3300 Jardim Ipê, cep:09840000",NORMAL,,"Estrada dos casa n 3300 Jardim Ipê, cep:09840000, São Paulo/SP",,09840000,,"[""(11) 43561011""]",[],[],"[""09840000""]","[""Estrada dos casa n 3300 Jardim Ipê, cep:09840000, São Paulo/SP""]",-23.5329,-46.6395,,,municipality,São Paulo/SP,True
850,3504206,Auriflama,AURIFLAMA,SP,34.163.025 ERNERTO AUGUSTO DE ASSIS NETO – CASA MOTOR,SÃO PAULO AURIFLAMA,"SÃO PAULO AURIFLAMA

34.163.025 ERNERTO AUGUSTO DE ASSIS NETO – CASA MOTOR

CNPJ: 34.163.025/0001-28

ernestoassis@hotmail.com

17 99152-7980 ERNESTO

RUA ALCIDES RIBEIRO DA CRUZ, 9334 – COLINAS PARQUE

CEP: 15350-000 AURIFLAMA – SP",NORMAL,,"RUA ALCIDES RIBEIRO DA CRUZ, 9334 – COLINAS PARQUE, Auriflama/SP",,15350-000,,"[""17 99152-7980""]","[""ernestoassis@hotmail.com""]","[""34.163.025/0001-28""]","[""15350-000""]","[""RUA ALCIDES RIBEIRO DA CRUZ, 9334 – COLINAS PARQUE, Auriflama/SP""]",-20.6836,-50.5572,,,municipality,Auriflama/SP,True
851,3556305,Valparaíso,VALPARAISO,SP,GISLAINE GONCALVES BATISTA GUEDES 22480049825 – ELETROMAQ,VALPARAISO SÃO PAULO,"VALPARAISO SÃO PAULO

GISLAINE GONCALVES BATISTA GUEDES 22480049825 – ELETROMAQ

CNPJ: 23.923.165/0001-30

INSCRIÇÃO ESTADUAL NÃO HABILITADA

eletromaq1@hotmail.com

18 99777-9536 JOSÉ

AV. FRANCISCO VIEIRA LEITE, 500 – CENTRO

CEP: 16880-000 VALPARAISO – SP",NORMAL,,"AV. FRANCISCO VIEIRA LEITE, 500 – CENTRO, Valparaíso/SP",,16880-000,,"[""18 99777-9536""]","[""eletromaq1@hotmail.com""]","[""23.923.165/0001-30""]","[""16880-000""]","[""AV. FRANCISCO VIEIRA LEITE, 500 – CENTRO, Valparaíso/SP""]",-21.2229,-50.8699,,,municipality,Valparaíso/SP,True
852,3502804,Araçatuba,ARACATUBA,SP,MAGNO GUALBERTO BARBOSA 21870303857,São Paulo ARAÇATUBA,"São Paulo ARAÇATUBA

MAGNO GUALBERTO BARBOSA 21870303857

CNPJ: 18.279.409/0001-54

magnogbarbosa@ig.com.br

18 99107-5261 MAGNO

RUA CARLOS DE CAMPOS, 491 – DONA AMELIA

CEP: 16050-630 ARAÇATUBA – SP",NORMAL,,"RUA CARLOS DE CAMPOS, 491 – DONA AMELIA, Araçatuba/SP",,16050-630,,"[""18 99107-5261""]","[""magnogbarbosa@ig.com.br""]","[""18.279.409/0001-54""]","[""16050-630""]","[""RUA CARLOS DE CAMPOS, 491 – DONA AMELIA, Araçatuba/SP""]",-21.2076,-50.4401,,,municipality,Araçatuba/SP,True
853,3502804,Araçatuba,ARACATUBA,SP,RODRIGO RIBEIRO QUINTANILHA,São Paulo ARAÇATUBA,"São Paulo ARAÇATUBA

RODRIGO RIBEIRO QUINTANILHA

ELETRO DINAMICA

(18) 33016969 / 996530949

AV. JORGE MELLEM REZEK , n 2695 cep :16075300 - PQ. INDUSTRIAL",NORMAL,,"AV. JORGE MELLEM REZEK , n 2695 cep :16075300 - PQ. INDUSTRIAL, Araçatuba/SP",,16075300,,"[""(18) 33016969"",""996530949""]",[],[],"[""16075300""]","[""AV. JORGE MELLEM REZEK , n 2695 cep :16075300 - PQ. INDUSTRIAL, Araçatuba/SP""]",-21.2076,-50.4401,,,municipality,Araçatuba/SP,True
854,3525706,José Bonifácio,JOSE BONIFACIO,SP,VICENTE PEDRO VOLPI - ELETROTECNICA VOLPI,JOSE BONIFACIO SÃO PAULO,"JOSE BONIFACIO SÃO PAULO

VICENTE PEDRO VOLPI - ELETROTECNICA VOLPI

CNPJ: 46.603.890/0001-27

vicentevolpi@gmail.com

17 99637-4461 NETO

AVENIDA 9 DE JULHO, 163 – CENTRO

CEP: 15200-000 JOSE BONIFACIO - SP",NORMAL,,"AVENIDA 9 DE JULHO, 163 – CENTRO, José Bonifácio/SP",,15200-000,,"[""17 99637-4461""]","[""vicentevolpi@gmail.com""]","[""46.603.890/0001-27""]","[""15200-000""]","[""AVENIDA 9 DE JULHO, 163 – CENTRO, José Bonifácio/SP""]",-21.0551,-49.6892,,,municipality,José Bonifácio/SP,True
855,4205407,Florianópolis,FLORIANOPOLIS,SC,MAQUISILVA ASSISTENCIA E COMERCIO LTDA,Santa Catarina FLORIANOPOLIS,"Santa Catarina FLORIANOPOLIS

MAQUISILVA ASSISTENCIA E COMERCIO LTDA

CNPJ: 02.863.474/0001-92

48 3047-0409 / 3240-5209 / 9163-9187

maquisilvaltda@gmail.com

END: RUA EDELBERTO DE OLIVEIRA, 140 - JD ATLANTICO",NORMAL,,"RUA EDELBERTO DE OLIVEIRA, 140 - JD ATLANTICO, Florianópolis/SC",,,,"[""48 3047-0409"",""3240-5209"",""9163-9187""]","[""maquisilvaltda@gmail.com""]","[""02.863.474/0001-92""]",[],"[""RUA EDELBERTO DE OLIVEIRA, 140 - JD ATLANTICO, Florianópolis/SC""]",-27.5945,-48.5477,,,municipality,Florianópolis/SC,True
856,5106505,Poconé,POCONE,MT,ANTONIO CARLOS DE ARRUDA SANTOS 01902992156,Mato Grosso POCONÉ,"Mato Grosso POCONÉ

ANTONIO CARLOS DE ARRUDA SANTOS 01902992156

C S M CARLINHOS SERVIÇOS E MANUTENÇÃO

(65) 99936-3163 / carlinhospocone@gmail.com",NORMAL,,,,,,"[""(65) 99936-3163""]","[""carlinhospocone@gmail.com""]",[],[],[],-16.266,-56.6261,,,municipality,Poconé/MT,True
857,5100201,Água Boa,AGUA BOA,MT,VALDINEI GONCALVES DA SILVA - ME,Mato Grosso ÁGUA BOA,"Mato Grosso ÁGUA BOA

VALDINEI GONCALVES DA SILVA - ME

(66) 34682558 /

AME AMAMBAI MAQUINAS DE ESCRITORIO

(67) 34811263 / 996242236

Av Pedro Manguari n 3699 Centro",NORMAL,,"Av Pedro Manguari n 3699 Centro, Água Boa/MT",,,,"[""(66) 34682558"",""(67) 34811263"",""996242236""]",[],[],[],"[""Av Pedro Manguari n 3699 Centro, Água Boa/MT""]",-14.051,-52.1601,,,municipality,Água Boa/MT,True
858,5000609,Amambai,AMAMBAI,MS,ERF FERREIRA ****** (******TRIPORA COMERCIO DE ******TRIPAS) ****** ****** ****** ***(PRECISA CONFIRMAR SE AINDA FAZ ASSISTÊNCIA),Mato Grosso do Sul AMAMBAÍ,"Mato Grosso do Sul AMAMBAÍ

***ERF FERREIRA  ******   (******TRIPORA COMERCIO DE ******TRIPAS)   ******   ****** ******  ***(PRECISA CONFIRMAR SE AINDA FAZ ASSISTÊNCIA) *** ***

RUA MARECHAL FLORIANO, 2384 - CENTRO",NORMAL,,"RUA MARECHAL FLORIANO, 2384 - CENTRO, Amambai/MS",,,,[],[],[],[],"[""RUA MARECHAL FLORIANO, 2384 - CENTRO, Amambai/MS""]",-23.1058,-55.2253,,,municipality,Amambai/MS,True
859,5006606,Ponta Porã,PONTA PORA,MS,67 3431-4586 / 67 3431-7586,PONTA PORA - MS,"PONTA PORA - MS

67 3431-4586 / 67 3431-7586

tripora@hotmail.com

ELETROKASA MATERIAIS PARA CONSTRUCAO LTDA EPP

(67) 99853-1030 / 99853-1030",NORMAL,,,,,,"[""67 3431-4586"",""67 3431-7586"",""(67) 99853-1030"",""99853-1030""]","[""tripora@hotmail.com""]",[],[],[],-22.5296,-55.7203,,,municipality,Ponta Porã/MS,True
860,5004304,Iguatemi,IGUATEMI,MS,VICENTE DE PAULA ELIAS DE ASSIS - EPP,Mato Grosso do Sul IGUATEMI,"Mato Grosso do Sul IGUATEMI

VICENTE DE PAULA ELIAS DE ASSIS - EPP

ELETROMEC

(83) 35222696 / 991278568

Rua Dr, Silva Mariz n 105 bairro centro",NORMAL,,"Rua Dr, Silva Mariz n 105 bairro centro, Iguatemi/MS",,,,"[""(83) 35222696"",""991278568""]",[],[],[],"[""Rua Dr, Silva Mariz n 105 bairro centro, Iguatemi/MS""]",-23.6736,-54.5637,,,municipality,Iguatemi/MS,True
861,2516201,Sousa,SOUSA,PB,CORCRIL COMERCIO DE REFRIGERAÇÃO CRICIUMA LTDA,Paraíba SOUSA,"Paraíba SOUSA

CORCRIL COMERCIO DE REFRIGERAÇÃO CRICIUMA LTDA

CORCRIL

48 984824823 GABRIELA

RUA CEL. MARCOS ROVARIS – 525",NORMAL,,"RUA CEL. MARCOS ROVARIS – 525, Sousa/PB",,,,"[""48 984824823""]",[],[],[],"[""RUA CEL. MARCOS ROVARIS – 525, Sousa/PB""]",-6.75148,-38.2311,,,municipality,Sousa/PB,True
862,4204608,Criciúma,CRICIUMA,SC,SOARES REPAROS EM INSTALAÇÕES ELÉTRICAS LTDA.,SC CRICIUMA,"SC CRICIUMA

SOARES REPAROS EM INSTALAÇÕES ELÉTRICAS LTDA.

SOARES REPAROS

(47) 3522-6637 Luciana Soares",NORMAL,,,,,,"[""(47) 3522-6637""]",[],[],[],[],-28.6723,-49.3729,,,municipality,Criciúma/SC,True
863,4214805,Rio do Sul,RIO DO SUL,SC,PONTUAL BALANÇA DE PERUIBE EIRELI,Santa Catarina Rio do Sul,"Santa Catarina Rio do Sul

PONTUAL BALANÇA DE PERUIBE EIRELI

(13) 34532481 – (13) 9 9693 1404 VALTER- ANDREA

AV PADRE ANCHIETA, 2501- LOJA 02 - JARDIM RIBAMAR",NORMAL,,"AV PADRE ANCHIETA, 2501- LOJA 02 - JARDIM RIBAMAR, Rio do Sul/SC",,,,"[""(13) 34532481"",""9693 1404""]",[],[],[],"[""AV PADRE ANCHIETA, 2501- LOJA 02 - JARDIM RIBAMAR, Rio do Sul/SC""]",-27.2156,-49.643,,,municipality,Rio do Sul/SC,True
864,3537602,Peruíbe,PERUIBE,SP,VALTER OLIVEIRA DA SILVA COM DE MAQ EPP ( NÃO INDICAR ),SP PERUIBE,"SP PERUIBE

VALTER OLIVEIRA DA SILVA COM DE MAQ EPP ( NÃO INDICAR )

NOVA MILENIO

(11) 22952433 FELIPE",NAO_INDICAR,NAO INDICAR,,,,,"[""(11) 22952433""]",[],[],[],[],-24.312,-47.0012,,,municipality,Peruíbe/SP,True
865,3550308,São Paulo,SAO PAULO,SP,DCA ETIQUETAS IND. COM. E SERVIÇOS DE BALANÇAS EIRELI,SÃO PAULO SP,"SÃO PAULO SP

DCA ETIQUETAS IND. COM. E SERVIÇOS DE BALANÇAS EIRELI

FILITEC AUTOMAÇÃO

11-2034-2034 JULIO TEIXEIRA DE OLIVEIRA

RUA ESPIRITO SANTO DO DOURADO, 749 - VILA CLARA - SÃO MIGUEL PLTA.",NORMAL,,"RUA ESPIRITO SANTO DO DOURADO, 749 - VILA CLARA - SÃO MIGUEL PLTA., São Paulo/SP",,,,"[""11-2034-2034""]",[],[],[],"[""RUA ESPIRITO SANTO DO DOURADO, 749 - VILA CLARA - SÃO MIGUEL PLTA., São Paulo/SP""]",-23.5329,-46.6395,,,municipality,São Paulo/SP,True
866,3550308,São Paulo,SAO PAULO,SP,Assistência Corretiva,SÃO PAULO SP,"SÃO PAULO SP

Assistência Corretiva

CNPJ: 32.165.932/0001-80

atcorretiva@gmail.com

Fone: 41 3029-9484 / 41 99855-9518

Rua: José Rissato nº 196 - Capão da Imbuia",NORMAL,,"Rua: José Rissato nº 196 - Capão da Imbuia, São Paulo/SP",,,,"[""41 3029-9484"",""41 99855-9518""]","[""atcorretiva@gmail.com""]","[""32.165.932/0001-80""]",[],"[""Rua: José Rissato nº 196 - Capão da Imbuia, São Paulo/SP""]",-23.5329,-46.6395,,,municipality,São Paulo/SP,True
867,4106902,Curitiba,CURITIBA,PR,Empresa CFC Manutenção Industrial Ltda - ME,Cidade: Curitiba PR,"Cidade: Curitiba PR

Empresa CFC Manutenção Industrial Ltda - ME

17 996649770 LUIZ GUSTAVO

Avenida Julian Donaire, 1040, Jardim Residencial Camacho III, Severínia - SP",NORMAL,,"Avenida Julian Donaire, 1040, Jardim Residencial Camacho III, Severínia - SP, Curitiba/PR",,,,"[""17 996649770""]",[],[],[],"[""Avenida Julian Donaire, 1040, Jardim Residencial Camacho III, Severínia - SP, Curitiba/PR""]",-25.4195,-49.2646,,,municipality,Curitiba/PR,True
868,3551900,Severínia,SEVERINIA,SP,JOSÉ TABAJARA PEREIRA NETO 08682604957,Severínia SP,"Severínia SP

JOSÉ TABAJARA PEREIRA NETO 08682604957

JOSÉ TABAJARA

(43) 91164219 LUIZ ALFREDO

rua 10 ALBERTO MARTINS BORGES, N 50 CASA CEP 84280-000 CENTRO",NORMAL,,"rua 10 ALBERTO MARTINS BORGES, N 50 CASA CEP 84280-000 CENTRO, Severínia/SP",,84280-000,,"[""(43) 91164219""]",[],[],"[""84280-000""]","[""rua 10 ALBERTO MARTINS BORGES, N 50 CASA CEP 84280-000 CENTRO, Severínia/SP""]",-20.8108,-48.8054,,,municipality,Severínia/SP,True
869,3548906,São Carlos,SAO CARLOS,SP,ITALIANO ASSISTENCIA TECNICA LTDA,SÃO CARLOS - SP,"SÃO CARLOS - SP

**ITALIANO ASSISTENCIA TECNICA LTDA**

CNPJ: 44.857.471/0001-96

(16) 3372-5794

matteo@italianoassistencia.com.br

** ENDEREÇO: **RUA DONA ANA PRADO, 507 - VILA PRADO",NORMAL,,"**RUA DONA ANA PRADO, 507 - VILA PRADO, São Carlos/SP",,,,"[""(16) 3372-5794""]","[""matteo@italianoassistencia.com.br""]","[""44.857.471/0001-96""]",[],"[""**RUA DONA ANA PRADO, 507 - VILA PRADO, São Carlos/SP""]",-22.0174,-47.886,,,municipality,São Carlos/SP,True
870,3548906,São Carlos,SAO CARLOS,SP,FIOCHI MAQ. BAL. LTDA. R,SÃO CARLOS – SP,"SÃO CARLOS – SP

FIOCHI MAQ. BAL. LTDA. R

16 3371-2035  (16) 99616-0002 JOSÉ CARLOS

RUA BENTO CARLOS  N185 CEP: 13560660 CENTRO",NORMAL,,"RUA BENTO CARLOS N185 CEP: 13560660 CENTRO, São Carlos/SP",,13560660,,"[""16 3371-2035"",""(16) 99616-0002""]",[],[],"[""13560660""]","[""RUA BENTO CARLOS N185 CEP: 13560660 CENTRO, São Carlos/SP""]",-22.0174,-47.886,,,municipality,São Carlos/SP,True
871,3548906,São Carlos,SAO CARLOS,SP,CENTRAL MAQUINAS LTDA,SÃO CARLOS  SÃO PAULO,"SÃO CARLOS  SÃO PAULO

CENTRAL MAQUINAS LTDA

82 998831-0303 MIGUEL

TABULEIRO DOS MARTINS 1074

MACEÓ AL",NORMAL,,,,,,"[""998831-0303""]",[],[],[],[],-22.0174,-47.886,,,municipality,São Carlos/SP,True
872,1100288,Rolim de Moura,ROLIM DE MOURA,RO,José de Seixas silva (Zeca manutenção),Rolim de Moura- Rondônia,"Rolim de Moura- Rondônia

José de Seixas silva (Zeca manutenção)

(69)992758823

zequinhaseixas@hotmail.com

Rua, Adir Jorge pães pingo",NORMAL,,"Rua, Adir Jorge pães pingo, Rolim de Moura/RO",,,,"[""(69)992758823""]","[""zequinhaseixas@hotmail.com""]",[],[],"[""Rua, Adir Jorge pães pingo, Rolim de Moura/RO""]",-11.7271,-61.7714,,,municipality,Rolim de Moura/RO,True
873,5103403,Cuiabá,CUIABA,MT,Bruno Martins Arruda,CUIABA – MT,"CUIABA – MT

Bruno Martins Arruda

CPF: 036.116.421-18

65 99205-5939

Rua 10 QD 27 LT 213 - Bairro Brasil 21 próximo ao Osmar Cabral

CEP: 78093-717",NORMAL,,"Rua 10 QD 27 LT 213 - Bairro Brasil 21 próximo ao Osmar Cabral, Cuiabá/MT",,78093-717,,"[""65 99205-5939""]",[],[],"[""78093-717""]","[""Rua 10 QD 27 LT 213 - Bairro Brasil 21 próximo ao Osmar Cabral, Cuiabá/MT""]",-15.601,-56.0974,,,municipality,Cuiabá/MT,True
874,5103403,Cuiabá,CUIABA,MT,PRINTERVAC Comercio e Representações Ltda,CUIABA – MT ASSISTENCIA EM SELADORAS CONVERSANDO,"CUIABA – MT ASSISTENCIA EM SELADORAS CONVERSANDO

PRINTERVAC Comercio e Representações Ltda

CNPJ 49.789.054/0001-77

printervac@gmail.com

65 99923-4140 Glauber Dias

RUA 06, Nº 03 - JARDIM PAULICEIA

CEP. 78096-010 CUIABA – MT",NORMAL,,"RUA 06, Nº 03 - JARDIM PAULICEIA, Cuiabá/MT",,78096-010,,"[""65 99923-4140""]","[""printervac@gmail.com""]","[""49.789.054/0001-77""]","[""78096-010""]","[""RUA 06, Nº 03 - JARDIM PAULICEIA, Cuiabá/MT""]",-15.601,-56.0974,,,municipality,Cuiabá/MT,True
875,5103403,Cuiabá,CUIABA,MT,LUCIANO BARBUENO DA SILVA 89169069115 – LBS AUTOMAÇÃO E MANUTENÇÃO INDUSTRIAL (tratar valores),CUIABA – MT,"CUIABA – MT

LUCIANO BARBUENO DA SILVA 89169069115 – LBS AUTOMAÇÃO E MANUTENÇÃO INDUSTRIAL (tratar valores)

CNPJ: 39.600.880/0001-72

barbueno@ibest.com.br

65 99214-3879 LUCIANO

R F (LOT JD PRESIDENTE II), 2 – SALA 01 – JD PRESIDENTE

CEP: 78090-205 CUIABÁ – MT",NORMAL,,,,78090-205,,"[""65 99214-3879""]","[""barbueno@ibest.com.br""]","[""39.600.880/0001-72""]","[""78090-205""]",[],-15.601,-56.0974,,,municipality,Cuiabá/MT,True
876,5103403,Cuiabá,CUIABA,MT,CELSO MARQUES DE OLIVEIRA – TECMAQUINAS – (não passar assistência nem indicar esse técnico),CUIABA – MT,"CUIABA – MT

CELSO MARQUES DE OLIVEIRA – TECMAQUINAS – (não passar assistência nem indicar esse técnico)

CNPJ: 27.185.642/0001-69

tecmaquinas21@gmail.com

65 99238-4414 CELSO

RUA CINQUENTA, 18 QD 22 SETOR 04 – MORADA DA SERRA

CEP: 78058-426 CUIABÁ – MT",NORMAL,,"RUA CINQUENTA, 18 QD 22 SETOR 04 – MORADA DA SERRA, Cuiabá/MT",,78058-426,,"[""65 99238-4414""]","[""tecmaquinas21@gmail.com""]","[""27.185.642/0001-69""]","[""78058-426""]","[""RUA CINQUENTA, 18 QD 22 SETOR 04 – MORADA DA SERRA, Cuiabá/MT""]",-15.601,-56.0974,,,municipality,Cuiabá/MT,True
877,5103403,Cuiabá,CUIABA,MT,EDSON VIEIRA DA SILVA BALLOCK – MSE ASSISTENCIA TECNICA,CUIABA – MT,"CUIABA – MT

EDSON VIEIRA DA SILVA BALLOCK – MSE ASSISTENCIA TECNICA

CNPJ: 21.508.335/0001-95

edballock@hotmail.com

65 99982-3276 EDSON

RUA JAIME DE FIGUEIREDO, 585 – LIXEIRA

CEP: 78008-555 CUIABÁ – MT",NORMAL,,"RUA JAIME DE FIGUEIREDO, 585 – LIXEIRA, Cuiabá/MT",,78008-555,,"[""65 99982-3276""]","[""edballock@hotmail.com""]","[""21.508.335/0001-95""]","[""78008-555""]","[""RUA JAIME DE FIGUEIREDO, 585 – LIXEIRA, Cuiabá/MT""]",-15.601,-56.0974,,,municipality,Cuiabá/MT,True
878,5103403,Cuiabá,CUIABA,MT,C. VIEIRA MAQUINAS E MANUTENÇAO – CL TORNEARIA,CUIABA MT,"CUIABA MT

C. VIEIRA MAQUINAS E MANUTENÇAO – CL TORNEARIA

CNPJ: 37.643.238/0001-45

cltornearia@gmail.com

65 99668-7736 / 65 3637-1537 CESAR

RUA BARÃO DE MELGACO, 835 - PORTO

CEP: 78.025-300 CUIABÁ - MT",NORMAL,,"RUA BARÃO DE MELGACO, 835 - PORTO, Cuiabá/MT",,78.025-300,,"[""65 99668-7736"",""65 3637-1537""]","[""cltornearia@gmail.com""]","[""37.643.238/0001-45""]","[""78.025-300""]","[""RUA BARÃO DE MELGACO, 835 - PORTO, Cuiabá/MT""]",-15.601,-56.0974,,,municipality,Cuiabá/MT,True
879,3170206,Uberlândia,UBERLANDIA,MG,53.991.178 LUCAS DA SILVA JUNQUEIRA – CONSERTEC,UBERLÂNDIA MG,"UBERLÂNDIA MG

53.991.178 LUCAS DA SILVA JUNQUEIRA – CONSERTEC

CNPJ: 53.991.178/0001-08

lucasjunqueira85@gmail.com

34 99778-2233 LUCAS

RUA PRATA, 578 – BOM JESUS

CEP: 38400-633 UBERLANDIA - MG",NORMAL,,"RUA PRATA, 578 – BOM JESUS, Uberlândia/MG",,38400-633,,"[""34 99778-2233""]","[""lucasjunqueira85@gmail.com""]","[""53.991.178/0001-08""]","[""38400-633""]","[""RUA PRATA, 578 – BOM JESUS, Uberlândia/MG""]",-18.9141,-48.2749,,,municipality,Uberlândia/MG,True
880,3170206,Uberlândia,UBERLANDIA,MG,CANUTO E CIA LTDA,UBERLÂNDIA MG,"UBERLÂNDIA MG

CANUTO E CIA LTDA

34 3235-1142 MATHEUS

AVENIDA CESARIO ALVIM, 1428 – APARECIDA UBERLANDIA -MG  CEP 38400-694",NORMAL,,"AVENIDA CESARIO ALVIM, 1428 – APARECIDA UBERLANDIA -MG CEP 38400-694",,38400-694,,"[""34 3235-1142""]",[],[],"[""38400-694""]","[""AVENIDA CESARIO ALVIM, 1428 – APARECIDA UBERLANDIA -MG CEP 38400-694""]",-18.9141,-48.2749,,,municipality,Uberlândia/MG,True
881,3170206,Uberlândia,UBERLANDIA,MG,CECILIA GUERRA DE OLIVEIRA,UBERLÂNDIA - MG,"UBERLÂNDIA - MG

CECILIA GUERRA DE OLIVEIRA

CNPJ: 26.924.060/0001-94

34 99227-7101 CECILIA

Comercial Acma

34 92000-0559 Alexandre

Endereço: RUA DOS ANGICOS, 717 / 711- JARAGUA",NORMAL,,"RUA DOS ANGICOS, 717 / 711- JARAGUA, Uberlândia/MG",,,,"[""34 99227-7101"",""34 92000-0559""]",[],"[""26.924.060/0001-94""]",[],"[""RUA DOS ANGICOS, 717 / 711- JARAGUA, Uberlândia/MG""]",-18.9141,-48.2749,,,municipality,Uberlândia/MG,True
882,3170206,Uberlândia,UBERLANDIA,MG,AIRTON PINHAL COMERCIO E SERVIÇOS LTDA – CASA PINHAL,UBERLÂNDIA MG,"UBERLÂNDIA MG

AIRTON PINHAL COMERCIO E SERVIÇOS LTDA – CASA PINHAL

CNPJ: 03.694.781/0001-50

assistenciatecnica@casapinhal.com.br

34 3216-1115 / 99140-4050 JOSE CLAUDIO

Endereço: Av. Fernando Vilela, 1992 | Centro",NORMAL,,"Av. Fernando Vilela, 1992 | Centro, Uberlândia/MG",,,,"[""34 3216-1115"",""99140-4050""]","[""assistenciatecnica@casapinhal.com.br""]","[""03.694.781/0001-50""]",[],"[""Av. Fernando Vilela, 1992 | Centro, Uberlândia/MG""]",-18.9141,-48.2749,,,municipality,Uberlândia/MG,True
883,5105606,Matupá,MATUPA,MT,RAUBER MOTORES ELETRICOS LTDA,MATUPÁ – MT,"MATUPÁ – MT

RAUBER MOTORES ELETRICOS LTDA

ELETRONORTE

(66) 99967-3372 PAULO

AV B -OESTE, N 317 - INDUSTRIAL, MATUPÁ - MT, 78525-000

eletronortepa@hotmail.com",NORMAL,,"AV B -OESTE, N 317 - INDUSTRIAL, MATUPÁ - MT, 78525-000",,78525-000,,"[""(66) 99967-3372""]","[""eletronortepa@hotmail.com""]",[],"[""78525-000""]","[""AV B -OESTE, N 317 - INDUSTRIAL, MATUPÁ - MT, 78525-000""]",-10.1821,-54.9467,,,municipality,Matupá/MT,True
884,5107040,Primavera do Leste,PRIMAVERA DO LESTE,MT,REFRIGERAÇÃO REFRILESTE EIRELI ME,PRIMAVERA DO LESTE - MT,"PRIMAVERA DO LESTE - MT

REFRIGERAÇÃO REFRILESTE EIRELI ME

CNPJ: 06.968.244/0001-49

REFRIGERAÇÃO REFRILESTE

REGIANE (66) 3498535 / 99984-9704

RUA CORUMBA, N° 160, CENTRO, PRIMAVERA DO LESTE - MT",NORMAL,,"RUA CORUMBA, N° 160, CENTRO, PRIMAVERA DO LESTE - MT",,,,"[""99984-9704""]",[],"[""06.968.244/0001-49""]",[],"[""RUA CORUMBA, N° 160, CENTRO, PRIMAVERA DO LESTE - MT""]",-15.544,-54.2811,,,municipality,Primavera do Leste/MT,True
885,3515400,Fartura,FARTURA,SP,T. C. C. DE OLIVEIRA MORAES,Fartura - SP,"Fartura - SP

T. C. C. DE OLIVEIRA MORAES

Rildo Maquinas

Rildo (14) 99676-4019 / 14 99776-6044

Praça Manoel Remígio Viana N° 13 Bairro: Centro

Cep: 18870-015  Fartura - SP",NORMAL,,"Praça Manoel Remígio Viana N° 13 Bairro: Centro, Fartura/SP",,18870-015,,"[""(14) 99676-4019"",""14 99776-6044""]",[],[],"[""18870-015""]","[""Praça Manoel Remígio Viana N° 13 Bairro: Centro, Fartura/SP""]",-23.3916,-49.5124,,,municipality,Fartura/SP,True
886,3516200,Franca,FRANCA,SP,M A CAMPOS AMOROSO MANUTENCOES – MAURO E MICHEL,FRANCA – SP,"FRANCA – SP

M A CAMPOS AMOROSO MANUTENCOES – MAURO E MICHEL

CNPJ: 28.869.116/0001-80

MAURO E MICHEL

MICHEL (16) 992698440 / 16 99321-9006

RUA DR. WALDEMAR CESAR CALEIRO, 941- JD. AEROPORTO I

CEP: 14404-056 - FRANCA -SP

34.108.364 SAMUEL CINTRA SALOMAO

CNPJ: 34.108.364/0001-01

eletroindustrial@outlook.com

16 99463-1347 Samuel

RUA AMAZONAS, 1007 – JD PAULISTA",NORMAL,,"RUA DR. WALDEMAR CESAR CALEIRO, 941- JD. AEROPORTO I, Franca/SP",,14404-056,,"[""(16) 992698440"",""16 99321-9006"",""16 99463-1347""]","[""eletroindustrial@outlook.com""]","[""28.869.116/0001-80"",""34.108.364/0001-01""]","[""14404-056""]","[""RUA DR. WALDEMAR CESAR CALEIRO, 941- JD. AEROPORTO I, Franca/SP"",""RUA AMAZONAS, 1007 – JD PAULISTA, Franca/SP""]",-20.5352,-47.4039,,,municipality,Franca/SP,True
887,3516200,Franca,FRANCA,SP,Assistências em Franca/SP,FRANCA – SP,"FRANCA – SP

CEP: 14.401-408",NORMAL,,,,14.401-408,,[],[],[],"[""14.401-408""]",[],-20.5352,-47.4039,,,municipality,Franca/SP,True
888,3516200,Franca,FRANCA,SP,OSCAR JOSE VALENTE,FRANCA – SP,"FRANCA – SP

OSCAR JOSE VALENTE

CNPJ: 54.513.528/0001-93

andrin880@gmail.com

16 99969-1688 ANDERSON

RUA CANDIDO MAXIMO BALIEIRO, 3155 – JD ANGELA ROSA

CEP: 14403-630 FRANCA - SP

|  |
| --- |
| JOAO PESSOA – Paraíba
AP Manutenção/E P da Silva Manutenções
AP Manutenção
Juliana / Edson (83) 35782486
apmanutencao.tec@gmail.com
RUA DEPORTISTA NAPOLEAO DURE 413 SALAS 1,2,3
57.816.876 PABLO MIRANDA MARIANO
CNPJ: 57.816.876/0001-28
(69) 99366-5049 – PABLO
PABLOMIRANDAJIPA@GMAIL.COM
R NATAL CARVALHO DA SILVA, 1464, BOSQUE DOS IPES - CEP: 76.901-395
JI-PARANA - RONDÔNIA |
|  |
| IJUÍ -RIO GRANDE DO SUL |

JOCELI ARONES MELLO 02064565060

CNPJ: 32.566.959/0001-85

IE: 8000848404

FONE: (55) 999737537 - JOCELI

EMAIL: :joceliaronesmello@gmail.com

ENDEREÇO: RUA EMILIO FREDERICO BUHRER 1375 - BAIRRO ELIZABETH

CEP:98700-000",NORMAL,,"RUA CANDIDO MAXIMO BALIEIRO, 3155 – JD ANGELA ROSA, Franca/SP",,14403-630,,"[""16 99969-1688"",""(83) 35782486"",""(69) 99366-5049"",""8000848404"",""(55) 999737537""]","[""andrin880@gmail.com"",""apmanutencao.tec@gmail.com"",""PABLOMIRANDAJIPA@GMAIL.COM"",""joceliaronesmello@gmail.com""]","[""54.513.528/0001-93"",""57.816.876/0001-28"",""32.566.959/0001-85""]","[""14403-630"",""76.901-395"",""98700-000""]","[""RUA CANDIDO MAXIMO BALIEIRO, 3155 – JD ANGELA ROSA, Franca/SP"",""RUA DEPORTISTA NAPOLEAO DURE 413 SALAS 1,2,3, Franca/SP"",""RUA EMILIO FREDERICO BUHRER 1375 - BAIRRO ELIZABETH, Franca/SP""]",-20.5352,-47.4039,,,municipality,Franca/SP,True
