ibge,nome,nome_normalizado,uf,latitude,longitude
1100015,Alta Floresta D'Oeste,ALTA FLORESTA D OESTE,RO,-11.9283,-61.9953
1100023,Ariquemes,ARIQUEMES,RO,-9.90571,-63.0325
1100031,Cabixi,CABIXI,RO,-13.4945,-60.552
1100049,Cacoal,CACOAL,RO,-11.4343,-61.4562
1100056,Cerejeiras,CEREJEIRAS,RO,-13.187,-60.8168
1100064,Colorado do Oeste,COLORADO DO OESTE,RO,-13.1174,-60.5454
1100072,Corumbiara,CORUMBIARA,RO,-12.9551,-60.8947
1100080,Costa Marques,COSTA MARQUES,RO,-12.4367,-64.228
1100098,Espigão D'Oeste,ESPIGAO D OESTE,RO,-11.5266,-61.0252
1100106,Guajará-Mirim,GUAJARA MIRIM,RO,-10.7889,-65.3296
1100114,Jaru,JARU,RO,-10.4318,-62.4788
1100122,Ji-Paraná,JI PARANA,RO,-10.8777,-61.9322
1100130,Machadinho D'Oeste,MACHADINHO D OESTE,RO,-9.44363,-61.9818
1100148,Nova Brasilândia D'Oeste,NOVA BRASILANDIA D OESTE,RO,-11.7247,-62.3127
1100155,Ouro Preto do Oeste,OURO PRETO DO OESTE,RO,-10.7167,-62.2565
1100189,Pimenta Bueno,PIMENTA BUENO,RO,-11.672,-61.198
1100205,Porto Velho,PORTO VELHO,RO,-8.76077,-63.8999
1100254,Presidente Médici,PRESIDENTE MEDICI,RO,-11.169,-61.8986
1100262,Rio Crespo,RIO CRESPO,RO,-9.69965,-62.9011
1100288,Rolim de Moura,ROLIM DE MOURA,RO,-11.7271,-61.7714
1100296,Santa Luzia D'Oeste,SANTA LUZIA D OESTE,RO,-11.9074,-61.7777
1100304,Vilhena,VILHENA,RO,-12.7502,-60.1488
1100320,São Miguel do Guaporé,SAO MIGUEL DO GUAPORE,RO,-11.6953,-62.7192
1100338,Nova Mamoré,NOVA MAMORE,RO,-10.4077,-65.3346
1100346,Alvorada D'Oeste,ALVORADA D OESTE,RO,-11.3463,-62.2847
1100379,Alto Alegre dos Parecis,ALTO ALEGRE DOS PARECIS,RO,-12.132,-61.835
1100403,Alto Paraíso,ALTO PARAISO,RO,-9.71429,-63.3188
1100452,Buritis,BURITIS,RO,-10.1943,-63.8324
1100502,Novo Horizonte do Oeste,NOVO HORIZONTE DO OESTE,RO,-11.6961,-61.9951
1100601,Cacaulândia,CACAULANDIA,RO,-10.349,-62.9043
1100700,Campo Novo de Rondônia,CAMPO NOVO DE RONDONIA,RO,-10.5712,-63.6266
1100809,Candeias do Jamari,CANDEIAS DO JAMARI,RO,-8.7907,-63.7005
1100908,Castanheiras,CASTANHEIRAS,RO,-11.4253,-61.9482
1100924,Chupinguaia,CHUPINGUAIA,RO,-12.5611,-60.8877
1100940,Cujubim,CUJUBIM,RO,-9.36065,-62.5846
1101005,Governador Jorge Teixeira,GOVERNADOR JORGE TEIXEIRA,RO,-10.61,-62.7371
1101104,Itapuã do Oeste,ITAPUA DO OESTE,RO,-9.19687,-63.1809
1101203,Ministro Andreazza,MINISTRO ANDREAZZA,RO,-11.196,-61.5174
1101302,Mirante da Serra,MIRANTE DA SERRA,RO,-11.029,-62.6696
1101401,Monte Negro,MONTE NEGRO,RO,-10.2458,-63.29
1101435,Nova União,NOVA UNIAO,RO,-10.9068,-62.5564
1101450,Parecis,PARECIS,RO,-12.1754,-61.6032
1101468,Pimenteiras do Oeste,PIMENTEIRAS DO OESTE,RO,-13.4823,-61.0471
1101476,Primavera de Rondônia,PRIMAVERA DE RONDONIA,RO,-11.8295,-61.3153
1101484,São Felipe D'Oeste,SAO FELIPE D OESTE,RO,-11.9023,-61.5026
1101492,São Francisco do Guaporé,SAO FRANCISCO DO GUAPORE,RO,-12.052,-63.568
1101500,Seringueiras,SERINGUEIRAS,RO,-11.8055,-63.0182
1101559,Teixeirópolis,TEIXEIROPOLIS,RO,-10.9056,-62.242
1101609,Theobroma,THEOBROMA,RO,-10.2483,-62.3538
1101708,Urupá,URUPA,RO,-11.1261,-62.3639
1101757,Vale do Anari,VALE DO ANARI,RO,-9.86215,-62.1876
1101807,Vale do Paraíso,VALE DO PARAISO,RO,-10.4465,-62.1352
1200013,Acrelândia,ACRELANDIA,AC,-9.82581,-66.8972
1200054,Assis Brasil,ASSIS BRASIL,AC,-10.9298,-69.5738
1200104,Brasiléia,BRASILEIA,AC,-10.995,-68.7497
1200138,Bujari,BUJARI,AC,-9.81528,-67.955
1200179,Capixaba,CAPIXABA,AC,-10.566,-67.686
1200203,Cruzeiro do Sul,CRUZEIRO DO SUL,AC,-7.62762,-72.6756
1200252,Epitaciolândia,EPITACIOLANDIA,AC,-11.0188,-68.7341
1200302,Feijó,FEIJO,AC,-8.17054,-70.351
1200328,Jordão,JORDAO,AC,-9.1908,-71.9503
1200336,Mâncio Lima,MANCIO LIMA,AC,-7.61657,-72.8997
1200344,Manoel Urbano,MANOEL URBANO,AC,-8.83291,-69.2679
1200351,Marechal Thaumaturgo,MARECHAL THAUMATURGO,AC,-8.93898,-72.7997
1200385,Plácido de Castro,PLACIDO DE CASTRO,AC,-10.2806,-67.1371
1200393,Porto Walter,PORTO WALTER,AC,-8.26323,-72.7537
1200401,Rio Branco,RIO BRANCO,AC,-9.97499,-67.8243
1200427,Rodrigues Alves,RODRIGUES ALVES,AC,-7.73864,-72.661
1200435,Santa Rosa do Purus,SANTA ROSA DO PURUS,AC,-9.44652,-70.4902
1200450,Senador Guiomard,SENADOR GUIOMARD,AC,-10.1497,-67.7362
1200500,Sena Madureira,SENA MADUREIRA,AC,-9.06596,-68.6571
1200609,Tarauacá,TARAUACA,AC,-8.15697,-70.7722
1200708,Xapuri,XAPURI,AC,-10.6516,-68.4969
1200807,Porto Acre,PORTO ACRE,AC,-9.58138,-67.5478
1300029,Alvarães,ALVARAES,AM,-3.22727,-64.8007
1300060,Amaturá,AMATURA,AM,-3.37455,-68.2005
1300086,Anamã,ANAMA,AM,-3.56697,-61.3963
1300102,Anori,ANORI,AM,-3.74603,-61.6575
1300144,Apuí,APUI,AM,-7.19409,-59.896
1300201,Atalaia do Norte,ATALAIA DO NORTE,AM,-4.37055,-70.1967
1300300,Autazes,AUTAZES,AM,-3.58574,-59.1256
1300409,Barcelos,BARCELOS,AM,-0.983373,-62.9311
1300508,Barreirinha,BARREIRINHA,AM,-2.79886,-57.0679
1300607,Benjamin Constant,BENJAMIN CONSTANT,AM,-4.37768,-70.0342
1300631,Beruri,BERURI,AM,-3.89874,-61.3616
1300680,Boa Vista do Ramos,BOA VISTA DO RAMOS,AM,-2.97409,-57.5873
1300706,Boca do Acre,BOCA DO ACRE,AM,-8.74232,-67.3919
1300805,Borba,BORBA,AM,-4.39154,-59.5874
1300839,Caapiranga,CAAPIRANGA,AM,-3.31537,-61.2206
1300904,Canutama,CANUTAMA,AM,-6.52582,-64.3953
1301001,Carauari,CARAUARI,AM,-4.88161,-66.9086
1301100,Careiro,CAREIRO,AM,-3.76803,-60.369
1301159,Careiro da Várzea,CAREIRO DA VARZEA,AM,-3.314,-59.5557
1301209,Coari,COARI,AM,-4.09412,-63.1441
1301308,Codajás,CODAJAS,AM,-3.83053,-62.0658
1301407,Eirunepé,EIRUNEPE,AM,-6.65677,-69.8662
1301506,Envira,ENVIRA,AM,-7.43789,-70.0281
1301605,Fonte Boa,FONTE BOA,AM,-2.52342,-66.0942
1301654,Guajará,GUAJARA,AM,-7.53797,-72.5907
1301704,Humaitá,HUMAITA,AM,-7.51171,-63.0327
1301803,Ipixuna,IPIXUNA,AM,-7.04791,-71.6934
1301852,Iranduba,IRANDUBA,AM,-3.27479,-60.19
1301902,Itacoatiara,ITACOATIARA,AM,-3.13861,-58.4449
1301951,Itamarati,ITAMARATI,AM,-6.43852,-68.2437
1302009,Itapiranga,ITAPIRANGA,AM,-2.74081,-58.0293
1302108,Japurá,JAPURA,AM,-1.88237,-66.9291
1302207,Juruá,JURUA,AM,-3.48438,-66.0718
1302306,Jutaí,JUTAI,AM,-2.75814,-66.7595
1302405,Lábrea,LABREA,AM,-7.26413,-64.7948
1302504,Manacapuru,MANACAPURU,AM,-3.29066,-60.6216
1302553,Manaquiri,MANAQUIRI,AM,-3.44078,-60.4612
1302603,Manaus,MANAUS,AM,-3.11866,-60.0212
1302702,Manicoré,MANICORE,AM,-5.80462,-61.2895
1302801,Maraã,MARAA,AM,-1.85313,-65.573
1302900,Maués,MAUES,AM,-3.39289,-57.7067
1303007,Nhamundá,NHAMUNDA,AM,-2.20793,-56.7112
1303106,Nova Olinda do Norte,NOVA OLINDA DO NORTE,AM,-3.90037,-59.094
1303205,Novo Airão,NOVO AIRAO,AM,-2.63637,-60.9434
1303304,Novo Aripuanã,NOVO ARIPUANA,AM,-5.12593,-60.3732
1303403,Parintins,PARINTINS,AM,-2.63741,-56.729
1303502,Pauini,PAUINI,AM,-7.71311,-66.992
1303536,Presidente Figueiredo,PRESIDENTE FIGUEIREDO,AM,-2.02981,-60.0234
1303569,Rio Preto da Eva,RIO PRETO DA EVA,AM,-2.7045,-59.6858
1303601,Santa Isabel do Rio Negro,SANTA ISABEL DO RIO NEGRO,AM,-0.410824,-65.0092
1303700,Santo Antônio do Içá,SANTO ANTONIO DO ICA,AM,-3.09544,-67.9463
1303809,São Gabriel da Cachoeira,SAO GABRIEL DA CACHOEIRA,AM,-0.11909,-67.084
1303908,São Paulo de Olivença,SAO PAULO DE OLIVENCA,AM,-3.47292,-68.9646
1303957,São Sebastião do Uatumã,SAO SEBASTIAO DO UATUMA,AM,-2.55915,-57.8731
1304005,Silves,SILVES,AM,-2.81748,-58.248
1304062,Tabatinga,TABATINGA,AM,-4.2416,-69.9383
1304104,Tapauá,TAPAUA,AM,-5.62085,-63.1808
1304203,Tefé,TEFE,AM,-3.36822,-64.7193
1304237,Tonantins,TONANTINS,AM,-2.86582,-67.7919
1304260,Uarini,UARINI,AM,-2.99609,-65.1133
1304302,Urucará,URUCARA,AM,-2.52936,-57.7538
1304401,Urucurituba,URUCURITUBA,AM,-3.12841,-58.1496
1400027,Amajari,AMAJARI,RR,3.64571,-61.3692
1400050,Alto Alegre,ALTO ALEGRE,RR,2.98858,-61.3072
1400100,Boa Vista,BOA VISTA,RR,2.82384,-60.6753
1400159,Bonfim,BONFIM,RR,3.36161,-59.8333
1400175,Cantá,CANTA,RR,2.60994,-60.6058
1400209,Caracaraí,CARACARAI,RR,1.82766,-61.1304
1400233,Caroebe,CAROEBE,RR,0.884203,-59.6959
1400282,Iracema,IRACEMA,RR,2.18305,-61.0415
1400308,Mucajaí,MUCAJAI,RR,2.43998,-60.9096
1400407,Normandia,NORMANDIA,RR,3.8853,-59.6204
1400456,Pacaraima,PACARAIMA,RR,4.4799,-61.1477
1400472,Rorainópolis,RORAINOPOLIS,RR,0.939956,-60.4389
1400506,São João da Baliza,SAO JOAO DA BALIZA,RR,0.951659,-59.9133
1400605,São Luiz,SAO LUIZ,RR,1.01019,-60.0419
1400704,Uiramutã,UIRAMUTA,RR,4.60314,-60.1815
1500107,Abaetetuba,ABAETETUBA,PA,-1.72183,-48.8788
1500131,Abel Figueiredo,ABEL FIGUEIREDO,PA,-4.95333,-48.3933
1500206,Acará,ACARA,PA,-1.95383,-48.1985
1500305,Afuá,AFUA,PA,-0.154874,-50.3861
1500347,Água Azul do Norte,AGUA AZUL DO NORTE,PA,-6.79053,-50.4791
1500404,Alenquer,ALENQUER,PA,-1.94623,-54.7384
1500503,Almeirim,ALMEIRIM,PA,-1.52904,-52.5788
1500602,Altamira,ALTAMIRA,PA,-3.20407,-52.21
1500701,Anajás,ANAJAS,PA,-0.996811,-49.9354
1500800,Ananindeua,ANANINDEUA,PA,-1.36391,-48.3743
1500859,Anapu,ANAPU,PA,-3.46985,-51.2003
1500909,Augusto Corrêa,AUGUSTO CORREA,PA,-1.05109,-46.6147
1500958,Aurora do Pará,AURORA DO PARA,PA,-2.14898,-47.5677
1501006,Aveiro,AVEIRO,PA,-3.60841,-55.3199
1501105,Bagre,BAGRE,PA,-1.90057,-50.1987
1501204,Baião,BAIAO,PA,-2.79021,-49.6694
1501253,Bannach,BANNACH,PA,-7.34779,-50.3959
1501303,Barcarena,BARCARENA,PA,-1.51187,-48.6195
1501402,Belém,BELEM,PA,-1.4554,-48.4898
1501451,Belterra,BELTERRA,PA,-2.63609,-54.9374
1501501,Benevides,BENEVIDES,PA,-1.36183,-48.2434
1501576,Bom Jesus do Tocantins,BOM JESUS DO TOCANTINS,PA,-5.0424,-48.6047
1501600,Bonito,BONITO,PA,-1.36745,-47.3066
1501709,Bragança,BRAGANCA,PA,-1.06126,-46.7826
1501725,Brasil Novo,BRASIL NOVO,PA,-3.29792,-52.534
1501758,Brejo Grande do Araguaia,BREJO GRANDE DO ARAGUAIA,PA,-5.69822,-48.4103
1501782,Breu Branco,BREU BRANCO,PA,-3.77191,-49.5735
1501808,Breves,BREVES,PA,-1.68036,-50.4791
1501907,Bujaru,BUJARU,PA,-1.51762,-48.0381
1501956,Cachoeira do Piriá,CACHOEIRA DO PIRIA,PA,-1.75974,-46.5459
1502004,Cachoeira do Arari,CACHOEIRA DO ARARI,PA,-1.01226,-48.9503
1502103,Cametá,CAMETA,PA,-2.24295,-49.4979
1502152,Canaã dos Carajás,CANAA DOS CARAJAS,PA,-6.49659,-49.8776
1502202,Capanema,CAPANEMA,PA,-1.20529,-47.1778
1502301,Capitão Poço,CAPITAO POCO,PA,-1.74785,-47.0629
1502400,Castanhal,CASTANHAL,PA,-1.29797,-47.9167
1502509,Chaves,CHAVES,PA,-0.164154,-49.987
1502608,Colares,COLARES,PA,-0.936423,-48.2803
1502707,Conceição do Araguaia,CONCEICAO DO ARAGUAIA,PA,-8.26136,-49.2689
1502756,Concórdia do Pará,CONCORDIA DO PARA,PA,-1.99238,-47.9422
1502764,Cumaru do Norte,CUMARU DO NORTE,PA,-7.81097,-50.7698
1502772,Curionópolis,CURIONOPOLIS,PA,-6.09965,-49.6068
1502806,Curralinho,CURRALINHO,PA,-1.81179,-49.7952
1502855,Curuá,CURUA,PA,-1.88775,-55.1168
1502905,Curuçá,CURUCA,PA,-0.733214,-47.8515
1502939,Dom Eliseu,DOM ELISEU,PA,-4.19944,-47.8245
1502954,Eldorado do Carajás,ELDORADO DO CARAJAS,PA,-6.10389,-49.3553
1503002,Faro,FARO,PA,-2.16805,-56.7405
1503044,Floresta do Araguaia,FLORESTA DO ARAGUAIA,PA,-7.55335,-49.7125
1503077,Garrafão do Norte,GARRAFAO DO NORTE,PA,-1.92986,-47.0505
1503093,Goianésia do Pará,GOIANESIA DO PARA,PA,-3.84338,-49.0974
1503101,Gurupá,GURUPA,PA,-1.41412,-51.6338
1503200,Igarapé-Açu,IGARAPE ACU,PA,-1.12539,-47.626
1503309,Igarapé-Miri,IGARAPE MIRI,PA,-1.97533,-48.9575
1503408,Inhangapi,INHANGAPI,PA,-1.4349,-47.9114
1503457,Ipixuna do Pará,IPIXUNA DO PARA,PA,-2.55992,-47.5059
1503507,Irituia,IRITUIA,PA,-1.76984,-47.446
1503606,Itaituba,ITAITUBA,PA,-4.2667,-55.9926
1503705,Itupiranga,ITUPIRANGA,PA,-5.13272,-49.3358
1503754,Jacareacanga,JACAREACANGA,PA,-6.21469,-57.7544
1503804,Jacundá,JACUNDA,PA,-4.44617,-49.1153
1503903,Juruti,JURUTI,PA,-2.16347,-56.0889
1504000,Limoeiro do Ajuru,LIMOEIRO DO AJURU,PA,-1.8985,-49.3903
1504059,Mãe do Rio,MAE DO RIO,PA,-2.05683,-47.5601
1504109,Magalhães Barata,MAGALHAES BARATA,PA,-0.803391,-47.6014
1504208,Marabá,MARABA,PA,-5.38075,-49.1327
1504307,Maracanã,MARACANA,PA,-0.778899,-47.452
1504406,Marapanim,MARAPANIM,PA,-0.714702,-47.7034
1504422,Marituba,MARITUBA,PA,-1.36002,-48.3421
1504455,Medicilândia,MEDICILANDIA,PA,-3.44637,-52.8875
1504505,Melgaço,MELGACO,PA,-1.8032,-50.7149
1504604,Mocajuba,MOCAJUBA,PA,-2.5831,-49.5042
1504703,Moju,MOJU,PA,-1.88993,-48.7668
1504752,Mojuí dos Campos,MOJUI DOS CAMPOS,PA,-2.6822,-54.6425
1504802,Monte Alegre,MONTE ALEGRE,PA,-1.99768,-54.0724
1504901,Muaná,MUANA,PA,-1.53936,-49.2224
1504950,Nova Esperança do Piriá,NOVA ESPERANCA DO PIRIA,PA,-2.26693,-46.9731
1504976,Nova Ipixuna,NOVA IPIXUNA,PA,-4.91622,-49.0822
1505007,Nova Timboteua,NOVA TIMBOTEUA,PA,-1.20874,-47.3921
1505031,Novo Progresso,NOVO PROGRESSO,PA,-7.14347,-55.3786
1505064,Novo Repartimento,NOVO REPARTIMENTO,PA,-4.24749,-49.9499
1505106,Óbidos,OBIDOS,PA,-1.90107,-55.5208
1505205,Oeiras do Pará,OEIRAS DO PARA,PA,-2.00358,-49.8628
1505304,Oriximiná,ORIXIMINA,PA,-1.75989,-55.8579
1505403,Ourém,OUREM,PA,-1.54168,-47.1126
1505437,Ourilândia do Norte,OURILANDIA DO NORTE,PA,-6.7529,-51.0858
1505486,Pacajá,PACAJA,PA,-3.83542,-50.6399
1505494,Palestina do Pará,PALESTINA DO PARA,PA,-5.74027,-48.3181
1505502,Paragominas,PARAGOMINAS,PA,-3.00212,-47.3527
1505536,Parauapebas,PARAUAPEBAS,PA,-6.06781,-49.9037
1505551,Pau d'Arco,PAU D ARCO,PA,-1.59772,-46.9268
1505601,Peixe-Boi,PEIXE BOI,PA,-1.19382,-47.324
1505635,Piçarra,PICARRA,PA,-6.43778,-48.8716
1505650,Placas,PLACAS,PA,-3.86813,-54.2124
1505700,Ponta de Pedras,PONTA DE PEDRAS,PA,-1.39587,-48.8661
1505809,Portel,PORTEL,PA,-1.93639,-50.8194
1505908,Porto de Moz,PORTO DE MOZ,PA,-1.74691,-52.2361
1506005,Prainha,PRAINHA,PA,-1.798,-53.4779
1506104,Primavera,PRIMAVERA,PA,-0.945439,-47.1253
1506112,Quatipuru,QUATIPURU,PA,-0.899604,-47.0134
1506138,Redenção,REDENCAO,PA,-8.02529,-50.0317
1506161,Rio Maria,RIO MARIA,PA,-7.31236,-50.0379
1506187,Rondon do Pará,RONDON DO PARA,PA,-4.77793,-48.067
1506195,Rurópolis,RUROPOLIS,PA,-4.10028,-54.9092
1506203,Salinópolis,SALINOPOLIS,PA,-0.630815,-47.3465
1506302,Salvaterra,SALVATERRA,PA,-0.758444,-48.5139
1506351,Santa Bárbara do Pará,SANTA BARBARA DO PARA,PA,-1.19219,-48.238
1506401,Santa Cruz do Arari,SANTA CRUZ DO ARARI,PA,-0.661019,-49.1771
1506500,Santa Izabel do Pará,SANTA IZABEL DO PARA,PA,-1.29686,-48.1606
1506559,Santa Luzia do Pará,SANTA LUZIA DO PARA,PA,-1.52147,-46.9008
1506583,Santa Maria das Barreiras,SANTA MARIA DAS BARREIRAS,PA,-8.85784,-49.7215
1506609,Santa Maria do Pará,SANTA MARIA DO PARA,PA,-1.35392,-47.5712
1506708,Santana do Araguaia,SANTANA DO ARAGUAIA,PA,-9.3281,-50.35
1506807,Santarém,SANTAREM,PA,-2.43849,-54.6996
1506906,Santarém Novo,SANTAREM NOVO,PA,-0.93097,-47.3855
1507003,Santo Antônio do Tauá,SANTO ANTONIO DO TAUA,PA,-1.1522,-48.1314
1507102,São Caetano de Odivelas,SAO CAETANO DE ODIVELAS,PA,-0.747293,-48.0246
1507151,São Domingos do Araguaia,SAO DOMINGOS DO ARAGUAIA,PA,-5.53732,-48.7366
1507201,São Domingos do Capim,SAO DOMINGOS DO CAPIM,PA,-1.68768,-47.7665
1507300,São Félix do Xingu,SAO FELIX DO XINGU,PA,-6.64254,-51.9904
1507409,São Francisco do Pará,SAO FRANCISCO DO PARA,PA,-1.16963,-47.7917
1507458,São Geraldo do Araguaia,SAO GERALDO DO ARAGUAIA,PA,-6.39471,-48.5592
1507466,São João da Ponta,SAO JOAO DA PONTA,PA,-0.857885,-47.918
1507474,São João de Pirabas,SAO JOAO DE PIRABAS,PA,-0.780222,-47.181
1507508,São João do Araguaia,SAO JOAO DO ARAGUAIA,PA,-5.36334,-48.7926
1507607,São Miguel do Guamá,SAO MIGUEL DO GUAMA,PA,-1.61307,-47.4784
1507706,São Sebastião da Boa Vista,SAO SEBASTIAO DA BOA VISTA,PA,-1.71597,-49.5249
1507755,Sapucaia,SAPUCAIA,PA,-6.94018,-49.6834
1507805,Senador José Porfírio,SENADOR JOSE PORFIRIO,PA,-4.31242,-51.5764
1507904,Soure,SOURE,PA,-0.73032,-48.5015
1507953,Tailândia,TAILANDIA,PA,-2.94584,-48.9489
1507961,Terra Alta,TERRA ALTA,PA,-1.02963,-47.9004
1507979,Terra Santa,TERRA SANTA,PA,-2.10443,-56.4877
1508001,Tomé-Açu,TOME ACU,PA,-2.41302,-48.1415
1508035,Tracuateua,TRACUATEUA,PA,-1.07653,-46.9031
1508050,Trairão,TRAIRAO,PA,-4.57347,-55.9429
1508084,Tucumã,TUCUMA,PA,-6.74687,-51.1626
1508100,Tucuruí,TUCURUI,PA,-3.7657,-49.6773
1508126,Ulianópolis,ULIANOPOLIS,PA,-3.75007,-47.4892
1508159,Uruará,URUARA,PA,-3.71519,-53.7396
1508209,Vigia,VIGIA,PA,-0.861194,-48.1386
1508308,Viseu,VISEU,PA,-1.19124,-46.1399
1508357,Vitória do Xingu,VITORIA DO XINGU,PA,-2.87922,-52.0088
1508407,Xinguara,XINGUARA,PA,-7.0983,-49.9437
1600055,Serra do Navio,SERRA DO NAVIO,AP,0.901357,-52.0036
1600105,Amapá,AMAPA,AP,2.05267,-50.7957
1600154,Pedra Branca do Amapari,PEDRA BRANCA DO AMAPARI,AP,0.777424,-51.9503
1600204,Calçoene,CALCOENE,AP,2.50475,-50.9512
1600212,Cutias,CUTIAS,AP,0.970761,-50.8005
1600238,Ferreira Gomes,FERREIRA GOMES,AP,0.857256,-51.1795
1600253,Itaubal,ITAUBAL,AP,0.602185,-50.6996
1600279,Laranjal do Jari,LARANJAL DO JARI,AP,-0.804911,-52.453
1600303,Macapá,MACAPA,AP,0.034934,-51.0694
1600402,Mazagão,MAZAGAO,AP,-0.11336,-51.2891
1600501,Oiapoque,OIAPOQUE,AP,3.84074,-51.8331
1600535,Porto Grande,PORTO GRANDE,AP,0.71243,-51.4155
1600550,Pracuúba,PRACUUBA,AP,1.74543,-50.7892
1600600,Santana,SANTANA,AP,-0.045434,-51.1729
1600709,Tartarugalzinho,TARTARUGALZINHO,AP,1.50652,-50.9087
1600808,Vitória do Jari,VITORIA DO JARI,AP,-0.938,-52.424
1700251,Abreulândia,ABREULANDIA,TO,-9.62101,-49.1518
1700301,Aguiarnópolis,AGUIARNOPOLIS,TO,-6.55409,-47.4702
1700350,Aliança do Tocantins,ALIANCA DO TOCANTINS,TO,-11.3056,-48.9361
1700400,Almas,ALMAS,TO,-11.5706,-47.1792
1700707,Alvorada,ALVORADA,TO,-12.4785,-49.1249
1701002,Ananás,ANANAS,TO,-6.36437,-48.0735
1701051,Angico,ANGICO,TO,-6.39179,-47.8611
1701101,Aparecida do Rio Negro,APARECIDA DO RIO NEGRO,TO,-9.94139,-47.9638
1701309,Aragominas,ARAGOMINAS,TO,-7.16005,-48.5291
1701903,Araguacema,ARAGUACEMA,TO,-8.80755,-49.5569
1702000,Araguaçu,ARAGUACU,TO,-12.9289,-49.8231
1702109,Araguaína,ARAGUAINA,TO,-7.19238,-48.2044
1702158,Araguanã,ARAGUANA,TO,-6.58225,-48.6395
1702208,Araguatins,ARAGUATINS,TO,-5.64659,-48.1232
1702307,Arapoema,ARAPOEMA,TO,-7.65463,-49.0637
1702406,Arraias,ARRAIAS,TO,-12.9287,-46.9359
1702554,Augustinópolis,AUGUSTINOPOLIS,TO,-5.46863,-47.8863
1702703,Aurora do Tocantins,AURORA DO TOCANTINS,TO,-12.7105,-46.4076
1702901,Axixá do Tocantins,AXIXA DO TOCANTINS,TO,-5.61275,-47.7701
1703008,Babaçulândia,BABACULANDIA,TO,-7.20923,-47.7613
1703057,Bandeirantes do Tocantins,BANDEIRANTES DO TOCANTINS,TO,-7.75612,-48.5836
1703073,Barra do Ouro,BARRA DO OURO,TO,-7.69593,-47.6776
1703107,Barrolândia,BARROLANDIA,TO,-9.83404,-48.7252
1703206,Bernardo Sayão,BERNARDO SAYAO,TO,-7.87481,-48.8893
1703305,Bom Jesus do Tocantins,BOM JESUS DO TOCANTINS,TO,-8.96306,-48.165
1703602,Brasilândia do Tocantins,BRASILANDIA DO TOCANTINS,TO,-8.38918,-48.4822
1703701,Brejinho de Nazaré,BREJINHO DE NAZARE,TO,-11.0058,-48.5683
1703800,Buriti do Tocantins,BURITI DO TOCANTINS,TO,-5.31448,-48.2271
1703826,Cachoeirinha,CACHOEIRINHA,TO,-6.1156,-47.9234
1703842,Campos Lindos,CAMPOS LINDOS,TO,-7.98956,-46.8645
1703867,Cariri do Tocantins,CARIRI DO TOCANTINS,TO,-11.8881,-49.1609
1703883,Carmolândia,CARMOLANDIA,TO,-7.03262,-48.3978
1703891,Carrasco Bonito,CARRASCO BONITO,TO,-5.31415,-48.0314
1703909,Caseara,CASEARA,TO,-9.27612,-49.9521
1704105,Centenário,CENTENARIO,TO,-8.96103,-47.3304
1704600,Chapada de Areia,CHAPADA DE AREIA,TO,-10.1419,-49.1403
1705102,Chapada da Natividade,CHAPADA DA NATIVIDADE,TO,-11.6175,-47.7486
1705508,Colinas do Tocantins,COLINAS DO TOCANTINS,TO,-8.05764,-48.4757
1705557,Combinado,COMBINADO,TO,-12.7917,-46.5388
1705607,Conceição do Tocantins,CONCEICAO DO TOCANTINS,TO,-12.2209,-47.2951
1706001,Couto Magalhães,COUTO MAGALHAES,TO,-8.28411,-49.2473
1706100,Cristalândia,CRISTALANDIA,TO,-10.5985,-49.1942
1706258,Crixás do Tocantins,CRIXAS DO TOCANTINS,TO,-11.0994,-48.9152
1706506,Darcinópolis,DARCINOPOLIS,TO,-6.71591,-47.7597
1707009,Dianópolis,DIANOPOLIS,TO,-11.624,-46.8198
1707108,Divinópolis do Tocantins,DIVINOPOLIS DO TOCANTINS,TO,-9.80018,-49.2169
1707207,Dois Irmãos do Tocantins,DOIS IRMAOS DO TOCANTINS,TO,-9.25534,-49.0638
1707306,Dueré,DUERE,TO,-11.3416,-49.2716
1707405,Esperantina,ESPERANTINA,TO,-5.36593,-48.5378
1707553,Fátima,FATIMA,TO,-10.7603,-48.9076
1707652,Figueirópolis,FIGUEIROPOLIS,TO,-12.1312,-49.1748
1707702,Filadélfia,FILADELFIA,TO,-7.33501,-47.4954
1708205,Formoso do Araguaia,FORMOSO DO ARAGUAIA,TO,-11.7976,-49.5316
1708254,Fortaleza do Tabocão,FORTALEZA DO TABOCAO,TO,-9.05611,-48.5206
1708304,Goianorte,GOIANORTE,TO,-8.77413,-48.9313
1709005,Goiatins,GOIATINS,TO,-7.71478,-47.3252
1709302,Guaraí,GUARAI,TO,-8.83543,-48.5114
1709500,Gurupi,GURUPI,TO,-11.7279,-49.068
1709807,Ipueiras,IPUEIRAS,TO,-11.2329,-48.46
1710508,Itacajá,ITACAJA,TO,-8.39293,-47.7726
1710706,Itaguatins,ITAGUATINS,TO,-5.77267,-47.4864
1710904,Itapiratins,ITAPIRATINS,TO,-8.37982,-48.1072
1711100,Itaporã do Tocantins,ITAPORA DO TOCANTINS,TO,-8.57172,-48.6895
1711506,Jaú do Tocantins,JAU DO TOCANTINS,TO,-12.6509,-48.589
1711803,Juarina,JUARINA,TO,-8.11951,-49.0643
1711902,Lagoa da Confusão,LAGOA DA CONFUSAO,TO,-10.7906,-49.6199
1711951,Lagoa do Tocantins,LAGOA DO TOCANTINS,TO,-10.368,-47.538
1712009,Lajeado,LAJEADO,TO,-9.74996,-48.3565
1712157,Lavandeira,LAVANDEIRA,TO,-12.7847,-46.5099
1712405,Lizarda,LIZARDA,TO,-9.59002,-46.6738
1712454,Luzinópolis,LUZINOPOLIS,TO,-6.17794,-47.8582
1712504,Marianópolis do Tocantins,MARIANOPOLIS DO TOCANTINS,TO,-9.79377,-49.6553
1712702,Mateiros,MATEIROS,TO,-10.5464,-46.4168
1712801,Maurilândia do Tocantins,MAURILANDIA DO TOCANTINS,TO,-5.95169,-47.5125
1713205,Miracema do Tocantins,MIRACEMA DO TOCANTINS,TO,-9.56556,-48.393
1713304,Miranorte,MIRANORTE,TO,-9.52907,-48.5922
1713601,Monte do Carmo,MONTE DO CARMO,TO,-10.7611,-48.1114
1713700,Monte Santo do Tocantins,MONTE SANTO DO TOCANTINS,TO,-10.0075,-48.9941
1713809,Palmeiras do Tocantins,PALMEIRAS DO TOCANTINS,TO,-6.61658,-47.5464
1713957,Muricilândia,MURICILANDIA,TO,-7.14669,-48.6091
1714203,Natividade,NATIVIDADE,TO,-11.7034,-47.7223
1714302,Nazaré,NAZARE,TO,-6.37496,-47.6643
1714880,Nova Olinda,NOVA OLINDA,TO,-7.63171,-48.4252
1715002,Nova Rosalândia,NOVA ROSALANDIA,TO,-10.5651,-48.9125
1715101,Novo Acordo,NOVO ACORDO,TO,-9.97063,-47.6785
1715150,Novo Alegre,NOVO ALEGRE,TO,-12.9217,-46.5713
1715259,Novo Jardim,NOVO JARDIM,TO,-11.826,-46.6325
1715507,Oliveira de Fátima,OLIVEIRA DE FATIMA,TO,-10.707,-48.9086
1715705,Palmeirante,PALMEIRANTE,TO,-7.84786,-47.9242
1715754,Palmeirópolis,PALMEIROPOLIS,TO,-13.0447,-48.4026
1716109,Paraíso do Tocantins,PARAISO DO TOCANTINS,TO,-10.175,-48.8823
1716208,Paranã,PARANA,TO,-12.6167,-47.8734
1716307,Pau D'Arco,PAU D ARCO,TO,-7.53919,-49.367
1716505,Pedro Afonso,PEDRO AFONSO,TO,-8.97034,-48.1729
1716604,Peixe,PEIXE,TO,-12.0254,-48.5395
1716653,Pequizeiro,PEQUIZEIRO,TO,-8.5932,-48.9327
1716703,Colméia,COLMEIA,TO,-8.72463,-48.7638
1717008,Pindorama do Tocantins,PINDORAMA DO TOCANTINS,TO,-11.1311,-47.5726
1717206,Piraquê,PIRAQUE,TO,-6.77302,-48.2958
1717503,Pium,PIUM,TO,-10.442,-49.1876
1717800,Ponte Alta do Bom Jesus,PONTE ALTA DO BOM JESUS,TO,-12.0853,-46.4825
1717909,Ponte Alta do Tocantins,PONTE ALTA DO TOCANTINS,TO,-10.7481,-47.5276
1718006,Porto Alegre do Tocantins,PORTO ALEGRE DO TOCANTINS,TO,-11.618,-47.0621
1718204,Porto Nacional,PORTO NACIONAL,TO,-10.7027,-48.408
1718303,Praia Norte,PRAIA NORTE,TO,-5.39281,-47.8111
1718402,Presidente Kennedy,PRESIDENTE KENNEDY,TO,-8.5406,-48.5062
1718451,Pugmil,PUGMIL,TO,-10.424,-48.8957
1718501,Recursolândia,RECURSOLANDIA,TO,-8.7227,-47.2421
1718550,Riachinho,RIACHINHO,TO,-6.44005,-48.1371
1718659,Rio da Conceição,RIO DA CONCEICAO,TO,-11.3949,-46.8847
1718709,Rio dos Bois,RIO DOS BOIS,TO,-9.34425,-48.5245
1718758,Rio Sono,RIO SONO,TO,-9.35002,-47.888
1718808,Sampaio,SAMPAIO,TO,-5.35423,-47.8782
1718840,Sandolândia,SANDOLANDIA,TO,-12.538,-49.9242
1718865,Santa Fé do Araguaia,SANTA FE DO ARAGUAIA,TO,-7.15803,-48.7165
1718881,Santa Maria do Tocantins,SANTA MARIA DO TOCANTINS,TO,-8.8046,-47.7887
1718899,Santa Rita do Tocantins,SANTA RITA DO TOCANTINS,TO,-10.8617,-48.9161
1718907,Santa Rosa do Tocantins,SANTA ROSA DO TOCANTINS,TO,-11.4474,-48.1216
1719004,Santa Tereza do Tocantins,SANTA TEREZA DO TOCANTINS,TO,-10.2746,-47.8033
1720002,Santa Terezinha do Tocantins,SANTA TEREZINHA DO TOCANTINS,TO,-6.44438,-47.6684
1720101,São Bento do Tocantins,SAO BENTO DO TOCANTINS,TO,-6.0258,-47.9012
1720150,São Félix do Tocantins,SAO FELIX DO TOCANTINS,TO,-10.1615,-46.6618
1720200,São Miguel do Tocantins,SAO MIGUEL DO TOCANTINS,TO,-5.56305,-47.5743
1720259,São Salvador do Tocantins,SAO SALVADOR DO TOCANTINS,TO,-12.7458,-48.2352
1720309,São Sebastião do Tocantins,SAO SEBASTIAO DO TOCANTINS,TO,-5.26131,-48.2021
1720499,São Valério,SAO VALERIO,TO,-11.9743,-48.2353
1720655,Silvanópolis,SILVANOPOLIS,TO,-11.1471,-48.1694
1720804,Sítio Novo do Tocantins,SITIO NOVO DO TOCANTINS,TO,-5.6012,-47.6381
1720853,Sucupira,SUCUPIRA,TO,-11.993,-48.9685
1720903,Taguatinga,TAGUATINGA,TO,-12.4026,-46.437
1720937,Taipas do Tocantins,TAIPAS DO TOCANTINS,TO,-12.1873,-46.9797
1720978,Talismã,TALISMA,TO,-12.7949,-49.0896
1721000,Palmas,PALMAS,TO,-10.24,-48.3558
1721109,Tocantínia,TOCANTINIA,TO,-9.5632,-48.3741
1721208,Tocantinópolis,TOCANTINOPOLIS,TO,-6.32447,-47.4224
1721257,Tupirama,TUPIRAMA,TO,-8.97168,-48.1883
1721307,Tupiratins,TUPIRATINS,TO,-8.39388,-48.1277
1722081,Wanderlândia,WANDERLANDIA,TO,-6.85274,-47.9601
1722107,Xambioá,XAMBIOA,TO,-6.4141,-48.532
2100055,Açailândia,ACAILANDIA,MA,-4.94714,-47.5004
2100105,Afonso Cunha,AFONSO CUNHA,MA,-4.13631,-43.3275
2100154,Água Doce do Maranhão,AGUA DOCE DO MARANHAO,MA,-2.84048,-42.1189
2100204,Alcântara,ALCANTARA,MA,-2.39574,-44.4062
2100303,Aldeias Altas,ALDEIAS ALTAS,MA,-4.62621,-43.4689
2100402,Altamira do Maranhão,ALTAMIRA DO MARANHAO,MA,-4.16598,-45.4706
2100436,Alto Alegre do Maranhão,ALTO ALEGRE DO MARANHAO,MA,-4.213,-44.446
2100477,Alto Alegre do Pindaré,ALTO ALEGRE DO PINDARE,MA,-3.66689,-45.8421
2100501,Alto Parnaíba,ALTO PARNAIBA,MA,-9.10273,-45.9303
2100550,Amapá do Maranhão,AMAPA DO MARANHAO,MA,-1.67524,-46.0024
2100600,Amarante do Maranhão,AMARANTE DO MARANHAO,MA,-5.56913,-46.7473
2100709,Anajatuba,ANAJATUBA,MA,-3.26269,-44.6126
2100808,Anapurus,ANAPURUS,MA,-3.67577,-43.1014
2100832,Apicum-Açu,APICUM ACU,MA,-1.45862,-45.0864
2100873,Araguanã,ARAGUANA,MA,-2.94644,-45.6589
2100907,Araioses,ARAIOSES,MA,-2.89091,-41.905
2100956,Arame,ARAME,MA,-4.88347,-46.0032
2101004,Arari,ARARI,MA,-3.45214,-44.7665
2101103,Axixá,AXIXA,MA,-2.83939,-44.062
2101202,Bacabal,BACABAL,MA,-4.22447,-44.7832
2101251,Bacabeira,BACABEIRA,MA,-2.96452,-44.3164
2101301,Bacuri,BACURI,MA,-1.6965,-45.1328
2101350,Bacurituba,BACURITUBA,MA,-2.71,-44.7329
2101400,Balsas,BALSAS,MA,-7.53214,-46.0372
2101509,Barão de Grajaú,BARAO DE GRAJAU,MA,-6.74463,-43.0261
2101608,Barra do Corda,BARRA DO CORDA,MA,-5.49682,-45.2485
2101707,Barreirinhas,BARREIRINHAS,MA,-2.75863,-42.8232
2101731,Belágua,BELAGUA,MA,-3.15485,-43.5122
2101772,Bela Vista do Maranhão,BELA VISTA DO MARANHAO,MA,-3.72618,-45.3075
2101806,Benedito Leite,BENEDITO LEITE,MA,-7.21037,-44.5577
2101905,Bequimão,BEQUIMAO,MA,-2.44162,-44.7842
2101939,Bernardo do Mearim,BERNARDO DO MEARIM,MA,-4.62666,-44.7608
2101970,Boa Vista do Gurupi,BOA VISTA DO GURUPI,MA,-1.77614,-46.3002
2102002,Bom Jardim,BOM JARDIM,MA,-3.54129,-45.606
2102036,Bom Jesus das Selvas,BOM JESUS DAS SELVAS,MA,-4.47638,-46.8641
2102077,Bom Lugar,BOM LUGAR,MA,-4.37311,-45.0326
2102101,Brejo,BREJO,MA,-3.67796,-42.7527
2102150,Brejo de Areia,BREJO DE AREIA,MA,-4.334,-45.581
2102200,Buriti,BURITI,MA,-3.94169,-42.9179
2102309,Buriti Bravo,BURITI BRAVO,MA,-5.83239,-43.8353
2102325,Buriticupu,BURITICUPU,MA,-4.32375,-46.4409
2102358,Buritirana,BURITIRANA,MA,-5.59823,-47.0131
2102374,Cachoeira Grande,CACHOEIRA GRANDE,MA,-2.93074,-44.0528
2102408,Cajapió,CAJAPIO,MA,-2.87326,-44.6741
2102507,Cajari,CAJARI,MA,-3.32742,-45.0145
2102556,Campestre do Maranhão,CAMPESTRE DO MARANHAO,MA,-6.17075,-47.3625
2102606,Cândido Mendes,CANDIDO MENDES,MA,-1.43265,-45.7161
2102705,Cantanhede,CANTANHEDE,MA,-3.63757,-44.383
2102754,Capinzal do Norte,CAPINZAL DO NORTE,MA,-4.7236,-44.328
2102804,Carolina,CAROLINA,MA,-7.33584,-47.4634
2102903,Carutapera,CARUTAPERA,MA,-1.19696,-46.0085
2103000,Caxias,CAXIAS,MA,-4.86505,-43.3617
2103109,Cedral,CEDRAL,MA,-2.00027,-44.5281
2103125,Central do Maranhão,CENTRAL DO MARANHAO,MA,-2.19831,-44.8254
2103158,Centro do Guilherme,CENTRO DO GUILHERME,MA,-2.44891,-46.0345
2103174,Centro Novo do Maranhão,CENTRO NOVO DO MARANHAO,MA,-2.12696,-46.1228
2103208,Chapadinha,CHAPADINHA,MA,-3.73875,-43.3538
2103257,Cidelândia,CIDELANDIA,MA,-5.17465,-47.7781
2103307,Codó,CODO,MA,-4.45562,-43.8924
2103406,Coelho Neto,COELHO NETO,MA,-4.25245,-43.0108
2103505,Colinas,COLINAS,MA,-6.03199,-44.2543
2103554,Conceição do Lago-Açu,CONCEICAO DO LAGO ACU,MA,-3.85142,-44.8895
2103604,Coroatá,COROATA,MA,-4.13442,-44.1244
2103703,Cururupu,CURURUPU,MA,-1.81475,-44.8644
2103752,Davinópolis,DAVINOPOLIS,MA,-5.54637,-47.4217
2103802,Dom Pedro,DOM PEDRO,MA,-5.03518,-44.4409
2103901,Duque Bacelar,DUQUE BACELAR,MA,-4.15002,-42.9477
2104008,Esperantinópolis,ESPERANTINOPOLIS,MA,-4.87938,-44.6926
2104057,Estreito,ESTREITO,MA,-6.56077,-47.4431
2104073,Feira Nova do Maranhão,FEIRA NOVA DO MARANHAO,MA,-6.96508,-46.6786
2104081,Fernando Falcão,FERNANDO FALCAO,MA,-6.16207,-44.8979
2104099,Formosa da Serra Negra,FORMOSA DA SERRA NEGRA,MA,-6.44017,-46.1916
2104107,Fortaleza dos Nogueiras,FORTALEZA DOS NOGUEIRAS,MA,-6.95983,-46.1749
2104206,Fortuna,FORTUNA,MA,-5.72792,-44.1565
2104305,Godofredo Viana,GODOFREDO VIANA,MA,-1.40259,-45.7795
2104404,Gonçalves Dias,GONCALVES DIAS,MA,-5.1475,-44.3013
2104503,Governador Archer,GOVERNADOR ARCHER,MA,-5.02078,-44.2754
2104552,Governador Edison Lobão,GOVERNADOR EDISON LOBAO,MA,-5.74973,-47.3646
2104602,Governador Eugênio Barros,GOVERNADOR EUGENIO BARROS,MA,-5.31897,-44.2469
2104628,Governador Luiz Rocha,GOVERNADOR LUIZ ROCHA,MA,-5.47835,-44.0774
2104651,Governador Newton Bello,GOVERNADOR NEWTON BELLO,MA,-3.43245,-45.6619
2104677,Governador Nunes Freire,GOVERNADOR NUNES FREIRE,MA,-2.12899,-45.8777
2104701,Graça Aranha,GRACA ARANHA,MA,-5.40547,-44.3358
2104800,Grajaú,GRAJAU,MA,-5.81367,-46.1462
2104909,Guimarães,GUIMARAES,MA,-2.12755,-44.602
2105005,Humberto de Campos,HUMBERTO DE CAMPOS,MA,-2.59828,-43.4649
2105104,Icatu,ICATU,MA,-2.77206,-44.0501
2105153,Igarapé do Meio,IGARAPE DO MEIO,MA,-3.65771,-45.2114
2105203,Igarapé Grande,IGARAPE GRANDE,MA,-4.6625,-44.8558
2105302,Imperatriz,IMPERATRIZ,MA,-5.51847,-47.4777
2105351,Itaipava do Grajaú,ITAIPAVA DO GRAJAU,MA,-5.14252,-45.7877
2105401,Itapecuru Mirim,ITAPECURU MIRIM,MA,-3.40202,-44.3508
2105427,Itinga do Maranhão,ITINGA DO MARANHAO,MA,-4.45293,-47.5235
2105450,Jatobá,JATOBA,MA,-5.82282,-44.2153
2105476,Jenipapo dos Vieiras,JENIPAPO DOS VIEIRAS,MA,-5.36237,-45.6356
2105500,João Lisboa,JOAO LISBOA,MA,-5.44363,-47.4064
2105609,Joselândia,JOSELANDIA,MA,-4.98611,-44.6958
2105658,Junco do Maranhão,JUNCO DO MARANHAO,MA,-1.83888,-46.09
2105708,Lago da Pedra,LAGO DA PEDRA,MA,-4.56974,-45.1319
2105807,Lago do Junco,LAGO DO JUNCO,MA,-4.609,-45.049
2105906,Lago Verde,LAGO VERDE,MA,-3.94661,-44.826
2105922,Lagoa do Mato,LAGOA DO MATO,MA,-6.05023,-43.5333
2105948,Lago dos Rodrigues,LAGO DOS RODRIGUES,MA,-4.61173,-44.9798
2105963,Lagoa Grande do Maranhão,LAGOA GRANDE DO MARANHAO,MA,-4.98893,-45.3816
2105989,Lajeado Novo,LAJEADO NOVO,MA,-6.18539,-47.0293
2106003,Lima Campos,LIMA CAMPOS,MA,-4.51837,-44.4646
2106102,Loreto,LORETO,MA,-7.08111,-45.1451
2106201,Luís Domingues,LUIS DOMINGUES,MA,-1.27492,-45.867
2106300,Magalhães de Almeida,MAGALHAES DE ALMEIDA,MA,-3.39232,-42.2117
2106326,Maracaçumé,MARACACUME,MA,-2.04918,-45.9587
2106359,Marajá do Sena,MARAJA DO SENA,MA,-4.62806,-45.4531
2106375,Maranhãozinho,MARANHAOZINHO,MA,-2.24078,-45.8507
2106409,Mata Roma,MATA ROMA,MA,-3.62035,-43.1112
2106508,Matinha,MATINHA,MA,-3.09849,-45.035
2106607,Matões,MATOES,MA,-5.51359,-43.2018
2106631,Matões do Norte,MATOES DO NORTE,MA,-3.6244,-44.5468
2106672,Milagres do Maranhão,MILAGRES DO MARANHAO,MA,-3.57443,-42.6131
2106706,Mirador,MIRADOR,MA,-6.37454,-44.3683
2106755,Miranda do Norte,MIRANDA DO NORTE,MA,-3.56313,-44.5814
2106805,Mirinzal,MIRINZAL,MA,-2.07094,-44.7787
2106904,Monção,MONCAO,MA,-3.48125,-45.2496
2107001,Montes Altos,MONTES ALTOS,MA,-5.83067,-47.0673
2107100,Morros,MORROS,MA,-2.85379,-44.0357
2107209,Nina Rodrigues,NINA RODRIGUES,MA,-3.46788,-43.9134
2107258,Nova Colinas,NOVA COLINAS,MA,-7.12263,-46.2607
2107308,Nova Iorque,NOVA IORQUE,MA,-6.73047,-44.0471
2107357,Nova Olinda do Maranhão,NOVA OLINDA DO MARANHAO,MA,-2.84227,-45.6953
2107407,Olho d'Água das Cunhãs,OLHO D AGUA DAS CUNHAS,MA,-4.13417,-45.1163
2107456,Olinda Nova do Maranhão,OLINDA NOVA DO MARANHAO,MA,-2.99295,-44.9897
2107506,Paço do Lumiar,PACO DO LUMIAR,MA,-2.51657,-44.1019
2107605,Palmeirândia,PALMEIRANDIA,MA,-2.64433,-44.8933
2107704,Paraibano,PARAIBANO,MA,-6.4264,-43.9792
2107803,Parnarama,PARNARAMA,MA,-5.67365,-43.1011
2107902,Passagem Franca,PASSAGEM FRANCA,MA,-6.17745,-43.7755
2108009,Pastos Bons,PASTOS BONS,MA,-6.60296,-44.0745
2108058,Paulino Neves,PAULINO NEVES,MA,-2.72094,-42.5258
2108108,Paulo Ramos,PAULO RAMOS,MA,-4.44485,-45.2398
2108207,Pedreiras,PEDREIRAS,MA,-4.56482,-44.6006
2108256,Pedro do Rosário,PEDRO DO ROSARIO,MA,-2.97272,-45.3493
2108306,Penalva,PENALVA,MA,-3.27674,-45.1768
2108405,Peri Mirim,PERI MIRIM,MA,-2.57676,-44.8504
2108454,Peritoró,PERITORO,MA,-4.37459,-44.3369
2108504,Pindaré-Mirim,PINDARE MIRIM,MA,-3.60985,-45.342
2108603,Pinheiro,PINHEIRO,MA,-2.52224,-45.0788
2108702,Pio XII,PIO XII,MA,-3.89315,-45.1759
2108801,Pirapemas,PIRAPEMAS,MA,-3.72041,-44.2216
2108900,Poção de Pedras,POCAO DE PEDRAS,MA,-4.74626,-44.9432
2109007,Porto Franco,PORTO FRANCO,MA,-6.34149,-47.3962
2109056,Porto Rico do Maranhão,PORTO RICO DO MARANHAO,MA,-1.85925,-44.5842
2109106,Presidente Dutra,PRESIDENTE DUTRA,MA,-5.2898,-44.495
2109205,Presidente Juscelino,PRESIDENTE JUSCELINO,MA,-2.91872,-44.0715
2109239,Presidente Médici,PRESIDENTE MEDICI,MA,-2.38991,-45.82
2109270,Presidente Sarney,PRESIDENTE SARNEY,MA,-2.58799,-45.3595
2109304,Presidente Vargas,PRESIDENTE VARGAS,MA,-3.40787,-44.0234
2109403,Primeira Cruz,PRIMEIRA CRUZ,MA,-2.50568,-43.4232
2109452,Raposa,RAPOSA,MA,-2.4254,-44.0973
2109502,Riachão,RIACHAO,MA,-7.35819,-46.6225
2109551,Ribamar Fiquene,RIBAMAR FIQUENE,MA,-5.93067,-47.3888
2109601,Rosário,ROSARIO,MA,-2.93444,-44.2531
2109700,Sambaíba,SAMBAIBA,MA,-7.13447,-45.3515
2109759,Santa Filomena do Maranhão,SANTA FILOMENA DO MARANHAO,MA,-5.49671,-44.5638
2109809,Santa Helena,SANTA HELENA,MA,-2.24426,-45.29
2109908,Santa Inês,SANTA INES,MA,-3.65112,-45.3774
2110005,Santa Luzia,SANTA LUZIA,MA,-4.06873,-45.69
2110039,Santa Luzia do Paruá,SANTA LUZIA DO PARUA,MA,-2.51123,-45.7801
2110104,Santa Quitéria do Maranhão,SANTA QUITERIA DO MARANHAO,MA,-3.49308,-42.5688
2110203,Santa Rita,SANTA RITA,MA,-3.14241,-44.3211
2110237,Santana do Maranhão,SANTANA DO MARANHAO,MA,-3.109,-42.4064
2110278,Santo Amaro do Maranhão,SANTO AMARO DO MARANHAO,MA,-2.50068,-43.238
2110302,Santo Antônio dos Lopes,SANTO ANTONIO DOS LOPES,MA,-4.86613,-44.3653
2110401,São Benedito do Rio Preto,SAO BENEDITO DO RIO PRETO,MA,-3.33515,-43.5287
2110500,São Bento,SAO BENTO,MA,-2.69781,-44.8289
2110609,São Bernardo,SAO BERNARDO,MA,-3.37223,-42.4191
2110658,São Domingos do Azeitão,SAO DOMINGOS DO AZEITAO,MA,-6.81471,-44.6509
2110708,São Domingos do Maranhão,SAO DOMINGOS DO MARANHAO,MA,-5.58095,-44.3822
2110807,São Félix de Balsas,SAO FELIX DE BALSAS,MA,-7.07535,-44.8092
2110856,São Francisco do Brejão,SAO FRANCISCO DO BREJAO,MA,-5.12584,-47.389
2110906,São Francisco do Maranhão,SAO FRANCISCO DO MARANHAO,MA,-6.25159,-42.8668
2111003,São João Batista,SAO JOAO BATISTA,MA,-2.95398,-44.7953
2111029,São João do Carú,SAO JOAO DO CARU,MA,-3.5503,-46.2507
2111052,São João do Paraíso,SAO JOAO DO PARAISO,MA,-6.45634,-47.0594
2111078,São João do Soter,SAO JOAO DO SOTER,MA,-5.10821,-43.8163
2111102,São João dos Patos,SAO JOAO DOS PATOS,MA,-6.4934,-43.7036
2111201,São José de Ribamar,SAO JOSE DE RIBAMAR,MA,-2.54704,-44.0597
2111250,São José dos Basílios,SAO JOSE DOS BASILIOS,MA,-5.05493,-44.5809
2111300,São Luís,SAO LUIS,MA,-2.53874,-44.2825
2111409,São Luís Gonzaga do Maranhão,SAO LUIS GONZAGA DO MARANHAO,MA,-4.38541,-44.6654
2111508,São Mateus do Maranhão,SAO MATEUS DO MARANHAO,MA,-4.03736,-44.4707
2111532,São Pedro da Água Branca,SAO PEDRO DA AGUA BRANCA,MA,-5.08472,-48.4291
2111573,São Pedro dos Crentes,SAO PEDRO DOS CRENTES,MA,-6.82389,-46.5319
2111607,São Raimundo das Mangabeiras,SAO RAIMUNDO DAS MANGABEIRAS,MA,-7.02183,-45.4809
2111631,São Raimundo do Doca Bezerra,SAO RAIMUNDO DO DOCA BEZERRA,MA,-5.11053,-45.0696
2111672,São Roberto,SAO ROBERTO,MA,-5.0231,-45.001
2111706,São Vicente Ferrer,SAO VICENTE FERRER,MA,-2.89487,-44.8681
2111722,Satubinha,SATUBINHA,MA,-4.04913,-45.2457
2111748,Senador Alexandre Costa,SENADOR ALEXANDRE COSTA,MA,-5.25096,-44.0533
2111763,Senador La Rocque,SENADOR LA ROCQUE,MA,-5.4461,-47.2959
2111789,Serrano do Maranhão,SERRANO DO MARANHAO,MA,-1.85229,-45.1207
2111805,Sítio Novo,SITIO NOVO,MA,-5.87601,-46.7033
2111904,Sucupira do Norte,SUCUPIRA DO NORTE,MA,-6.47839,-44.1919
2111953,Sucupira do Riachão,SUCUPIRA DO RIACHAO,MA,-6.40858,-43.5455
2112001,Tasso Fragoso,TASSO FRAGOSO,MA,-8.4662,-45.7536
2112100,Timbiras,TIMBIRAS,MA,-4.25597,-43.932
2112209,Timon,TIMON,MA,-5.09769,-42.8329
2112233,Trizidela do Vale,TRIZIDELA DO VALE,MA,-4.538,-44.628
2112274,Tufilândia,TUFILANDIA,MA,-3.67355,-45.6238
2112308,Tuntum,TUNTUM,MA,-5.25476,-44.6444
2112407,Turiaçu,TURIACU,MA,-1.65893,-45.3798
2112456,Turilândia,TURILANDIA,MA,-2.21638,-45.3044
2112506,Tutóia,TUTOIA,MA,-2.76141,-42.2755
2112605,Urbano Santos,URBANO SANTOS,MA,-3.20642,-43.3878
2112704,Vargem Grande,VARGEM GRANDE,MA,-3.53639,-43.917
2112803,Viana,VIANA,MA,-3.20451,-44.9912
2112852,Vila Nova dos Martírios,VILA NOVA DOS MARTIRIOS,MA,-5.18889,-48.1336
2112902,Vitória do Mearim,VITORIA DO MEARIM,MA,-3.45125,-44.8643
2113009,Vitorino Freire,VITORINO FREIRE,MA,-4.28184,-45.2505
2114007,Zé Doca,ZE DOCA,MA,-3.27014,-45.6553
2200053,Acauã,ACAUA,PI,-8.21954,-41.0831
2200103,Agricolândia,AGRICOLANDIA,PI,-5.79676,-42.6664
2200202,Água Branca,AGUA BRANCA,PI,-5.88856,-42.637
2200251,Alagoinha do Piauí,ALAGOINHA DO PIAUI,PI,-7.00039,-40.9282
2200277,Alegrete do Piauí,ALEGRETE DO PIAUI,PI,-7.24196,-40.8566
2200301,Alto Longá,ALTO LONGA,PI,-5.25634,-42.2096
2200400,Altos,ALTOS,PI,-5.03888,-42.4612
2200459,Alvorada do Gurguéia,ALVORADA DO GURGUEIA,PI,-8.42418,-43.777
2200509,Amarante,AMARANTE,PI,-6.24304,-42.8433
2200608,Angical do Piauí,ANGICAL DO PIAUI,PI,-6.08786,-42.74
2200707,Anísio de Abreu,ANISIO DE ABREU,PI,-9.18564,-43.0494
2200806,Antônio Almeida,ANTONIO ALMEIDA,PI,-7.21276,-44.1889
2200905,Aroazes,AROAZES,PI,-6.11022,-41.7822
2200954,Aroeiras do Itaim,AROEIRAS DO ITAIM,PI,-7.24502,-41.5325
2201002,Arraial,ARRAIAL,PI,-6.65075,-42.5418
2201051,Assunção do Piauí,ASSUNCAO DO PIAUI,PI,-5.865,-41.0389
2201101,Avelino Lopes,AVELINO LOPES,PI,-10.1345,-43.9563
2201150,Baixa Grande do Ribeiro,BAIXA GRANDE DO RIBEIRO,PI,-7.84903,-45.219
2201176,Barra D'Alcântara,BARRA D ALCANTARA,PI,-6.51645,-42.1146
2201200,Barras,BARRAS,PI,-4.24468,-42.2922
2201309,Barreiras do Piauí,BARREIRAS DO PIAUI,PI,-9.9296,-45.4702
2201408,Barro Duro,BARRO DURO,PI,-5.81673,-42.5147
2201507,Batalha,BATALHA,PI,-4.0223,-42.0787
2201556,Bela Vista do Piauí,BELA VISTA DO PIAUI,PI,-7.98809,-41.8675
2201572,Belém do Piauí,BELEM DO PIAUI,PI,-7.36652,-40.9688
2201606,Beneditinos,BENEDITINOS,PI,-5.45676,-42.3638
2201705,Bertolínia,BERTOLINIA,PI,-7.63338,-43.9498
2201739,Betânia do Piauí,BETANIA DO PIAUI,PI,-8.14376,-40.7989
2201770,Boa Hora,BOA HORA,PI,-4.41404,-42.1357
2201804,Bocaina,BOCAINA,PI,-6.94124,-41.3168
2201903,Bom Jesus,BOM JESUS,PI,-9.07124,-44.359
2201919,Bom Princípio do Piauí,BOM PRINCIPIO DO PIAUI,PI,-3.19631,-41.6403
2201929,Bonfim do Piauí,BONFIM DO PIAUI,PI,-9.1605,-42.8865
2201945,Boqueirão do Piauí,BOQUEIRAO DO PIAUI,PI,-4.48181,-42.1212
2201960,Brasileira,BRASILEIRA,PI,-4.1337,-41.7859
2201988,Brejo do Piauí,BREJO DO PIAUI,PI,-8.20314,-42.8229
2202000,Buriti dos Lopes,BURITI DOS LOPES,PI,-3.18259,-41.8695
2202026,Buriti dos Montes,BURITI DOS MONTES,PI,-5.30584,-41.0933
2202059,Cabeceiras do Piauí,CABECEIRAS DO PIAUI,PI,-4.4773,-42.3069
2202075,Cajazeiras do Piauí,CAJAZEIRAS DO PIAUI,PI,-6.79667,-42.3903
2202083,Cajueiro da Praia,CAJUEIRO DA PRAIA,PI,-2.93111,-41.3408
2202091,Caldeirão Grande do Piauí,CALDEIRAO GRANDE DO PIAUI,PI,-7.3314,-40.6366
2202109,Campinas do Piauí,CAMPINAS DO PIAUI,PI,-7.6593,-41.8775
2202117,Campo Alegre do Fidalgo,CAMPO ALEGRE DO FIDALGO,PI,-8.38236,-41.8344
2202133,Campo Grande do Piauí,CAMPO GRANDE DO PIAUI,PI,-7.12827,-41.0315
2202174,Campo Largo do Piauí,CAMPO LARGO DO PIAUI,PI,-3.80441,-42.64
2202208,Campo Maior,CAMPO MAIOR,PI,-4.8217,-42.1641
2202251,Canavieira,CANAVIEIRA,PI,-7.68821,-43.7233
2202307,Canto do Buriti,CANTO DO BURITI,PI,-8.1111,-42.9517
2202406,Capitão de Campos,CAPITAO DE CAMPOS,PI,-4.457,-41.944
2202455,Capitão Gervásio Oliveira,CAPITAO GERVASIO OLIVEIRA,PI,-8.49655,-41.814
2202505,Caracol,CARACOL,PI,-9.27933,-43.329
2202539,Caraúbas do Piauí,CARAUBAS DO PIAUI,PI,-3.47525,-41.8425
2202554,Caridade do Piauí,CARIDADE DO PIAUI,PI,-7.73435,-40.9848
2202604,Castelo do Piauí,CASTELO DO PIAUI,PI,-5.31869,-41.5499
2202653,Caxingó,CAXINGO,PI,-3.41904,-41.8955
2202703,Cocal,COCAL,PI,-3.47279,-41.5546
2202711,Cocal de Telha,COCAL DE TELHA,PI,-4.5571,-41.9587
2202729,Cocal dos Alves,COCAL DOS ALVES,PI,-3.62047,-41.4402
2202737,Coivaras,COIVARAS,PI,-5.09224,-42.208
2202752,Colônia do Gurguéia,COLONIA DO GURGUEIA,PI,-8.1837,-43.794
2202778,Colônia do Piauí,COLONIA DO PIAUI,PI,-7.22651,-42.1756
2202802,Conceição do Canindé,CONCEICAO DO CANINDE,PI,-7.87638,-41.5942
2202851,Coronel José Dias,CORONEL JOSE DIAS,PI,-8.81397,-42.5232
2202901,Corrente,CORRENTE,PI,-10.4333,-45.1633
2203008,Cristalândia do Piauí,CRISTALANDIA DO PIAUI,PI,-10.6443,-45.1893
2203107,Cristino Castro,CRISTINO CASTRO,PI,-8.82273,-44.223
2203206,Curimatá,CURIMATA,PI,-10.0326,-44.3002
2203230,Currais,CURRAIS,PI,-9.01175,-44.4062
2203255,Curralinhos,CURRALINHOS,PI,-5.60825,-42.8376
2203271,Curral Novo do Piauí,CURRAL NOVO DO PIAUI,PI,-7.8313,-40.8957
2203305,Demerval Lobão,DEMERVAL LOBAO,PI,-5.35875,-42.6776
2203354,Dirceu Arcoverde,DIRCEU ARCOVERDE,PI,-9.33939,-42.4348
2203404,Dom Expedito Lopes,DOM EXPEDITO LOPES,PI,-6.95332,-41.6396
2203420,Domingos Mourão,DOMINGOS MOURAO,PI,-4.2495,-41.2683
2203453,Dom Inocêncio,DOM INOCENCIO,PI,-9.00516,-41.9697
2203503,Elesbão Veloso,ELESBAO VELOSO,PI,-6.19947,-42.1355
2203602,Eliseu Martins,ELISEU MARTINS,PI,-8.09629,-43.6705
2203701,Esperantina,ESPERANTINA,PI,-3.88863,-42.2324
2203750,Fartura do Piauí,FARTURA DO PIAUI,PI,-9.48342,-42.7912
2203800,Flores do Piauí,FLORES DO PIAUI,PI,-7.78793,-42.918
2203859,Floresta do Piauí,FLORESTA DO PIAUI,PI,-7.46682,-41.7883
2203909,Floriano,FLORIANO,PI,-6.77182,-43.0241
2204006,Francinópolis,FRANCINOPOLIS,PI,-6.39334,-42.2591
2204105,Francisco Ayres,FRANCISCO AYRES,PI,-6.62606,-42.6881
2204154,Francisco Macedo,FRANCISCO MACEDO,PI,-7.331,-40.788
2204204,Francisco Santos,FRANCISCO SANTOS,PI,-6.99491,-41.1288
2204303,Fronteiras,FRONTEIRAS,PI,-7.08173,-40.6146
2204352,Geminiano,GEMINIANO,PI,-7.15476,-41.3409
2204402,Gilbués,GILBUES,PI,-9.83001,-45.3423
2204501,Guadalupe,GUADALUPE,PI,-6.78285,-43.5594
2204550,Guaribas,GUARIBAS,PI,-9.38647,-43.6943
2204600,Hugo Napoleão,HUGO NAPOLEAO,PI,-5.9886,-42.5598
2204659,Ilha Grande,ILHA GRANDE,PI,-2.85774,-41.8186
2204709,Inhuma,INHUMA,PI,-6.665,-41.7041
2204808,Ipiranga do Piauí,IPIRANGA DO PIAUI,PI,-6.82421,-41.7381
2204907,Isaías Coelho,ISAIAS COELHO,PI,-7.73597,-41.6735
2205003,Itainópolis,ITAINOPOLIS,PI,-7.44336,-41.4687
2205102,Itaueira,ITAUEIRA,PI,-7.59989,-43.0249
2205151,Jacobina do Piauí,JACOBINA DO PIAUI,PI,-7.93063,-41.2075
2205201,Jaicós,JAICOS,PI,-7.36229,-41.1371
2205250,Jardim do Mulato,JARDIM DO MULATO,PI,-6.099,-42.63
2205276,Jatobá do Piauí,JATOBA DO PIAUI,PI,-4.77025,-41.817
2205300,Jerumenha,JERUMENHA,PI,-7.09128,-43.5033
2205359,João Costa,JOAO COSTA,PI,-8.50736,-42.4264
2205409,Joaquim Pires,JOAQUIM PIRES,PI,-3.50164,-42.1865
2205458,Joca Marques,JOCA MARQUES,PI,-3.4804,-42.4255
2205508,José de Freitas,JOSE DE FREITAS,PI,-4.75146,-42.5746
2205516,Juazeiro do Piauí,JUAZEIRO DO PIAUI,PI,-5.17459,-41.6976
2205524,Júlio Borges,JULIO BORGES,PI,-10.3225,-44.2381
2205532,Jurema,JUREMA,PI,-9.21992,-43.1337
2205540,Lagoinha do Piauí,LAGOINHA DO PIAUI,PI,-5.83074,-42.6223
2205557,Lagoa Alegre,LAGOA ALEGRE,PI,-4.51539,-42.6309
2205565,Lagoa do Barro do Piauí,LAGOA DO BARRO DO PIAUI,PI,-8.47673,-41.5342
2205573,Lagoa de São Francisco,LAGOA DE SAO FRANCISCO,PI,-4.38505,-41.5969
2205581,Lagoa do Piauí,LAGOA DO PIAUI,PI,-5.41864,-42.6437
2205599,Lagoa do Sítio,LAGOA DO SITIO,PI,-6.50766,-41.5653
2205607,Landri Sales,LANDRI SALES,PI,-7.25922,-43.9364
2205706,Luís Correia,LUIS CORREIA,PI,-2.88438,-41.6641
2205805,Luzilândia,LUZILANDIA,PI,-3.4683,-42.3718
2205854,Madeiro,MADEIRO,PI,-3.48624,-42.4981
2205904,Manoel Emídio,MANOEL EMIDIO,PI,-8.01234,-43.8755
2205953,Marcolândia,MARCOLANDIA,PI,-7.44169,-40.6602
2206001,Marcos Parente,MARCOS PARENTE,PI,-7.11565,-43.8926
2206050,Massapê do Piauí,MASSAPE DO PIAUI,PI,-7.47469,-41.1103
2206100,Matias Olímpio,MATIAS OLIMPIO,PI,-3.71492,-42.5507
2206209,Miguel Alves,MIGUEL ALVES,PI,-4.16857,-42.8963
2206308,Miguel Leão,MIGUEL LEAO,PI,-5.68077,-42.7436
2206357,Milton Brandão,MILTON BRANDAO,PI,-4.68295,-41.4173
2206407,Monsenhor Gil,MONSENHOR GIL,PI,-5.562,-42.6075
2206506,Monsenhor Hipólito,MONSENHOR HIPOLITO,PI,-6.99275,-41.026
2206605,Monte Alegre do Piauí,MONTE ALEGRE DO PIAUI,PI,-9.75364,-45.3037
2206654,Morro Cabeça no Tempo,MORRO CABECA NO TEMPO,PI,-9.71891,-43.9072
2206670,Morro do Chapéu do Piauí,MORRO DO CHAPEU DO PIAUI,PI,-3.73337,-42.3024
2206696,Murici dos Portelas,MURICI DOS PORTELAS,PI,-3.319,-42.094
2206704,Nazaré do Piauí,NAZARE DO PIAUI,PI,-6.97023,-42.6773
2206720,Nazária,NAZARIA,PI,-5.35128,-42.8153
2206753,Nossa Senhora de Nazaré,NOSSA SENHORA DE NAZARE,PI,-4.63019,-42.173
2206803,Nossa Senhora dos Remédios,NOSSA SENHORA DOS REMEDIOS,PI,-3.97574,-42.6184
2206902,Novo Oriente do Piauí,NOVO ORIENTE DO PIAUI,PI,-6.44901,-41.9261
2206951,Novo Santo Antônio,NOVO SANTO ANTONIO,PI,-5.28749,-41.9325
2207009,Oeiras,OEIRAS,PI,-7.01915,-42.1283
2207108,Olho D'Água do Piauí,OLHO D AGUA DO PIAUI,PI,-5.84125,-42.5594
2207207,Padre Marcos,PADRE MARCOS,PI,-7.35101,-40.8997
2207306,Paes Landim,PAES LANDIM,PI,-7.77375,-42.2474
2207355,Pajeú do Piauí,PAJEU DO PIAUI,PI,-7.85508,-42.8248
2207405,Palmeira do Piauí,PALMEIRA DO PIAUI,PI,-8.73076,-44.2466
2207504,Palmeirais,PALMEIRAIS,PI,-5.97086,-43.056
2207553,Paquetá,PAQUETA,PI,-7.10303,-41.7
2207603,Parnaguá,PARNAGUA,PI,-10.2166,-44.63
2207702,Parnaíba,PARNAIBA,PI,-2.90585,-41.7754
2207751,Passagem Franca do Piauí,PASSAGEM FRANCA DO PIAUI,PI,-5.86036,-42.4436
2207777,Patos do Piauí,PATOS DO PIAUI,PI,-7.67231,-41.2408
2207793,Pau D'Arco do Piauí,PAU D ARCO DO PIAUI,PI,-5.26072,-42.3908
2207801,Paulistana,PAULISTANA,PI,-8.13436,-41.1431
2207850,Pavussu,PAVUSSU,PI,-7.96059,-43.2284
2207900,Pedro II,PEDRO II,PI,-4.42585,-41.4482
2207934,Pedro Laurentino,PEDRO LAURENTINO,PI,-8.06807,-42.2847
2207959,Nova Santa Rita,NOVA SANTA RITA,PI,-8.09707,-42.0471
2208007,Picos,PICOS,PI,-7.07721,-41.467
2208106,Pimenteiras,PIMENTEIRAS,PI,-6.23839,-41.4113
2208205,Pio IX,PIO IX,PI,-6.83002,-40.6083
2208304,Piracuruca,PIRACURUCA,PI,-3.93335,-41.7088
2208403,Piripiri,PIRIPIRI,PI,-4.27157,-41.7716
2208502,Porto,PORTO,PI,-3.88815,-42.6998
2208551,Porto Alegre do Piauí,PORTO ALEGRE DO PIAUI,PI,-6.96423,-44.1837
2208601,Prata do Piauí,PRATA DO PIAUI,PI,-5.67265,-42.2046
2208650,Queimada Nova,QUEIMADA NOVA,PI,-8.57064,-41.4106
2208700,Redenção do Gurguéia,REDENCAO DO GURGUEIA,PI,-9.47937,-44.5811
2208809,Regeneração,REGENERACAO,PI,-6.23115,-42.6842
2208858,Riacho Frio,RIACHO FRIO,PI,-10.1244,-44.9503
2208874,Ribeira do Piauí,RIBEIRA DO PIAUI,PI,-7.69028,-42.7128
2208908,Ribeiro Gonçalves,RIBEIRO GONCALVES,PI,-7.55651,-45.2447
2209005,Rio Grande do Piauí,RIO GRANDE DO PIAUI,PI,-7.78029,-43.1369
2209104,Santa Cruz do Piauí,SANTA CRUZ DO PIAUI,PI,-7.1785,-41.7609
2209153,Santa Cruz dos Milagres,SANTA CRUZ DOS MILAGRES,PI,-5.80581,-41.9506
2209203,Santa Filomena,SANTA FILOMENA,PI,-9.11228,-45.9116
2209302,Santa Luz,SANTA LUZ,PI,-8.9488,-44.1296
2209351,Santana do Piauí,SANTANA DO PIAUI,PI,-6.94696,-41.5178
2209377,Santa Rosa do Piauí,SANTA ROSA DO PIAUI,PI,-6.79581,-42.2814
2209401,Santo Antônio de Lisboa,SANTO ANTONIO DE LISBOA,PI,-6.98676,-41.2252
2209450,Santo Antônio dos Milagres,SANTO ANTONIO DOS MILAGRES,PI,-6.04647,-42.7123
2209500,Santo Inácio do Piauí,SANTO INACIO DO PIAUI,PI,-7.42072,-41.9063
2209559,São Braz do Piauí,SAO BRAZ DO PIAUI,PI,-9.05797,-43.0076
2209609,São Félix do Piauí,SAO FELIX DO PIAUI,PI,-5.93485,-42.1172
2209658,São Francisco de Assis do Piauí,SAO FRANCISCO DE ASSIS DO PIAUI,PI,-8.23599,-41.6873
2209708,São Francisco do Piauí,SAO FRANCISCO DO PIAUI,PI,-7.2463,-42.541
2209757,São Gonçalo do Gurguéia,SAO GONCALO DO GURGUEIA,PI,-10.0319,-45.3092
2209807,São Gonçalo do Piauí,SAO GONCALO DO PIAUI,PI,-5.99393,-42.7095
2209856,São João da Canabrava,SAO JOAO DA CANABRAVA,PI,-6.81203,-41.3415
2209872,São João da Fronteira,SAO JOAO DA FRONTEIRA,PI,-3.95497,-41.2569
2209906,São João da Serra,SAO JOAO DA SERRA,PI,-5.51081,-41.8923
2209955,São João da Varjota,SAO JOAO DA VARJOTA,PI,-6.94082,-41.8889
2209971,São João do Arraial,SAO JOAO DO ARRAIAL,PI,-3.8186,-42.4459
2210003,São João do Piauí,SAO JOAO DO PIAUI,PI,-8.35466,-42.2559
2210052,São José do Divino,SAO JOSE DO DIVINO,PI,-3.81411,-41.8308
2210102,São José do Peixe,SAO JOSE DO PEIXE,PI,-7.48554,-42.5672
2210201,São José do Piauí,SAO JOSE DO PIAUI,PI,-6.87194,-41.4731
2210300,São Julião,SAO JULIAO,PI,-7.08391,-40.8246
2210359,São Lourenço do Piauí,SAO LOURENCO DO PIAUI,PI,-9.16463,-42.5496
2210375,São Luis do Piauí,SAO LUIS DO PIAUI,PI,-6.81936,-41.3175
2210383,São Miguel da Baixa Grande,SAO MIGUEL DA BAIXA GRANDE,PI,-5.85646,-42.1934
2210391,São Miguel do Fidalgo,SAO MIGUEL DO FIDALGO,PI,-7.59713,-42.3676
2210409,São Miguel do Tapuio,SAO MIGUEL DO TAPUIO,PI,-5.49729,-41.3165
2210508,São Pedro do Piauí,SAO PEDRO DO PIAUI,PI,-5.92078,-42.7192
2210607,São Raimundo Nonato,SAO RAIMUNDO NONATO,PI,-9.01241,-42.6987
2210623,Sebastião Barros,SEBASTIAO BARROS,PI,-10.817,-44.8337
2210631,Sebastião Leal,SEBASTIAO LEAL,PI,-7.56803,-44.06
2210656,Sigefredo Pacheco,SIGEFREDO PACHECO,PI,-4.91665,-41.7311
2210706,Simões,SIMOES,PI,-7.59109,-40.8137
2210805,Simplício Mendes,SIMPLICIO MENDES,PI,-7.85294,-41.9075
2210904,Socorro do Piauí,SOCORRO DO PIAUI,PI,-7.86773,-42.4922
2210938,Sussuapara,SUSSUAPARA,PI,-7.03687,-41.3767
2210953,Tamboril do Piauí,TAMBORIL DO PIAUI,PI,-8.40937,-42.9211
2210979,Tanque do Piauí,TANQUE DO PIAUI,PI,-6.59787,-42.2795
2211001,Teresina,TERESINA,PI,-5.09194,-42.8034
2211100,União,UNIAO,PI,-4.58571,-42.8583
2211209,Uruçuí,URUCUI,PI,-7.23944,-44.5577
2211308,Valença do Piauí,VALENCA DO PIAUI,PI,-6.40301,-41.7375
2211357,Várzea Branca,VARZEA BRANCA,PI,-9.238,-42.9692
2211407,Várzea Grande,VARZEA GRANDE,PI,-6.54899,-42.248
2211506,Vera Mendes,VERA MENDES,PI,-7.59748,-41.4673
2211605,Vila Nova do Piauí,VILA NOVA DO PIAUI,PI,-7.13272,-40.9345
2211704,Wall Ferraz,WALL FERRAZ,PI,-7.23151,-41.905
2300101,Abaiara,ABAIARA,CE,-7.34588,-39.0416
2300150,Acarape,ACARAPE,CE,-4.22083,-38.7055
2300200,Acaraú,ACARAU,CE,-2.88769,-40.1183
2300309,Acopiara,ACOPIARA,CE,-6.08911,-39.448
2300408,Aiuaba,AIUABA,CE,-6.57122,-40.1178
2300507,Alcântaras,ALCANTARAS,CE,-3.58537,-40.5479
2300606,Altaneira,ALTANEIRA,CE,-6.99837,-39.7356
2300705,Alto Santo,ALTO SANTO,CE,-5.50894,-38.2743
2300754,Amontada,AMONTADA,CE,-3.36017,-39.8288
2300804,Antonina do Norte,ANTONINA DO NORTE,CE,-6.76919,-39.987
2300903,Apuiarés,APUIARES,CE,-3.94506,-39.4359
2301000,Aquiraz,AQUIRAZ,CE,-3.89929,-38.3896
2301109,Aracati,ARACATI,CE,-4.55826,-37.7679
2301208,Aracoiaba,ARACOIABA,CE,-4.36872,-38.8125
2301257,Ararendá,ARARENDA,CE,-4.74567,-40.831
2301307,Araripe,ARARIPE,CE,-7.21319,-40.1359
2301406,Aratuba,ARATUBA,CE,-4.41229,-39.0471
2301505,Arneiroz,ARNEIROZ,CE,-6.3165,-40.1653
2301604,Assaré,ASSARE,CE,-6.8669,-39.8689
2301703,Aurora,AURORA,CE,-6.93349,-38.9742
2301802,Baixio,BAIXIO,CE,-6.71945,-38.7134
2301851,Banabuiú,BANABUIU,CE,-5.30454,-38.9132
2301901,Barbalha,BARBALHA,CE,-7.2982,-39.3021
2301950,Barreira,BARREIRA,CE,-4.28921,-38.6429
2302008,Barro,BARRO,CE,-7.17188,-38.7741
2302057,Barroquinha,BARROQUINHA,CE,-3.02051,-41.1358
2302107,Baturité,BATURITE,CE,-4.32598,-38.8812
2302206,Beberibe,BEBERIBE,CE,-4.17741,-38.1271
2302305,Bela Cruz,BELA CRUZ,CE,-3.04996,-40.1671
2302404,Boa Viagem,BOA VIAGEM,CE,-5.11258,-39.7337
2302503,Brejo Santo,BREJO SANTO,CE,-7.48469,-38.9799
2302602,Camocim,CAMOCIM,CE,-2.9005,-40.8544
2302701,Campos Sales,CAMPOS SALES,CE,-7.06761,-40.3687
2302800,Canindé,CANINDE,CE,-4.35162,-39.3155
2302909,Capistrano,CAPISTRANO,CE,-4.45569,-38.9048
2303006,Caridade,CARIDADE,CE,-4.22514,-39.1912
2303105,Cariré,CARIRE,CE,-3.94858,-40.476
2303204,Caririaçu,CARIRIACU,CE,-7.02808,-39.2828
2303303,Cariús,CARIUS,CE,-6.52428,-39.4916
2303402,Carnaubal,CARNAUBAL,CE,-4.15985,-40.9413
2303501,Cascavel,CASCAVEL,CE,-4.12967,-38.2412
2303600,Catarina,CATARINA,CE,-6.12291,-39.8736
2303659,Catunda,CATUNDA,CE,-4.64336,-40.2
2303709,Caucaia,CAUCAIA,CE,-3.72797,-38.6619
2303808,Cedro,CEDRO,CE,-6.60034,-39.0609
2303907,Chaval,CHAVAL,CE,-3.03571,-41.2435
2303931,Choró,CHORO,CE,-4.83906,-39.1344
2303956,Chorozinho,CHOROZINHO,CE,-4.28873,-38.4986
2304004,Coreaú,COREAU,CE,-3.5415,-40.6587
2304103,Crateús,CRATEUS,CE,-5.16768,-40.6536
2304202,Crato,CRATO,CE,-7.2153,-39.4103
2304236,Croatá,CROATA,CE,-4.40481,-40.9022
2304251,Cruz,CRUZ,CE,-2.91813,-40.176
2304269,Deputado Irapuan Pinheiro,DEPUTADO IRAPUAN PINHEIRO,CE,-5.91485,-39.257
2304277,Ererê,ERERE,CE,-6.02751,-38.3461
2304285,Eusébio,EUSEBIO,CE,-3.8925,-38.4559
2304301,Farias Brito,FARIAS BRITO,CE,-6.92146,-39.5651
2304350,Forquilha,FORQUILHA,CE,-3.79945,-40.2634
2304400,Fortaleza,FORTALEZA,CE,-3.71664,-38.5423
2304459,Fortim,FORTIM,CE,-4.45126,-37.7981
2304509,Frecheirinha,FRECHEIRINHA,CE,-3.75557,-40.818
2304608,General Sampaio,GENERAL SAMPAIO,CE,-4.04351,-39.454
2304657,Graça,GRACA,CE,-4.04422,-40.749
2304707,Granja,GRANJA,CE,-3.12788,-40.8372
2304806,Granjeiro,GRANJEIRO,CE,-6.88134,-39.2144
2304905,Groaíras,GROAIRAS,CE,-3.91787,-40.3852
2304954,Guaiúba,GUAIUBA,CE,-4.04057,-38.6404
2305001,Guaraciaba do Norte,GUARACIABA DO NORTE,CE,-4.15814,-40.7476
2305100,Guaramiranga,GUARAMIRANGA,CE,-4.26248,-38.932
2305209,Hidrolândia,HIDROLANDIA,CE,-4.40958,-40.4056
2305233,Horizonte,HORIZONTE,CE,-4.1209,-38.4707
2305266,Ibaretama,IBARETAMA,CE,-4.80376,-38.7501
2305308,Ibiapina,IBIAPINA,CE,-3.92403,-40.8911
2305332,Ibicuitinga,IBICUITINGA,CE,-4.96999,-38.6362
2305357,Icapuí,ICAPUI,CE,-4.71206,-37.3531
2305407,Icó,ICO,CE,-6.39627,-38.8554
2305506,Iguatu,IGUATU,CE,-6.36281,-39.2892
2305605,Independência,INDEPENDENCIA,CE,-5.38789,-40.3085
2305654,Ipaporanga,IPAPORANGA,CE,-4.89764,-40.7537
2305704,Ipaumirim,IPAUMIRIM,CE,-6.78265,-38.7179
2305803,Ipu,IPU,CE,-4.31748,-40.7059
2305902,Ipueiras,IPUEIRAS,CE,-4.53802,-40.7118
2306009,Iracema,IRACEMA,CE,-5.8124,-38.2919
2306108,Irauçuba,IRAUCUBA,CE,-3.74737,-39.7843
2306207,Itaiçaba,ITAICABA,CE,-4.67146,-37.833
2306256,Itaitinga,ITAITINGA,CE,-3.96577,-38.5298
2306306,Itapajé,ITAPAJE,CE,-3.68314,-39.5855
2306405,Itapipoca,ITAPIPOCA,CE,-3.49933,-39.5836
2306504,Itapiúna,ITAPIUNA,CE,-4.55516,-38.9281
2306553,Itarema,ITAREMA,CE,-2.9248,-39.9167
2306603,Itatira,ITATIRA,CE,-4.52608,-39.6202
2306702,Jaguaretama,JAGUARETAMA,CE,-5.6051,-38.7639
2306801,Jaguaribara,JAGUARIBARA,CE,-5.67765,-38.5359
2306900,Jaguaribe,JAGUARIBE,CE,-5.90213,-38.6227
2307007,Jaguaruana,JAGUARUANA,CE,-4.83151,-37.781
2307106,Jardim,JARDIM,CE,-7.57599,-39.2826
2307205,Jati,JATI,CE,-7.6797,-39.0029
2307254,Jijoca de Jericoacoara,JIJOCA DE JERICOACOARA,CE,-2.79331,-40.5127
2307304,Juazeiro do Norte,JUAZEIRO DO NORTE,CE,-7.19621,-39.3076
2307403,Jucás,JUCAS,CE,-6.51523,-39.5187
2307502,Lavras da Mangabeira,LAVRAS DA MANGABEIRA,CE,-6.7448,-38.9706
2307601,Limoeiro do Norte,LIMOEIRO DO NORTE,CE,-5.14392,-38.0847
2307635,Madalena,MADALENA,CE,-4.84601,-39.5725
2307650,Maracanaú,MARACANAU,CE,-3.86699,-38.6259
2307700,Maranguape,MARANGUAPE,CE,-3.89143,-38.6829
2307809,Marco,MARCO,CE,-3.1285,-40.1582
2307908,Martinópole,MARTINOPOLE,CE,-3.2252,-40.6896
2308005,Massapê,MASSAPE,CE,-3.52364,-40.3423
2308104,Mauriti,MAURITI,CE,-7.38597,-38.7708
2308203,Meruoca,MERUOCA,CE,-3.53974,-40.4531
2308302,Milagres,MILAGRES,CE,-7.29749,-38.9378
2308351,Milhã,MILHA,CE,-5.67252,-39.1875
2308377,Miraíma,MIRAIMA,CE,-3.56867,-39.9663
2308401,Missão Velha,MISSAO VELHA,CE,-7.23522,-39.143
2308500,Mombaça,MOMBACA,CE,-5.73844,-39.63
2308609,Monsenhor Tabosa,MONSENHOR TABOSA,CE,-4.79102,-40.0646
2308708,Morada Nova,MORADA NOVA,CE,-5.09736,-38.3702
2308807,Moraújo,MORAUJO,CE,-3.46311,-40.6776
2308906,Morrinhos,MORRINHOS,CE,-3.23426,-40.1233
2309003,Mucambo,MUCAMBO,CE,-3.90271,-40.7452
2309102,Mulungu,MULUNGU,CE,-4.30294,-38.9951
2309201,Nova Olinda,NOVA OLINDA,CE,-7.08415,-39.6713
2309300,Nova Russas,NOVA RUSSAS,CE,-4.70581,-40.5621
2309409,Novo Oriente,NOVO ORIENTE,CE,-5.52552,-40.7713
2309458,Ocara,OCARA,CE,-4.48523,-38.5933
2309508,Orós,OROS,CE,-6.25182,-38.9053
2309607,Pacajus,PACAJUS,CE,-4.17107,-38.465
2309706,Pacatuba,PACATUBA,CE,-3.9784,-38.6183
2309805,Pacoti,PACOTI,CE,-4.22492,-38.922
2309904,Pacujá,PACUJA,CE,-3.98327,-40.6989
2310001,Palhano,PALHANO,CE,-4.73672,-37.9655
2310100,Palmácia,PALMACIA,CE,-4.13831,-38.8446
2310209,Paracuru,PARACURU,CE,-3.41436,-39.03
2310258,Paraipaba,PARAIPABA,CE,-3.43799,-39.1479
2310308,Parambu,PARAMBU,CE,-6.20768,-40.6905
2310407,Paramoti,PARAMOTI,CE,-4.08815,-39.2417
2310506,Pedra Branca,PEDRA BRANCA,CE,-5.45341,-39.7078
2310605,Penaforte,PENAFORTE,CE,-7.82163,-39.0707
2310704,Pentecoste,PENTECOSTE,CE,-3.79274,-39.2692
2310803,Pereiro,PEREIRO,CE,-6.03576,-38.4624
2310852,Pindoretama,PINDORETAMA,CE,-4.01584,-38.3061
2310902,Piquet Carneiro,PIQUET CARNEIRO,CE,-5.80025,-39.417
2310951,Pires Ferreira,PIRES FERREIRA,CE,-4.23922,-40.6442
2311009,Poranga,PORANGA,CE,-4.74672,-40.9205
2311108,Porteiras,PORTEIRAS,CE,-7.52265,-39.114
2311207,Potengi,POTENGI,CE,-7.09154,-40.0233
2311231,Potiretama,POTIRETAMA,CE,-5.71287,-38.1578
2311264,Quiterianópolis,QUITERIANOPOLIS,CE,-5.8425,-40.7002
2311306,Quixadá,QUIXADA,CE,-4.9663,-39.0155
2311355,Quixelô,QUIXELO,CE,-6.24637,-39.2011
2311405,Quixeramobim,QUIXERAMOBIM,CE,-5.19067,-39.2889
2311504,Quixeré,QUIXERE,CE,-5.07148,-37.9802
2311603,Redenção,REDENCAO,CE,-4.21587,-38.7277
2311702,Reriutaba,RERIUTABA,CE,-4.14191,-40.5759
2311801,Russas,RUSSAS,CE,-4.92673,-37.9721
2311900,Saboeiro,SABOEIRO,CE,-6.5346,-39.9017
2311959,Salitre,SALITRE,CE,-7.28398,-40.45
2312007,Santana do Acaraú,SANTANA DO ACARAU,CE,-3.46144,-40.2118
2312106,Santana do Cariri,SANTANA DO CARIRI,CE,-7.17613,-39.7302
2312205,Santa Quitéria,SANTA QUITERIA,CE,-4.32608,-40.1523
2312304,São Benedito,SAO BENEDITO,CE,-4.04713,-40.8596
2312403,São Gonçalo do Amarante,SAO GONCALO DO AMARANTE,CE,-3.60515,-38.9726
2312502,São João do Jaguaribe,SAO JOAO DO JAGUARIBE,CE,-5.27516,-38.2694
2312601,São Luís do Curu,SAO LUIS DO CURU,CE,-3.66976,-39.2391
2312700,Senador Pompeu,SENADOR POMPEU,CE,-5.58244,-39.3704
2312809,Senador Sá,SENADOR SA,CE,-3.35305,-40.4662
2312908,Sobral,SOBRAL,CE,-3.68913,-40.3482
2313005,Solonópole,SOLONOPOLE,CE,-5.71894,-39.0107
2313104,Tabuleiro do Norte,TABULEIRO DO NORTE,CE,-5.24353,-38.1282
2313203,Tamboril,TAMBORIL,CE,-4.83136,-40.3196
2313252,Tarrafas,TARRAFAS,CE,-6.67838,-39.753
2313302,Tauá,TAUA,CE,-5.98585,-40.2968
2313351,Tejuçuoca,TEJUCUOCA,CE,-3.98831,-39.5799
2313401,Tianguá,TIANGUA,CE,-3.72965,-40.9923
2313500,Trairi,TRAIRI,CE,-3.26932,-39.2681
2313559,Tururu,TURURU,CE,-3.58413,-39.4297
2313609,Ubajara,UBAJARA,CE,-3.85448,-40.9204
2313708,Umari,UMARI,CE,-6.63893,-38.7008
2313757,Umirim,UMIRIM,CE,-3.67654,-39.3465
2313807,Uruburetama,URUBURETAMA,CE,-3.62316,-39.5107
2313906,Uruoca,URUOCA,CE,-3.30819,-40.5628
2313955,Varjota,VARJOTA,CE,-4.19387,-40.4741
2314003,Várzea Alegre,VARZEA ALEGRE,CE,-6.78264,-39.2942
2314102,Viçosa do Ceará,VICOSA DO CEARA,CE,-3.5667,-41.0916
2400109,Acari,ACARI,RN,-6.4282,-36.6347
2400208,Açu,ACU,RN,-5.58362,-36.914
2400307,Afonso Bezerra,AFONSO BEZERRA,RN,-5.49229,-36.5075
2400406,Água Nova,AGUA NOVA,RN,-6.20351,-38.2941
2400505,Alexandria,ALEXANDRIA,RN,-6.40533,-38.0142
2400604,Almino Afonso,ALMINO AFONSO,RN,-6.1475,-37.7636
2400703,Alto do Rodrigues,ALTO DO RODRIGUES,RN,-5.28186,-36.75
2400802,Angicos,ANGICOS,RN,-5.65792,-36.6094
2400901,Antônio Martins,ANTONIO MARTINS,RN,-6.21367,-37.8834
2401008,Apodi,APODI,RN,-5.65349,-37.7946
2401107,Areia Branca,AREIA BRANCA,RN,-4.95254,-37.1252
2401206,Arês,ARES,RN,-6.18831,-35.1608
2401305,Augusto Severo (Campo Grande),AUGUSTO SEVERO CAMPO GRANDE,RN,-5.86206,-37.3135
2401404,Baía Formosa,BAIA FORMOSA,RN,-6.37161,-35.0033
2401453,Baraúna,BARAUNA,RN,-5.06977,-37.6129
2401503,Barcelona,BARCELONA,RN,-5.94284,-35.9247
2401602,Bento Fernandes,BENTO FERNANDES,RN,-5.69906,-35.813
2401651,Bodó,BODO,RN,-5.98027,-36.4167
2401701,Bom Jesus,BOM JESUS,RN,-5.98648,-35.5792
2401800,Brejinho,BREJINHO,RN,-6.18566,-35.3591
2401859,Caiçara do Norte,CAICARA DO NORTE,RN,-5.07091,-36.0717
2401909,Caiçara do Rio do Vento,CAICARA DO RIO DO VENTO,RN,-5.76541,-35.9938
2402006,Caicó,CAICO,RN,-6.45441,-37.1067
2402105,Campo Redondo,CAMPO REDONDO,RN,-6.23829,-36.1888
2402204,Canguaretama,CANGUARETAMA,RN,-6.37193,-35.1281
2402303,Caraúbas,CARAUBAS,RN,-5.78387,-37.5586
2402402,Carnaúba dos Dantas,CARNAUBA DOS DANTAS,RN,-6.55015,-36.5868
2402501,Carnaubais,CARNAUBAIS,RN,-5.34181,-36.8335
2402600,Ceará-Mirim,CEARA MIRIM,RN,-5.64323,-35.4247
2402709,Cerro Corá,CERRO CORA,RN,-6.03503,-36.3503
2402808,Coronel Ezequiel,CORONEL EZEQUIEL,RN,-6.3748,-36.2223
2402907,Coronel João Pessoa,CORONEL JOAO PESSOA,RN,-6.24974,-38.4441
2403004,Cruzeta,CRUZETA,RN,-6.40894,-36.7782
2403103,Currais Novos,CURRAIS NOVOS,RN,-6.25484,-36.5146
2403202,Doutor Severiano,DOUTOR SEVERIANO,RN,-6.08082,-38.3794
2403251,Parnamirim,PARNAMIRIM,RN,-5.91116,-35.271
2403301,Encanto,ENCANTO,RN,-6.10691,-38.3033
2403400,Equador,EQUADOR,RN,-6.93835,-36.717
2403509,Espírito Santo,ESPIRITO SANTO,RN,-6.33563,-35.3052
2403608,Extremoz,EXTREMOZ,RN,-5.70143,-35.3048
2403707,Felipe Guerra,FELIPE GUERRA,RN,-5.59274,-37.6875
2403756,Fernando Pedroza,FERNANDO PEDROZA,RN,-5.69096,-36.5282
2403806,Florânia,FLORANIA,RN,-6.12264,-36.8226
2403905,Francisco Dantas,FRANCISCO DANTAS,RN,-6.07234,-38.1212
2404002,Frutuoso Gomes,FRUTUOSO GOMES,RN,-6.15669,-37.8375
2404101,Galinhos,GALINHOS,RN,-5.0909,-36.2754
2404200,Goianinha,GOIANINHA,RN,-6.26486,-35.1943
2404309,Governador Dix-Sept Rosado,GOVERNADOR DIX SEPT ROSADO,RN,-5.44887,-37.5183
2404408,Grossos,GROSSOS,RN,-4.98068,-37.1621
2404507,Guamaré,GUAMARE,RN,-5.10619,-36.3222
2404606,Ielmo Marinho,IELMO MARINHO,RN,-5.82447,-35.55
2404705,Ipanguaçu,IPANGUACU,RN,-5.48984,-36.8501
2404804,Ipueira,IPUEIRA,RN,-6.80596,-37.2045
2404853,Itajá,ITAJA,RN,-5.63894,-36.8712
2404903,Itaú,ITAU,RN,-5.8363,-37.9912
2405009,Jaçanã,JACANA,RN,-6.41856,-36.2031
2405108,Jandaíra,JANDAIRA,RN,-5.35211,-36.1278
2405207,Janduís,JANDUIS,RN,-6.01474,-37.4048
2405306,Januário Cicco (Boa Saúde),JANUARIO CICCO BOA SAUDE,RN,-6.16566,-35.6219
2405405,Japi,JAPI,RN,-6.46544,-35.9346
2405504,Jardim de Angicos,JARDIM DE ANGICOS,RN,-5.64999,-35.9713
2405603,Jardim de Piranhas,JARDIM DE PIRANHAS,RN,-6.37665,-37.3496
2405702,Jardim do Seridó,JARDIM DO SERIDO,RN,-6.58047,-36.7736
2405801,João Câmara,JOAO CAMARA,RN,-5.54094,-35.8122
2405900,João Dias,JOAO DIAS,RN,-6.27215,-37.7885
2406007,José da Penha,JOSE DA PENHA,RN,-6.31095,-38.2823
2406106,Jucurutu,JUCURUTU,RN,-6.0306,-37.009
2406155,Jundiá,JUNDIA,RN,-6.26866,-35.3495
2406205,Lagoa d'Anta,LAGOA D ANTA,RN,-6.39493,-35.5949
2406304,Lagoa de Pedras,LAGOA DE PEDRAS,RN,-6.15082,-35.4299
2406403,Lagoa de Velhos,LAGOA DE VELHOS,RN,-6.0119,-35.8729
2406502,Lagoa Nova,LAGOA NOVA,RN,-6.09339,-36.4703
2406601,Lagoa Salgada,LAGOA SALGADA,RN,-6.12295,-35.4724
2406700,Lajes,LAJES,RN,-5.69322,-36.247
2406809,Lajes Pintadas,LAJES PINTADAS,RN,-6.14943,-36.1171
2406908,Lucrécia,LUCRECIA,RN,-6.10525,-37.8134
2407005,Luís Gomes,LUIS GOMES,RN,-6.40588,-38.3899
2407104,Macaíba,MACAIBA,RN,-5.85229,-35.3552
2407203,Macau,MACAU,RN,-5.10795,-36.6318
2407252,Major Sales,MAJOR SALES,RN,-6.39949,-38.324
2407302,Marcelino Vieira,MARCELINO VIEIRA,RN,-6.2846,-38.1642
2407401,Martins,MARTINS,RN,-6.08279,-37.908
2407500,Maxaranguape,MAXARANGUAPE,RN,-5.52181,-35.2631
2407609,Messias Targino,MESSIAS TARGINO,RN,-6.07194,-37.5158
2407708,Montanhas,MONTANHAS,RN,-6.48522,-35.2842
2407807,Monte Alegre,MONTE ALEGRE,RN,-6.07063,-35.3253
2407906,Monte das Gameleiras,MONTE DAS GAMELEIRAS,RN,-6.43698,-35.7831
2408003,Mossoró,MOSSORO,RN,-5.18374,-37.3474
2408102,Natal,NATAL,RN,-5.79357,-35.1986
2408201,Nísia Floresta,NISIA FLORESTA,RN,-6.09329,-35.1991
2408300,Nova Cruz,NOVA CRUZ,RN,-6.47511,-35.4286
2408409,Olho-d'Água do Borges,OLHO D AGUA DO BORGES,RN,-5.9486,-37.7047
2408508,Ouro Branco,OURO BRANCO,RN,-6.6958,-36.9428
2408607,Paraná,PARANA,RN,-6.47565,-38.3057
2408706,Paraú,PARAU,RN,-5.76893,-37.1032
2408805,Parazinho,PARAZINHO,RN,-5.22276,-35.8398
2408904,Parelhas,PARELHAS,RN,-6.68491,-36.6566
2408953,Rio do Fogo,RIO DO FOGO,RN,-5.2765,-35.3794
2409100,Passa e Fica,PASSA E FICA,RN,-6.43018,-35.6442
2409209,Passagem,PASSAGEM,RN,-6.27268,-35.37
2409308,Patu,PATU,RN,-6.10656,-37.6356
2409332,Santa Maria,SANTA MARIA,RN,-5.83802,-35.6914
2409407,Pau dos Ferros,PAU DOS FERROS,RN,-6.10498,-38.2077
2409506,Pedra Grande,PEDRA GRANDE,RN,-5.14988,-35.876
2409605,Pedra Preta,PEDRA PRETA,RN,-5.57352,-36.1084
2409704,Pedro Avelino,PEDRO AVELINO,RN,-5.5161,-36.3867
2409803,Pedro Velho,PEDRO VELHO,RN,-6.4356,-35.2195
2409902,Pendências,PENDENCIAS,RN,-5.2564,-36.7095
2410009,Pilões,PILOES,RN,-6.26364,-38.0461
2410108,Poço Branco,POCO BRANCO,RN,-5.62233,-35.6635
2410207,Portalegre,PORTALEGRE,RN,-6.02064,-37.9865
2410256,Porto do Mangue,PORTO DO MANGUE,RN,-5.05441,-36.7887
2410306,Serra Caiada,SERRA CAIADA,RN,-6.10478,-35.7113
2410405,Pureza,PUREZA,RN,-5.46393,-35.5554
2410504,Rafael Fernandes,RAFAEL FERNANDES,RN,-6.18987,-38.2211
2410603,Rafael Godeiro,RAFAEL GODEIRO,RN,-6.07244,-37.716
2410702,Riacho da Cruz,RIACHO DA CRUZ,RN,-5.92654,-37.949
2410801,Riacho de Santana,RIACHO DE SANTANA,RN,-6.25139,-38.3116
2410900,Riachuelo,RIACHUELO,RN,-5.82156,-35.8215
2411007,Rodolfo Fernandes,RODOLFO FERNANDES,RN,-5.78393,-38.0579
2411056,Tibau,TIBAU,RN,-4.83729,-37.2554
2411106,Ruy Barbosa,RUY BARBOSA,RN,-5.88745,-35.933
2411205,Santa Cruz,SANTA CRUZ,RN,-6.22475,-36.0193
2411403,Santana do Matos,SANTANA DO MATOS,RN,-5.94605,-36.6578
2411429,Santana do Seridó,SANTANA DO SERIDO,RN,-6.76643,-36.7312
2411502,Santo Antônio,SANTO ANTONIO,RN,-6.31195,-35.4739
2411601,São Bento do Norte,SAO BENTO DO NORTE,RN,-5.09259,-35.9587
2411700,São Bento do Trairí,SAO BENTO DO TRAIRI,RN,-6.33798,-36.0863
2411809,São Fernando,SAO FERNANDO,RN,-6.37975,-37.1864
2411908,São Francisco do Oeste,SAO FRANCISCO DO OESTE,RN,-5.97472,-38.1519
2412005,São Gonçalo do Amarante,SAO GONCALO DO AMARANTE,RN,-5.79068,-35.3257
2412104,São João do Sabugi,SAO JOAO DO SABUGI,RN,-6.71387,-37.2027
2412203,São José de Mipibu,SAO JOSE DE MIPIBU,RN,-6.0773,-35.2417
2412302,São José do Campestre,SAO JOSE DO CAMPESTRE,RN,-6.31087,-35.7067
2412401,São José do Seridó,SAO JOSE DO SERIDO,RN,-6.44002,-36.8746
2412500,São Miguel,SAO MIGUEL,RN,-6.20283,-38.4947
2412559,São Miguel do Gostoso,SAO MIGUEL DO GOSTOSO,RN,-5.12302,-35.6354
2412609,São Paulo do Potengi,SAO PAULO DO POTENGI,RN,-5.8994,-35.7642
2412708,São Pedro,SAO PEDRO,RN,-5.90559,-35.6317
2412807,São Rafael,SAO RAFAEL,RN,-5.79791,-36.8778
2412906,São Tomé,SAO TOME,RN,-5.96404,-36.0798
2413003,São Vicente,SAO VICENTE,RN,-6.21893,-36.6827
2413102,Senador Elói de Souza,SENADOR ELOI DE SOUZA,RN,-6.03334,-35.6978
2413201,Senador Georgino Avelino,SENADOR GEORGINO AVELINO,RN,-6.1576,-35.1299
2413300,Serra de São Bento,SERRA DE SAO BENTO,RN,-6.41762,-35.7033
2413359,Serra do Mel,SERRA DO MEL,RN,-5.17725,-37.0242
2413409,Serra Negra do Norte,SERRA NEGRA DO NORTE,RN,-6.66031,-37.3996
2413508,Serrinha,SERRINHA,RN,-6.28181,-35.5
2413557,Serrinha dos Pintos,SERRINHA DOS PINTOS,RN,-6.11087,-37.9548
2413607,Severiano Melo,SEVERIANO MELO,RN,-5.77666,-37.957
2413706,Sítio Novo,SITIO NOVO,RN,-6.11132,-35.909
2413805,Taboleiro Grande,TABOLEIRO GRANDE,RN,-5.91948,-38.0367
2413904,Taipu,TAIPU,RN,-5.63058,-35.5918
2414001,Tangará,TANGARA,RN,-6.19649,-35.7989
2414100,Tenente Ananias,TENENTE ANANIAS,RN,-6.45823,-38.182
2414159,Tenente Laurentino Cruz,TENENTE LAURENTINO CRUZ,RN,-6.1378,-36.7135
2414209,Tibau do Sul,TIBAU DO SUL,RN,-6.19176,-35.0866
2414308,Timbaúba dos Batistas,TIMBAUBA DOS BATISTAS,RN,-6.45768,-37.2745
2414407,Touros,TOUROS,RN,-5.20182,-35.4621
2414456,Triunfo Potiguar,TRIUNFO POTIGUAR,RN,-5.85408,-37.1786
2414506,Umarizal,UMARIZAL,RN,-5.98238,-37.818
2414605,Upanema,UPANEMA,RN,-5.63761,-37.2635
2414704,Várzea,VARZEA,RN,-6.34641,-35.3732
2414753,Venha-Ver,VENHA VER,RN,-6.32016,-38.4896
2414803,Vera Cruz,VERA CRUZ,RN,-6.04399,-35.428
2414902,Viçosa,VICOSA,RN,-5.98253,-37.9462
2415008,Vila Flor,VILA FLOR,RN,-6.31287,-35.067
2500106,Água Branca,AGUA BRANCA,PB,-7.51144,-37.6357
2500205,Aguiar,AGUIAR,PB,-7.0918,-38.1681
2500304,Alagoa Grande,ALAGOA GRANDE,PB,-7.03943,-35.6206
2500403,Alagoa Nova,ALAGOA NOVA,PB,-7.05377,-35.7591
2500502,Alagoinha,ALAGOINHA,PB,-6.94657,-35.5332
2500536,Alcantil,ALCANTIL,PB,-7.73668,-36.0511
2500577,Algodão de Jandaíra,ALGODAO DE JANDAIRA,PB,-6.89292,-36.0129
2500601,Alhandra,ALHANDRA,PB,-7.42977,-34.9057
2500700,São João do Rio do Peixe,SAO JOAO DO RIO DO PEIXE,PB,-6.72195,-38.4468
2500734,Amparo,AMPARO,PB,-7.55502,-37.0628
2500775,Aparecida,APARECIDA,PB,-6.78466,-38.0803
2500809,Araçagi,ARACAGI,PB,-6.84374,-35.3737
2500908,Arara,ARARA,PB,-6.82813,-35.7552
2501005,Araruna,ARARUNA,PB,-6.54848,-35.7498
2501104,Areia,AREIA,PB,-6.96396,-35.6977
2501153,Areia de Baraúnas,AREIA DE BARAUNAS,PB,-7.11702,-36.9404
2501203,Areial,AREIAL,PB,-7.04789,-35.9313
2501302,Aroeiras,AROEIRAS,PB,-7.54473,-35.7066
2501351,Assunção,ASSUNCAO,PB,-7.07231,-36.725
2501401,Baía da Traição,BAIA DA TRAICAO,PB,-6.69209,-34.9381
2501500,Bananeiras,BANANEIRAS,PB,-6.74775,-35.6246
2501534,Baraúna,BARAUNA,PB,-6.63484,-36.2601
2501575,Barra de Santana,BARRA DE SANTANA,PB,-7.51809,-35.9913
2501609,Barra de Santa Rosa,BARRA DE SANTA ROSA,PB,-6.71816,-36.0671
2501708,Barra de São Miguel,BARRA DE SAO MIGUEL,PB,-7.74603,-36.3209
2501807,Bayeux,BAYEUX,PB,-7.1238,-34.9293
2501906,Belém,BELEM,PB,-6.74261,-35.5166
2502003,Belém do Brejo do Cruz,BELEM DO BREJO DO CRUZ,PB,-6.18515,-37.5348
2502052,Bernardino Batista,BERNARDINO BATISTA,PB,-6.44572,-38.5521
2502102,Boa Ventura,BOA VENTURA,PB,-7.40982,-38.2113
2502151,Boa Vista,BOA VISTA,PB,-7.26365,-36.2357
2502201,Bom Jesus,BOM JESUS,PB,-6.81601,-38.6453
2502300,Bom Sucesso,BOM SUCESSO,PB,-6.44176,-37.9234
2502409,Bonito de Santa Fé,BONITO DE SANTA FE,PB,-7.31341,-38.5133
2502508,Boqueirão,BOQUEIRAO,PB,-7.487,-36.1309
2502607,Igaracy,IGARACY,PB,-7.17184,-38.1478
2502706,Borborema,BORBOREMA,PB,-6.80199,-35.6187
2502805,Brejo do Cruz,BREJO DO CRUZ,PB,-6.34185,-37.4943
2502904,Brejo dos Santos,BREJO DOS SANTOS,PB,-6.37065,-37.8253
2503001,Caaporã,CAAPORA,PB,-7.51351,-34.9055
2503100,Cabaceiras,CABACEIRAS,PB,-7.48899,-36.287
2503209,Cabedelo,CABEDELO,PB,-6.98731,-34.8284
2503308,Cachoeira dos Índios,CACHOEIRA DOS INDIOS,PB,-6.91353,-38.676
2503407,Cacimba de Areia,CACIMBA DE AREIA,PB,-7.12128,-37.1563
2503506,Cacimba de Dentro,CACIMBA DE DENTRO,PB,-6.6386,-35.7778
2503555,Cacimbas,CACIMBAS,PB,-7.20721,-37.0604
2503605,Caiçara,CAICARA,PB,-6.62115,-35.4581
2503704,Cajazeiras,CAJAZEIRAS,PB,-6.88004,-38.5577
2503753,Cajazeirinhas,CAJAZEIRINHAS,PB,-6.96016,-37.8009
2503803,Caldas Brandão,CALDAS BRANDAO,PB,-7.1025,-35.3272
2503902,Camalaú,CAMALAU,PB,-7.88503,-36.8242
2504009,Campina Grande,CAMPINA GRANDE,PB,-7.22196,-35.8731
2504033,Capim,CAPIM,PB,-6.91624,-35.1673
2504074,Caraúbas,CARAUBAS,PB,-7.72049,-36.492
2504108,Carrapateira,CARRAPATEIRA,PB,-7.03414,-38.3399
2504157,Casserengue,CASSERENGUE,PB,-6.77954,-35.8179
2504207,Catingueira,CATINGUEIRA,PB,-7.12008,-37.6064
2504306,Catolé do Rocha,CATOLE DO ROCHA,PB,-6.34062,-37.747
2504355,Caturité,CATURITE,PB,-7.41659,-36.0306
2504405,Conceição,CONCEICAO,PB,-7.55106,-38.5014
2504504,Condado,CONDADO,PB,-6.89831,-37.606
2504603,Conde,CONDE,PB,-7.25746,-34.8999
2504702,Congo,CONGO,PB,-7.79078,-36.6581
2504801,Coremas,COREMAS,PB,-7.00712,-37.9346
2504850,Coxixola,COXIXOLA,PB,-7.62365,-36.6064
2504900,Cruz do Espírito Santo,CRUZ DO ESPIRITO SANTO,PB,-7.13902,-35.0857
2505006,Cubati,CUBATI,PB,-6.86686,-36.3619
2505105,Cuité,CUITE,PB,-6.47647,-36.1515
2505204,Cuitegi,CUITEGI,PB,-6.89058,-35.5215
2505238,Cuité de Mamanguape,CUITE DE MAMANGUAPE,PB,-6.91292,-35.2502
2505279,Curral de Cima,CURRAL DE CIMA,PB,-6.72325,-35.2639
2505303,Curral Velho,CURRAL VELHO,PB,-7.53075,-38.1962
2505352,Damião,DAMIAO,PB,-6.63161,-35.9101
2505402,Desterro,DESTERRO,PB,-7.287,-37.0925
2505501,Vista Serrana,VISTA SERRANA,PB,-6.7303,-37.5704
2505600,Diamante,DIAMANTE,PB,-7.41738,-38.2615
2505709,Dona Inês,DONA INES,PB,-6.61566,-35.6205
2505808,Duas Estradas,DUAS ESTRADAS,PB,-6.68499,-35.418
2505907,Emas,EMAS,PB,-7.09964,-37.7163
2506004,Esperança,ESPERANCA,PB,-7.02278,-35.8597
2506103,Fagundes,FAGUNDES,PB,-7.34454,-35.7931
2506202,Frei Martinho,FREI MARTINHO,PB,-6.39759,-36.4526
2506251,Gado Bravo,GADO BRAVO,PB,-7.58279,-35.7899
2506301,Guarabira,GUARABIRA,PB,-6.85064,-35.485
2506400,Gurinhém,GURINHEM,PB,-7.1233,-35.4222
2506509,Gurjão,GURJAO,PB,-7.24833,-36.4923
2506608,Ibiara,IBIARA,PB,-7.47957,-38.4059
2506707,Imaculada,IMACULADA,PB,-7.3889,-37.5079
2506806,Ingá,INGA,PB,-7.28144,-35.605
2506905,Itabaiana,ITABAIANA,PB,-7.33167,-35.3317
2507002,Itaporanga,ITAPORANGA,PB,-7.30202,-38.1504
2507101,Itapororoca,ITAPOROROCA,PB,-6.82374,-35.2406
2507200,Itatuba,ITATUBA,PB,-7.38115,-35.638
2507309,Jacaraú,JACARAU,PB,-6.61453,-35.289
2507408,Jericó,JERICO,PB,-6.54577,-37.8036
2507507,João Pessoa,JOAO PESSOA,PB,-7.11509,-34.8641
2507606,Juarez Távora,JUAREZ TAVORA,PB,-7.1713,-35.5686
2507705,Juazeirinho,JUAZEIRINHO,PB,-7.06092,-36.5793
2507804,Junco do Seridó,JUNCO DO SERIDO,PB,-6.99269,-36.7166
2507903,Juripiranga,JURIPIRANGA,PB,-7.36176,-35.2321
2508000,Juru,JURU,PB,-7.52983,-37.815
2508109,Lagoa,LAGOA,PB,-6.58572,-37.9127
2508208,Lagoa de Dentro,LAGOA DE DENTRO,PB,-6.67213,-35.3706
2508307,Lagoa Seca,LAGOA SECA,PB,-7.15535,-35.8491
2508406,Lastro,LASTRO,PB,-6.50603,-38.1742
2508505,Livramento,LIVRAMENTO,PB,-7.37113,-36.9491
2508554,Logradouro,LOGRADOURO,PB,-6.61191,-35.4384
2508604,Lucena,LUCENA,PB,-6.90258,-34.8748
2508703,Mãe d'Água,MAE D AGUA,PB,-7.25201,-37.4322
2508802,Malta,MALTA,PB,-6.89719,-37.5221
2508901,Mamanguape,MAMANGUAPE,PB,-6.8337,-35.1213
2509008,Manaíra,MANAIRA,PB,-7.70331,-38.1523
2509057,Marcação,MARCACAO,PB,-6.76535,-35.0087
2509107,Mari,MARI,PB,-7.05942,-35.318
2509156,Marizópolis,MARIZOPOLIS,PB,-6.82748,-38.3528
2509206,Massaranduba,MASSARANDUBA,PB,-7.18995,-35.7848
2509305,Mataraca,MATARACA,PB,-6.59673,-35.0531
2509339,Matinhas,MATINHAS,PB,-7.12486,-35.7669
2509370,Mato Grosso,MATO GROSSO,PB,-6.54018,-37.7279
2509396,Maturéia,MATUREIA,PB,-7.26188,-37.351
2509404,Mogeiro,MOGEIRO,PB,-7.28517,-35.4832
2509503,Montadas,MONTADAS,PB,-7.08848,-35.9592
2509602,Monte Horebe,MONTE HOREBE,PB,-7.20402,-38.5838
2509701,Monteiro,MONTEIRO,PB,-7.88363,-37.1184
2509800,Mulungu,MULUNGU,PB,-7.02525,-35.46
2509909,Natuba,NATUBA,PB,-7.63514,-35.5586
2510006,Nazarezinho,NAZAREZINHO,PB,-6.9114,-38.322
2510105,Nova Floresta,NOVA FLORESTA,PB,-6.45056,-36.2057
2510204,Nova Olinda,NOVA OLINDA,PB,-7.47232,-38.0382
2510303,Nova Palmeira,NOVA PALMEIRA,PB,-6.67122,-36.422
2510402,Olho d'Água,OLHO D AGUA,PB,-7.22118,-37.7406
2510501,Olivedos,OLIVEDOS,PB,-6.98434,-36.241
2510600,Ouro Velho,OURO VELHO,PB,-7.61604,-37.1519
2510659,Parari,PARARI,PB,-7.30975,-36.6522
2510709,Passagem,PASSAGEM,PB,-7.13467,-37.0433
2510808,Patos,PATOS,PB,-7.01743,-37.2747
2510907,Paulista,PAULISTA,PB,-6.59138,-37.6185
2511004,Pedra Branca,PEDRA BRANCA,PB,-7.42169,-38.0689
2511103,Pedra Lavrada,PEDRA LAVRADA,PB,-6.74997,-36.4758
2511202,Pedras de Fogo,PEDRAS DE FOGO,PB,-7.39107,-35.1065
2511301,Piancó,PIANCO,PB,-7.19282,-37.9289
2511400,Picuí,PICUI,PB,-6.50845,-36.3497
2511509,Pilar,PILAR,PB,-7.26403,-35.2523
2511608,Pilões,PILOES,PB,-6.86827,-35.613
2511707,Pilõezinhos,PILOEZINHOS,PB,-6.84277,-35.531
2511806,Pirpirituba,PIRPIRITUBA,PB,-6.77922,-35.4906
2511905,Pitimbu,PITIMBU,PB,-7.4664,-34.8151
2512002,Pocinhos,POCINHOS,PB,-7.06658,-36.0668
2512036,Poço Dantas,POCO DANTAS,PB,-6.39876,-38.4909
2512077,Poço de José de Moura,POCO DE JOSE DE MOURA,PB,-6.56401,-38.5111
2512101,Pombal,POMBAL,PB,-6.76606,-37.8003
2512200,Prata,PRATA,PB,-7.68826,-37.0801
2512309,Princesa Isabel,PRINCESA ISABEL,PB,-7.73175,-37.9886
2512408,Puxinanã,PUXINANA,PB,-7.15479,-35.9543
2512507,Queimadas,QUEIMADAS,PB,-7.35029,-35.9031
2512606,Quixabá,QUIXABA,PB,-7.0224,-37.1458
2512705,Remígio,REMIGIO,PB,-6.94992,-35.8011
2512721,Pedro Régis,PEDRO REGIS,PB,-6.63323,-35.2966
2512747,Riachão,RIACHAO,PB,-6.54269,-35.661
2512754,Riachão do Bacamarte,RIACHAO DO BACAMARTE,PB,-7.25347,-35.6693
2512762,Riachão do Poço,RIACHAO DO POCO,PB,-7.14173,-35.2914
2512788,Riacho de Santo Antônio,RIACHO DE SANTO ANTONIO,PB,-7.68023,-36.157
2512804,Riacho dos Cavalos,RIACHO DOS CAVALOS,PB,-6.44067,-37.6483
2512903,Rio Tinto,RIO TINTO,PB,-6.80383,-35.0776
2513000,Salgadinho,SALGADINHO,PB,-7.10098,-36.8458
2513109,Salgado de São Félix,SALGADO DE SAO FELIX,PB,-7.35337,-35.4305
2513158,Santa Cecília,SANTA CECILIA,PB,-7.7389,-35.8764
2513208,Santa Cruz,SANTA CRUZ,PB,-6.5237,-38.0617
2513307,Santa Helena,SANTA HELENA,PB,-6.7176,-38.6427
2513356,Santa Inês,SANTA INES,PB,-7.621,-38.554
2513406,Santa Luzia,SANTA LUZIA,PB,-6.86092,-36.9178
2513505,Santana de Mangueira,SANTANA DE MANGUEIRA,PB,-7.54705,-38.3236
2513604,Santana dos Garrotes,SANTANA DOS GARROTES,PB,-7.38162,-37.9819
2513653,Joca Claudino,JOCA CLAUDINO,PB,-6.48362,-38.4764
2513703,Santa Rita,SANTA RITA,PB,-7.11724,-34.9753
2513802,Santa Teresinha,SANTA TERESINHA,PB,-7.07964,-37.4435
2513851,Santo André,SANTO ANDRE,PB,-7.22016,-36.6213
2513901,São Bento,SAO BENTO,PB,-6.48529,-37.4488
2513927,São Bentinho,SAO BENTINHO,PB,-6.88596,-37.7243
2513943,São Domingos do Cariri,SAO DOMINGOS DO CARIRI,PB,-7.63273,-36.4374
2513968,São Domingos,SAO DOMINGOS,PB,-6.80313,-37.9488
2513984,São Francisco,SAO FRANCISCO,PB,-6.60773,-38.0968
2514008,São João do Cariri,SAO JOAO DO CARIRI,PB,-7.38168,-36.5345
2514107,São João do Tigre,SAO JOAO DO TIGRE,PB,-8.07703,-36.8547
2514206,São José da Lagoa Tapada,SAO JOSE DA LAGOA TAPADA,PB,-6.93646,-38.1622
2514305,São José de Caiana,SAO JOSE DE CAIANA,PB,-7.24636,-38.2989
2514404,São José de Espinharas,SAO JOSE DE ESPINHARAS,PB,-6.83974,-37.3214
2514453,São José dos Ramos,SAO JOSE DOS RAMOS,PB,-7.25238,-35.3725
2514503,São José de Piranhas,SAO JOSE DE PIRANHAS,PB,-7.1187,-38.502
2514552,São José de Princesa,SAO JOSE DE PRINCESA,PB,-7.73633,-38.0894
2514602,São José do Bonfim,SAO JOSE DO BONFIM,PB,-7.1607,-37.3036
2514651,São José do Brejo do Cruz,SAO JOSE DO BREJO DO CRUZ,PB,-6.21054,-37.3601
2514701,São José do Sabugi,SAO JOSE DO SABUGI,PB,-6.76295,-36.7972
2514800,São José dos Cordeiros,SAO JOSE DOS CORDEIROS,PB,-7.38775,-36.8085
2514909,São Mamede,SAO MAMEDE,PB,-6.92386,-37.0954
2515005,São Miguel de Taipu,SAO MIGUEL DE TAIPU,PB,-7.24764,-35.2016
2515104,São Sebastião de Lagoa de Roça,SAO SEBASTIAO DE LAGOA DE ROCA,PB,-7.11034,-35.8678
2515203,São Sebastião do Umbuzeiro,SAO SEBASTIAO DO UMBUZEIRO,PB,-8.15289,-37.0138
2515302,Sapé,SAPE,PB,-7.09359,-35.228
2515401,São Vicente do Seridó,SAO VICENTE DO SERIDO,PB,-6.85426,-36.4122
2515500,Serra Branca,SERRA BRANCA,PB,-7.48034,-36.666
2515609,Serra da Raiz,SERRA DA RAIZ,PB,-6.68527,-35.4379
2515708,Serra Grande,SERRA GRANDE,PB,-7.20957,-38.3647
2515807,Serra Redonda,SERRA REDONDA,PB,-7.18622,-35.6842
2515906,Serraria,SERRARIA,PB,-6.81569,-35.6282
2515930,Sertãozinho,SERTAOZINHO,PB,-6.75127,-35.4372
2515971,Sobrado,SOBRADO,PB,-7.14429,-35.2357
2516003,Solânea,SOLANEA,PB,-6.75161,-35.6636
2516102,Soledade,SOLEDADE,PB,-7.05829,-36.3668
2516151,Sossêgo,SOSSEGO,PB,-6.77067,-36.2538
2516201,Sousa,SOUSA,PB,-6.75148,-38.2311
2516300,Sumé,SUME,PB,-7.66206,-36.884
2516409,Tacima,TACIMA,PB,-6.48759,-35.6367
2516508,Taperoá,TAPEROA,PB,-7.20629,-36.8245
2516607,Tavares,TAVARES,PB,-7.62697,-37.8712
2516706,Teixeira,TEIXEIRA,PB,-7.22104,-37.2525
2516755,Tenório,TENORIO,PB,-6.93855,-36.6273
2516805,Triunfo,TRIUNFO,PB,-6.5713,-38.5986
2516904,Uiraúna,UIRAUNA,PB,-6.51504,-38.4128
2517001,Umbuzeiro,UMBUZEIRO,PB,-7.69199,-35.6582
2517100,Várzea,VARZEA,PB,-6.76189,-36.9913
2517209,Vieirópolis,VIEIROPOLIS,PB,-6.50684,-38.2567
2517407,Zabelê,ZABELE,PB,-8.07901,-37.1057
2600054,Abreu e Lima,ABREU E LIMA,PE,-7.90072,-34.8984
2600104,Afogados da Ingazeira,AFOGADOS DA INGAZEIRA,PE,-7.74312,-37.631
2600203,Afrânio,AFRANIO,PE,-8.51136,-41.0095
2600302,Agrestina,AGRESTINA,PE,-8.45966,-35.9447
2600401,Água Preta,AGUA PRETA,PE,-8.70609,-35.5263
2600500,Águas Belas,AGUAS BELAS,PE,-9.11125,-37.1226
2600609,Alagoinha,ALAGOINHA,PE,-8.4665,-36.7788
2600708,Aliança,ALIANCA,PE,-7.60398,-35.2227
2600807,Altinho,ALTINHO,PE,-8.48482,-36.0644
2600906,Amaraji,AMARAJI,PE,-8.37691,-35.4501
2601003,Angelim,ANGELIM,PE,-8.88429,-36.2902
2601052,Araçoiaba,ARACOIABA,PE,-7.78391,-35.0809
2601102,Araripina,ARARIPINA,PE,-7.57073,-40.494
2601201,Arcoverde,ARCOVERDE,PE,-8.41519,-37.0577
2601300,Barra de Guabiraba,BARRA DE GUABIRABA,PE,-8.42075,-35.6585
2601409,Barreiros,BARREIROS,PE,-8.81605,-35.1832
2601508,Belém de Maria,BELEM DE MARIA,PE,-8.62504,-35.8335
2601607,Belém do São Francisco,BELEM DO SAO FRANCISCO,PE,-8.75046,-38.9623
2601706,Belo Jardim,BELO JARDIM,PE,-8.3313,-36.4258
2601805,Betânia,BETANIA,PE,-8.26787,-38.0345
2601904,Bezerros,BEZERROS,PE,-8.2328,-35.796
2602001,Bodocó,BODOCO,PE,-7.77759,-39.9338
2602100,Bom Conselho,BOM CONSELHO,PE,-9.16919,-36.6857
2602209,Bom Jardim,BOM JARDIM,PE,-7.79695,-35.5784
2602308,Bonito,BONITO,PE,-8.47163,-35.7292
2602407,Brejão,BREJAO,PE,-9.02915,-36.566
2602506,Brejinho,BREJINHO,PE,-7.34694,-37.2865
2602605,Brejo da Madre de Deus,BREJO DA MADRE DE DEUS,PE,-8.14933,-36.3741
2602704,Buenos Aires,BUENOS AIRES,PE,-7.72449,-35.3182
2602803,Buíque,BUIQUE,PE,-8.61954,-37.1606
2602902,Cabo de Santo Agostinho,CABO DE SANTO AGOSTINHO,PE,-8.28218,-35.0253
2603009,Cabrobó,CABROBO,PE,-8.50548,-39.3094
2603108,Cachoeirinha,CACHOEIRINHA,PE,-8.48668,-36.2402
2603207,Caetés,CAETES,PE,-8.7803,-36.6268
2603306,Calçado,CALCADO,PE,-8.73108,-36.3366
2603405,Calumbi,CALUMBI,PE,-7.93551,-38.1482
2603454,Camaragibe,CAMARAGIBE,PE,-8.02351,-34.9782
2603504,Camocim de São Félix,CAMOCIM DE SAO FELIX,PE,-8.35865,-35.7653
2603603,Camutanga,CAMUTANGA,PE,-7.40545,-35.2664
2603702,Canhotinho,CANHOTINHO,PE,-8.87652,-36.1979
2603801,Capoeiras,CAPOEIRAS,PE,-8.73423,-36.6306
2603900,Carnaíba,CARNAIBA,PE,-7.79342,-37.7946
2603926,Carnaubeira da Penha,CARNAUBEIRA DA PENHA,PE,-8.31799,-38.7512
2604007,Carpina,CARPINA,PE,-7.84566,-35.2514
2604106,Caruaru,CARUARU,PE,-8.28455,-35.9699
2604155,Casinhas,CASINHAS,PE,-7.74084,-35.7206
2604205,Catende,CATENDE,PE,-8.67509,-35.7024
2604304,Cedro,CEDRO,PE,-7.71179,-39.2367
2604403,Chã de Alegria,CHA DE ALEGRIA,PE,-8.00679,-35.204
2604502,Chã Grande,CHA GRANDE,PE,-8.23827,-35.4571
2604601,Condado,CONDADO,PE,-7.58787,-35.0999
2604700,Correntes,CORRENTES,PE,-9.12117,-36.3244
2604809,Cortês,CORTES,PE,-8.47443,-35.5468
2604908,Cumaru,CUMARU,PE,-8.00827,-35.6957
2605004,Cupira,CUPIRA,PE,-8.62432,-35.9518
2605103,Custódia,CUSTODIA,PE,-8.08546,-37.6443
2605152,Dormentes,DORMENTES,PE,-8.44116,-40.7662
2605202,Escada,ESCADA,PE,-8.35672,-35.2241
2605301,Exu,EXU,PE,-7.50364,-39.7238
2605400,Feira Nova,FEIRA NOVA,PE,-7.94704,-35.3801
2605459,Fernando de Noronha,FERNANDO DE NORONHA,PE,-3.8396,-32.4107
2605509,Ferreiros,FERREIROS,PE,-7.44666,-35.2373
2605608,Flores,FLORES,PE,-7.85842,-37.9715
2605707,Floresta,FLORESTA,PE,-8.60307,-38.5687
2605806,Frei Miguelinho,FREI MIGUELINHO,PE,-7.93918,-35.9113
2605905,Gameleira,GAMELEIRA,PE,-8.5798,-35.3846
2606002,Garanhuns,GARANHUNS,PE,-8.88243,-36.4966
2606101,Glória do Goitá,GLORIA DO GOITA,PE,-8.00568,-35.2904
2606200,Goiana,GOIANA,PE,-7.5606,-34.9959
2606309,Granito,GRANITO,PE,-7.70711,-39.615
2606408,Gravatá,GRAVATA,PE,-8.21118,-35.5675
2606507,Iati,IATI,PE,-9.04559,-36.8498
2606606,Ibimirim,IBIMIRIM,PE,-8.54026,-37.7032
2606705,Ibirajuba,IBIRAJUBA,PE,-8.57633,-36.1812
2606804,Igarassu,IGARASSU,PE,-7.82881,-34.9013
2606903,Iguaracy,IGUARACY,PE,-7.83222,-37.5082
2607000,Inajá,INAJA,PE,-8.90206,-37.8351
2607109,Ingazeira,INGAZEIRA,PE,-7.66909,-37.4576
2607208,Ipojuca,IPOJUCA,PE,-8.39303,-35.0609
2607307,Ipubi,IPUBI,PE,-7.64505,-40.1476
2607406,Itacuruba,ITACURUBA,PE,-8.82231,-38.6975
2607505,Itaíba,ITAIBA,PE,-8.94569,-37.4173
2607604,Ilha de Itamaracá,ILHA DE ITAMARACA,PE,-7.74766,-34.8303
2607653,Itambé,ITAMBE,PE,-7.41403,-35.0963
2607703,Itapetim,ITAPETIM,PE,-7.37178,-37.1863
2607752,Itapissuma,ITAPISSUMA,PE,-7.76798,-34.8971
2607802,Itaquitinga,ITAQUITINGA,PE,-7.66373,-35.1002
2607901,Jaboatão dos Guararapes,JABOATAO DOS GUARARAPES,PE,-8.11298,-35.015
2607950,Jaqueira,JAQUEIRA,PE,-8.72618,-35.7942
2608008,Jataúba,JATAUBA,PE,-7.97668,-36.4943
2608057,Jatobá,JATOBA,PE,-9.17476,-38.2607
2608107,João Alfredo,JOAO ALFREDO,PE,-7.86565,-35.5787
2608206,Joaquim Nabuco,JOAQUIM NABUCO,PE,-8.62281,-35.5288
2608255,Jucati,JUCATI,PE,-8.70195,-36.4871
2608305,Jupi,JUPI,PE,-8.70904,-36.4126
2608404,Jurema,JUREMA,PE,-8.70714,-36.1347
2608453,Lagoa do Carro,LAGOA DO CARRO,PE,-7.84383,-35.3108
2608503,Lagoa de Itaenga,LAGOA DE ITAENGA,PE,-7.93005,-35.2874
2608602,Lagoa do Ouro,LAGOA DO OURO,PE,-9.12567,-36.4584
2608701,Lagoa dos Gatos,LAGOA DOS GATOS,PE,-8.6602,-35.904
2608750,Lagoa Grande,LAGOA GRANDE,PE,-8.99452,-40.2767
2608800,Lajedo,LAJEDO,PE,-8.65791,-36.3293
2608909,Limoeiro,LIMOEIRO,PE,-7.8726,-35.4402
2609006,Macaparana,MACAPARANA,PE,-7.55564,-35.4425
2609105,Machados,MACHADOS,PE,-7.68827,-35.5114
2609154,Manari,MANARI,PE,-8.9649,-37.6313
2609204,Maraial,MARAIAL,PE,-8.79062,-35.8266
2609303,Mirandiba,MIRANDIBA,PE,-8.12113,-38.7388
2609402,Moreno,MORENO,PE,-8.10871,-35.0835
2609501,Nazaré da Mata,NAZARE DA MATA,PE,-7.74149,-35.2193
2609600,Olinda,OLINDA,PE,-8.01017,-34.8545
2609709,Orobó,OROBO,PE,-7.74553,-35.5956
2609808,Orocó,OROCO,PE,-8.61026,-39.6026
2609907,Ouricuri,OURICURI,PE,-7.87918,-40.08
2610004,Palmares,PALMARES,PE,-8.68423,-35.589
2610103,Palmeirina,PALMEIRINA,PE,-9.0109,-36.3242
2610202,Panelas,PANELAS,PE,-8.66121,-36.0125
2610301,Paranatama,PARANATAMA,PE,-8.91875,-36.6549
2610400,Parnamirim,PARNAMIRIM,PE,-8.08729,-39.5795
2610509,Passira,PASSIRA,PE,-7.9971,-35.5813
2610608,Paudalho,PAUDALHO,PE,-7.90287,-35.1716
2610707,Paulista,PAULISTA,PE,-7.93401,-34.8684
2610806,Pedra,PEDRA,PE,-8.49641,-36.94
2610905,Pesqueira,PESQUEIRA,PE,-8.35797,-36.6978
2611002,Petrolândia,PETROLANDIA,PE,-9.06863,-38.3027
2611101,Petrolina,PETROLINA,PE,-9.38866,-40.5027
2611200,Poção,POCAO,PE,-8.18726,-36.7111
2611309,Pombos,POMBOS,PE,-8.13982,-35.3967
2611408,Primavera,PRIMAVERA,PE,-8.32999,-35.3544
2611507,Quipapá,QUIPAPA,PE,-8.81175,-36.0137
2611533,Quixaba,QUIXABA,PE,-7.70734,-37.8446
2611606,Recife,RECIFE,PE,-8.04666,-34.8771
2611705,Riacho das Almas,RIACHO DAS ALMAS,PE,-8.13742,-35.8648
2611804,Ribeirão,RIBEIRAO,PE,-8.50957,-35.3698
2611903,Rio Formoso,RIO FORMOSO,PE,-8.6592,-35.1532
2612000,Sairé,SAIRE,PE,-8.32864,-35.6967
2612109,Salgadinho,SALGADINHO,PE,-7.9269,-35.6503
2612208,Salgueiro,SALGUEIRO,PE,-8.07373,-39.1247
2612307,Saloá,SALOA,PE,-8.9723,-36.691
2612406,Sanharó,SANHARO,PE,-8.36097,-36.5696
2612455,Santa Cruz,SANTA CRUZ,PE,-8.24153,-40.3434
2612471,Santa Cruz da Baixa Verde,SANTA CRUZ DA BAIXA VERDE,PE,-7.81339,-38.1476
2612505,Santa Cruz do Capibaribe,SANTA CRUZ DO CAPIBARIBE,PE,-7.94802,-36.2061
2612554,Santa Filomena,SANTA FILOMENA,PE,-8.16688,-40.6079
2612604,Santa Maria da Boa Vista,SANTA MARIA DA BOA VISTA,PE,-8.79766,-39.8241
2612703,Santa Maria do Cambucá,SANTA MARIA DO CAMBUCA,PE,-7.83676,-35.8941
2612802,Santa Terezinha,SANTA TEREZINHA,PE,-7.37696,-37.4787
2612901,São Benedito do Sul,SAO BENEDITO DO SUL,PE,-8.8166,-35.9453
2613008,São Bento do Una,SAO BENTO DO UNA,PE,-8.52637,-36.4465
2613107,São Caetano,SAO CAETANO,PE,-8.33763,-36.2869
2613206,São João,SAO JOAO,PE,-8.87576,-36.3653
2613305,São Joaquim do Monte,SAO JOAQUIM DO MONTE,PE,-8.43196,-35.8035
2613404,São José da Coroa Grande,SAO JOSE DA COROA GRANDE,PE,-8.88937,-35.1515
2613503,São José do Belmonte,SAO JOSE DO BELMONTE,PE,-7.85723,-38.7577
2613602,São José do Egito,SAO JOSE DO EGITO,PE,-7.46945,-37.274
2613701,São Lourenço da Mata,SAO LOURENCO DA MATA,PE,-8.00684,-35.0124
2613800,São Vicente Ferrer,SAO VICENTE FERRER,PE,-7.58969,-35.4808
2613909,Serra Talhada,SERRA TALHADA,PE,-7.98178,-38.289
2614006,Serrita,SERRITA,PE,-7.94041,-39.2951
2614105,Sertânia,SERTANIA,PE,-8.06847,-37.2684
2614204,Sirinhaém,SIRINHAEM,PE,-8.58778,-35.1126
2614303,Moreilândia,MOREILANDIA,PE,-7.61931,-39.546
2614402,Solidão,SOLIDAO,PE,-7.59472,-37.6445
2614501,Surubim,SURUBIM,PE,-7.84746,-35.7481
2614600,Tabira,TABIRA,PE,-7.58366,-37.5377
2614709,Tacaimbó,TACAIMBO,PE,-8.30867,-36.3
2614808,Tacaratu,TACARATU,PE,-9.09798,-38.1504
2614857,Tamandaré,TAMANDARE,PE,-8.75665,-35.1033
2615003,Taquaritinga do Norte,TAQUARITINGA DO NORTE,PE,-7.89446,-36.0423
2615102,Terezinha,TEREZINHA,PE,-9.05621,-36.6272
2615201,Terra Nova,TERRA NOVA,PE,-8.22244,-39.3825
2615300,Timbaúba,TIMBAUBA,PE,-7.50484,-35.3119
2615409,Toritama,TORITAMA,PE,-8.00955,-36.0637
2615508,Tracunhaém,TRACUNHAEM,PE,-7.80228,-35.2314
2615607,Trindade,TRINDADE,PE,-7.759,-40.2647
2615706,Triunfo,TRIUNFO,PE,-7.83272,-38.0978
2615805,Tupanatinga,TUPANATINGA,PE,-8.74798,-37.3445
2615904,Tuparetama,TUPARETAMA,PE,-7.6003,-37.3165
2616001,Venturosa,VENTUROSA,PE,-8.57885,-36.8742
2616100,Verdejante,VERDEJANTE,PE,-7.92235,-38.9701
2616183,Vertente do Lério,VERTENTE DO LERIO,PE,-7.77084,-35.8491
2616209,Vertentes,VERTENTES,PE,-7.90158,-35.9681
2616308,Vicência,VICENCIA,PE,-7.65655,-35.3139
2616407,Vitória de Santo Antão,VITORIA DE SANTO ANTAO,PE,-8.12819,-35.2976
2616506,Xexéu,XEXEU,PE,-8.8046,-35.6212
2700102,Água Branca,AGUA BRANCA,AL,-9.262,-37.938
2700201,Anadia,ANADIA,AL,-9.68489,-36.3078
2700300,Arapiraca,ARAPIRACA,AL,-9.75487,-36.6615
2700409,Atalaia,ATALAIA,AL,-9.5119,-36.0086
2700508,Barra de Santo Antônio,BARRA DE SANTO ANTONIO,AL,-9.4023,-35.5101
2700607,Barra de São Miguel,BARRA DE SAO MIGUEL,AL,-9.83842,-35.9057
2700706,Batalha,BATALHA,AL,-9.6742,-37.133
2700805,Belém,BELEM,AL,-9.57047,-36.4904
2700904,Belo Monte,BELO MONTE,AL,-9.82272,-37.277
2701001,Boca da Mata,BOCA DA MATA,AL,-9.64308,-36.2125
2701100,Branquinha,BRANQUINHA,AL,-9.23342,-36.0162
2701209,Cacimbinhas,CACIMBINHAS,AL,-9.40121,-36.9911
2701308,Cajueiro,CAJUEIRO,AL,-9.3994,-36.1559
2701357,Campestre,CAMPESTRE,AL,-8.84723,-35.5685
2701407,Campo Alegre,CAMPO ALEGRE,AL,-9.78451,-36.3525
2701506,Campo Grande,CAMPO GRANDE,AL,-9.95542,-36.7926
2701605,Canapi,CANAPI,AL,-9.11932,-37.5967
2701704,Capela,CAPELA,AL,-9.41504,-36.0826
2701803,Carneiros,CARNEIROS,AL,-9.48476,-37.3773
2701902,Chã Preta,CHA PRETA,AL,-9.2556,-36.2983
2702009,Coité do Nóia,COITE DO NOIA,AL,-9.63348,-36.5845
2702108,Colônia Leopoldina,COLONIA LEOPOLDINA,AL,-8.91806,-35.7214
2702207,Coqueiro Seco,COQUEIRO SECO,AL,-9.63715,-35.7994
2702306,Coruripe,CORURIPE,AL,-10.1276,-36.1717
2702355,Craíbas,CRAIBAS,AL,-9.6178,-36.7697
2702405,Delmiro Gouveia,DELMIRO GOUVEIA,AL,-9.38534,-37.9987
2702504,Dois Riachos,DOIS RIACHOS,AL,-9.38465,-37.0965
2702553,Estrela de Alagoas,ESTRELA DE ALAGOAS,AL,-9.39089,-36.7644
2702603,Feira Grande,FEIRA GRANDE,AL,-9.89859,-36.6815
2702702,Feliz Deserto,FELIZ DESERTO,AL,-10.2935,-36.3028
2702801,Flexeiras,FLEXEIRAS,AL,-9.27281,-35.7139
2702900,Girau do Ponciano,GIRAU DO PONCIANO,AL,-9.88404,-36.8316
2703007,Ibateguara,IBATEGUARA,AL,-8.97823,-35.9373
2703106,Igaci,IGACI,AL,-9.53768,-36.6372
2703205,Igreja Nova,IGREJA NOVA,AL,-10.1235,-36.6597
2703304,Inhapi,INHAPI,AL,-9.22594,-37.7509
2703403,Jacaré dos Homens,JACARE DOS HOMENS,AL,-9.63545,-37.2076
2703502,Jacuípe,JACUIPE,AL,-8.83951,-35.4591
2703601,Japaratinga,JAPARATINGA,AL,-9.08746,-35.2634
2703700,Jaramataia,JARAMATAIA,AL,-9.66224,-37.0046
2703759,Jequiá da Praia,JEQUIA DA PRAIA,AL,-10.0133,-36.0142
2703809,Joaquim Gomes,JOAQUIM GOMES,AL,-9.1328,-35.7474
2703908,Jundiá,JUNDIA,AL,-8.93297,-35.5669
2704005,Junqueiro,JUNQUEIRO,AL,-9.90696,-36.4803
2704104,Lagoa da Canoa,LAGOA DA CANOA,AL,-9.83291,-36.7413
2704203,Limoeiro de Anadia,LIMOEIRO DE ANADIA,AL,-9.74098,-36.5121
2704302,Maceió,MACEIO,AL,-9.66599,-35.735
2704401,Major Isidoro,MAJOR ISIDORO,AL,-9.53009,-36.992
2704500,Maragogi,MARAGOGI,AL,-9.00744,-35.2267
2704609,Maravilha,MARAVILHA,AL,-9.23045,-37.3524
2704708,Marechal Deodoro,MARECHAL DEODORO,AL,-9.70971,-35.8967
2704807,Maribondo,MARIBONDO,AL,-9.58353,-36.3045
2704906,Mar Vermelho,MAR VERMELHO,AL,-9.44739,-36.3881
2705002,Mata Grande,MATA GRANDE,AL,-9.11824,-37.7323
2705101,Matriz de Camaragibe,MATRIZ DE CAMARAGIBE,AL,-9.15437,-35.5243
2705200,Messias,MESSIAS,AL,-9.39384,-35.8392
2705309,Minador do Negrão,MINADOR DO NEGRAO,AL,-9.31236,-36.8696
2705408,Monteirópolis,MONTEIROPOLIS,AL,-9.60357,-37.2505
2705507,Murici,MURICI,AL,-9.30682,-35.9428
2705606,Novo Lino,NOVO LINO,AL,-8.94191,-35.664
2705705,Olho d'Água das Flores,OLHO D AGUA DAS FLORES,AL,-9.53686,-37.2971
2705804,Olho d'Água do Casado,OLHO D AGUA DO CASADO,AL,-9.50357,-37.8301
2705903,Olho d'Água Grande,OLHO D AGUA GRANDE,AL,-10.0572,-36.8101
2706000,Olivença,OLIVENCA,AL,-9.51954,-37.1954
2706109,Ouro Branco,OURO BRANCO,AL,-9.15884,-37.3556
2706208,Palestina,PALESTINA,AL,-9.67493,-37.339
2706307,Palmeira dos Índios,PALMEIRA DOS INDIOS,AL,-9.40568,-36.6328
2706406,Pão de Açúcar,PAO DE ACUCAR,AL,-9.74032,-37.4403
2706422,Pariconha,PARICONHA,AL,-9.25634,-37.9988
2706448,Paripueira,PARIPUEIRA,AL,-9.46313,-35.552
2706505,Passo de Camaragibe,PASSO DE CAMARAGIBE,AL,-9.24511,-35.4745
2706604,Paulo Jacinto,PAULO JACINTO,AL,-9.36792,-36.3672
2706703,Penedo,PENEDO,AL,-10.2874,-36.5819
2706802,Piaçabuçu,PIACABUCU,AL,-10.406,-36.434
2706901,Pilar,PILAR,AL,-9.60135,-35.9543
2707008,Pindoba,PINDOBA,AL,-9.47382,-36.2918
2707107,Piranhas,PIRANHAS,AL,-9.624,-37.757
2707206,Poço das Trincheiras,POCO DAS TRINCHEIRAS,AL,-9.30742,-37.2889
2707305,Porto Calvo,PORTO CALVO,AL,-9.05195,-35.3987
2707404,Porto de Pedras,PORTO DE PEDRAS,AL,-9.16006,-35.3049
2707503,Porto Real do Colégio,PORTO REAL DO COLEGIO,AL,-10.1849,-36.8376
2707602,Quebrangulo,QUEBRANGULO,AL,-9.32001,-36.4692
2707701,Rio Largo,RIO LARGO,AL,-9.47783,-35.8394
2707800,Roteiro,ROTEIRO,AL,-9.83503,-35.9782
2707909,Santa Luzia do Norte,SANTA LUZIA DO NORTE,AL,-9.6037,-35.8232
2708006,Santana do Ipanema,SANTANA DO IPANEMA,AL,-9.36999,-37.248
2708105,Santana do Mundaú,SANTANA DO MUNDAU,AL,-9.17141,-36.2176
2708204,São Brás,SAO BRAS,AL,-10.1141,-36.8522
2708303,São José da Laje,SAO JOSE DA LAJE,AL,-9.01278,-36.0515
2708402,São José da Tapera,SAO JOSE DA TAPERA,AL,-9.55768,-37.3831
2708501,São Luís do Quitunde,SAO LUIS DO QUITUNDE,AL,-9.31816,-35.5606
2708600,São Miguel dos Campos,SAO MIGUEL DOS CAMPOS,AL,-9.78301,-36.0971
2708709,São Miguel dos Milagres,SAO MIGUEL DOS MILAGRES,AL,-9.26493,-35.3763
2708808,São Sebastião,SAO SEBASTIAO,AL,-9.93043,-36.559
2708907,Satuba,SATUBA,AL,-9.56911,-35.8227
2708956,Senador Rui Palmeira,SENADOR RUI PALMEIRA,AL,-9.46986,-37.4576
2709004,Tanque d'Arca,TANQUE D ARCA,AL,-9.53379,-36.4366
2709103,Taquarana,TAQUARANA,AL,-9.64529,-36.4928
2709152,Teotônio Vilela,TEOTONIO VILELA,AL,-9.91656,-36.3492
2709202,Traipu,TRAIPU,AL,-9.96262,-37.0071
2709301,União dos Palmares,UNIAO DOS PALMARES,AL,-9.15921,-36.0223
2709400,Viçosa,VICOSA,AL,-9.36763,-36.2431
2800100,Amparo de São Francisco,AMPARO DE SAO FRANCISCO,SE,-10.1348,-36.935
2800209,Aquidabã,AQUIDABA,SE,-10.278,-37.0148
2800308,Aracaju,ARACAJU,SE,-10.9091,-37.0677
2800407,Arauá,ARAUA,SE,-11.2614,-37.6201
2800506,Areia Branca,AREIA BRANCA,SE,-10.758,-37.3251
2800605,Barra dos Coqueiros,BARRA DOS COQUEIROS,SE,-10.8996,-37.0323
2800670,Boquim,BOQUIM,SE,-11.1397,-37.6195
2800704,Brejo Grande,BREJO GRANDE,SE,-10.4297,-36.4611
2801009,Campo do Brito,CAMPO DO BRITO,SE,-10.7392,-37.4954
2801108,Canhoba,CANHOBA,SE,-10.1365,-36.9806
2801207,Canindé de São Francisco,CANINDE DE SAO FRANCISCO,SE,-9.64882,-37.7923
2801306,Capela,CAPELA,SE,-10.5069,-37.0628
2801405,Carira,CARIRA,SE,-10.3524,-37.7002
2801504,Carmópolis,CARMOPOLIS,SE,-10.6449,-36.9887
2801603,Cedro de São João,CEDRO DE SAO JOAO,SE,-10.2534,-36.8856
2801702,Cristinápolis,CRISTINAPOLIS,SE,-11.4668,-37.7585
2801900,Cumbe,CUMBE,SE,-10.352,-37.1846
2802007,Divina Pastora,DIVINA PASTORA,SE,-10.6782,-37.1506
2802106,Estância,ESTANCIA,SE,-11.2659,-37.4484
2802205,Feira Nova,FEIRA NOVA,SE,-10.2616,-37.3147
2802304,Frei Paulo,FREI PAULO,SE,-10.5513,-37.5279
2802403,Gararu,GARARU,SE,-9.9722,-37.0869
2802502,General Maynard,GENERAL MAYNARD,SE,-10.6835,-36.9838
2802601,Gracho Cardoso,GRACHO CARDOSO,SE,-10.2252,-37.2006
2802700,Ilha das Flores,ILHA DAS FLORES,SE,-10.4425,-36.5479
2802809,Indiaroba,INDIAROBA,SE,-11.5157,-37.515
2802908,Itabaiana,ITABAIANA,SE,-10.6826,-37.4273
2803005,Itabaianinha,ITABAIANINHA,SE,-11.2693,-37.7875
2803104,Itabi,ITABI,SE,-10.1248,-37.1056
2803203,Itaporanga d'Ajuda,ITAPORANGA D AJUDA,SE,-10.99,-37.3078
2803302,Japaratuba,JAPARATUBA,SE,-10.5849,-36.9418
2803401,Japoatã,JAPOATA,SE,-10.3477,-36.8045
2803500,Lagarto,LAGARTO,SE,-10.9136,-37.6689
2803609,Laranjeiras,LARANJEIRAS,SE,-10.7981,-37.1731
2803708,Macambira,MACAMBIRA,SE,-10.6619,-37.5413
2803807,Malhada dos Bois,MALHADA DOS BOIS,SE,-10.3418,-36.9252
2803906,Malhador,MALHADOR,SE,-10.6649,-37.3004
2804003,Maruim,MARUIM,SE,-10.7308,-37.0856
2804102,Moita Bonita,MOITA BONITA,SE,-10.5769,-37.3512
2804201,Monte Alegre de Sergipe,MONTE ALEGRE DE SERGIPE,SE,-10.0256,-37.5616
2804300,Muribeca,MURIBECA,SE,-10.4271,-36.9588
2804409,Neópolis,NEOPOLIS,SE,-10.3215,-36.585
2804458,Nossa Senhora Aparecida,NOSSA SENHORA APARECIDA,SE,-10.3944,-37.4517
2804508,Nossa Senhora da Glória,NOSSA SENHORA DA GLORIA,SE,-10.2158,-37.4211
2804607,Nossa Senhora das Dores,NOSSA SENHORA DAS DORES,SE,-10.4854,-37.1963
2804706,Nossa Senhora de Lourdes,NOSSA SENHORA DE LOURDES,SE,-10.0772,-37.0615
2804805,Nossa Senhora do Socorro,NOSSA SENHORA DO SOCORRO,SE,-10.8468,-37.1231
2804904,Pacatuba,PACATUBA,SE,-10.4538,-36.6531
2805000,Pedra Mole,PEDRA MOLE,SE,-10.6134,-37.6922
2805109,Pedrinhas,PEDRINHAS,SE,-11.1902,-37.6775
2805208,Pinhão,PINHAO,SE,-10.5677,-37.7242
2805307,Pirambu,PIRAMBU,SE,-10.7215,-36.8544
2805406,Poço Redondo,POCO REDONDO,SE,-9.80616,-37.6833
2805505,Poço Verde,POCO VERDE,SE,-10.7151,-38.1813
2805604,Porto da Folha,PORTO DA FOLHA,SE,-9.91626,-37.2842
2805703,Propriá,PROPRIA,SE,-10.2138,-36.8442
2805802,Riachão do Dantas,RIACHAO DO DANTAS,SE,-11.0729,-37.731
2805901,Riachuelo,RIACHUELO,SE,-10.735,-37.1966
2806008,Ribeirópolis,RIBEIROPOLIS,SE,-10.5357,-37.438
2806107,Rosário do Catete,ROSARIO DO CATETE,SE,-10.6904,-37.0357
2806206,Salgado,SALGADO,SE,-11.0288,-37.4804
2806305,Santa Luzia do Itanhy,SANTA LUZIA DO ITANHY,SE,-11.3536,-37.4586
2806404,Santana do São Francisco,SANTANA DO SAO FRANCISCO,SE,-10.2922,-36.6105
2806503,Santa Rosa de Lima,SANTA ROSA DE LIMA,SE,-10.6434,-37.1931
2806602,Santo Amaro das Brotas,SANTO AMARO DAS BROTAS,SE,-10.7892,-37.0564
2806701,São Cristóvão,SAO CRISTOVAO,SE,-11.0084,-37.2044
2806800,São Domingos,SAO DOMINGOS,SE,-10.7916,-37.5685
2806909,São Francisco,SAO FRANCISCO,SE,-10.3442,-36.8869
2807006,São Miguel do Aleixo,SAO MIGUEL DO ALEIXO,SE,-10.3847,-37.3836
2807105,Simão Dias,SIMAO DIAS,SE,-10.7387,-37.8097
2807204,Siriri,SIRIRI,SE,-10.5965,-37.1131
2807303,Telha,TELHA,SE,-10.2064,-36.8818
2807402,Tobias Barreto,TOBIAS BARRETO,SE,-11.1798,-37.9995
2807501,Tomar do Geru,TOMAR DO GERU,SE,-11.3694,-37.8433
2807600,Umbaúba,UMBAUBA,SE,-11.3809,-37.6623
2900108,Abaíra,ABAIRA,BA,-13.2488,-41.6619
2900207,Abaré,ABARE,BA,-8.72073,-39.1162
2900306,Acajutiba,ACAJUTIBA,BA,-11.6575,-38.0197
2900355,Adustina,ADUSTINA,BA,-10.5437,-38.1113
2900405,Água Fria,AGUA FRIA,BA,-11.8618,-38.7639
2900504,Érico Cardoso,ERICO CARDOSO,BA,-13.4215,-42.1352
2900603,Aiquara,AIQUARA,BA,-14.1269,-39.8937
2900702,Alagoinhas,ALAGOINHAS,BA,-12.1335,-38.4208
2900801,Alcobaça,ALCOBACA,BA,-17.5195,-39.2036
2900900,Almadina,ALMADINA,BA,-14.7089,-39.6415
2901007,Amargosa,AMARGOSA,BA,-13.0215,-39.602
2901106,Amélia Rodrigues,AMELIA RODRIGUES,BA,-12.3914,-38.7563
2901155,América Dourada,AMERICA DOURADA,BA,-11.4429,-41.439
2901205,Anagé,ANAGE,BA,-14.6151,-41.1356
2901304,Andaraí,ANDARAI,BA,-12.8049,-41.3297
2901353,Andorinha,ANDORINHA,BA,-10.3482,-39.8391
2901403,Angical,ANGICAL,BA,-12.0063,-44.7003
2901502,Anguera,ANGUERA,BA,-12.1462,-39.2462
2901601,Antas,ANTAS,BA,-10.3856,-38.3401
2901700,Antônio Cardoso,ANTONIO CARDOSO,BA,-12.4335,-39.1176
2901809,Antônio Gonçalves,ANTONIO GONCALVES,BA,-10.5767,-40.2785
2901908,Aporá,APORA,BA,-11.6577,-38.0814
2901957,Apuarema,APUAREMA,BA,-13.8542,-39.7501
2902005,Aracatu,ARACATU,BA,-14.428,-41.4648
2902054,Araças,ARACAS,BA,-12.22,-38.2027
2902104,Araci,ARACI,BA,-11.3253,-38.9584
2902203,Aramari,ARAMARI,BA,-12.0884,-38.4969
2902252,Arataca,ARATACA,BA,-15.2651,-39.419
2902302,Aratuípe,ARATUIPE,BA,-13.0716,-39.0038
2902401,Aurelino Leal,AURELINO LEAL,BA,-14.321,-39.329
2902500,Baianópolis,BAIANOPOLIS,BA,-12.3016,-44.5388
2902609,Baixa Grande,BAIXA GRANDE,BA,-11.9519,-40.169
2902658,Banzaê,BANZAE,BA,-10.5788,-38.6212
2902708,Barra,BARRA,BA,-11.0859,-43.1459
2902807,Barra da Estiva,BARRA DA ESTIVA,BA,-13.6237,-41.3347
2902906,Barra do Choça,BARRA DO CHOCA,BA,-14.8654,-40.5791
2903003,Barra do Mendes,BARRA DO MENDES,BA,-11.81,-42.059
2903102,Barra do Rocha,BARRA DO ROCHA,BA,-14.2,-39.5991
2903201,Barreiras,BARREIRAS,BA,-12.1439,-44.9968
2903235,Barro Alto,BARRO ALTO,BA,-11.7605,-41.9054
2903276,Barrocas,BARROCAS,BA,-11.5272,-39.0776
2903300,Barro Preto,BARRO PRETO,BA,-14.7948,-39.476
2903409,Belmonte,BELMONTE,BA,-15.8608,-38.8758
2903508,Belo Campo,BELO CAMPO,BA,-15.0334,-41.2652
2903607,Biritinga,BIRITINGA,BA,-11.6072,-38.8051
2903706,Boa Nova,BOA NOVA,BA,-14.3598,-40.2064
2903805,Boa Vista do Tupim,BOA VISTA DO TUPIM,BA,-12.6498,-40.6064
2903904,Bom Jesus da Lapa,BOM JESUS DA LAPA,BA,-13.2506,-43.4108
2903953,Bom Jesus da Serra,BOM JESUS DA SERRA,BA,-14.3663,-40.5126
2904001,Boninal,BONINAL,BA,-12.7069,-41.8286
2904050,Bonito,BONITO,BA,-11.9668,-41.2647
2904100,Boquira,BOQUIRA,BA,-12.8205,-42.7324
2904209,Botuporã,BOTUPORA,BA,-13.3772,-42.5163
2904308,Brejões,BREJOES,BA,-13.1039,-39.7988
2904407,Brejolândia,BREJOLANDIA,BA,-12.4815,-43.9679
2904506,Brotas de Macaúbas,BROTAS DE MACAUBAS,BA,-11.9915,-42.6326
2904605,Brumado,BRUMADO,BA,-14.2021,-41.6696
2904704,Buerarema,BUERAREMA,BA,-14.9595,-39.3028
2904753,Buritirama,BURITIRAMA,BA,-10.7171,-43.6302
2904803,Caatiba,CAATIBA,BA,-14.9699,-40.4092
2904852,Cabaceiras do Paraguaçu,CABACEIRAS DO PARAGUACU,BA,-12.5317,-39.1902
2904902,Cachoeira,CACHOEIRA,BA,-12.5994,-38.9587
2905008,Caculé,CACULE,BA,-14.5003,-42.2229
2905107,Caém,CAEM,BA,-11.0677,-40.432
2905156,Caetanos,CAETANOS,BA,-14.3347,-40.9175
2905206,Caetité,CAETITE,BA,-14.0684,-42.4861
2905305,Cafarnaum,CAFARNAUM,BA,-11.6914,-41.4688
2905404,Cairu,CAIRU,BA,-13.4904,-39.0465
2905503,Caldeirão Grande,CALDEIRAO GRANDE,BA,-11.0208,-40.2956
2905602,Camacan,CAMACAN,BA,-15.4142,-39.4919
2905701,Camaçari,CAMACARI,BA,-12.6996,-38.3263
2905800,Camamu,CAMAMU,BA,-13.9398,-39.1071
2905909,Campo Alegre de Lourdes,CAMPO ALEGRE DE LOURDES,BA,-9.52221,-43.0126
2906006,Campo Formoso,CAMPO FORMOSO,BA,-10.5105,-40.32
2906105,Canápolis,CANAPOLIS,BA,-13.0725,-44.201
2906204,Canarana,CANARANA,BA,-11.6858,-41.7677
2906303,Canavieiras,CANAVIEIRAS,BA,-15.6722,-38.9536
2906402,Candeal,CANDEAL,BA,-11.8049,-39.1203
2906501,Candeias,CANDEIAS,BA,-12.6716,-38.5472
2906600,Candiba,CANDIBA,BA,-14.4097,-42.8667
2906709,Cândido Sales,CANDIDO SALES,BA,-15.4993,-41.2414
2906808,Cansanção,CANSANCAO,BA,-10.6647,-39.4944
2906824,Canudos,CANUDOS,BA,-9.90014,-39.1471
2906857,Capela do Alto Alegre,CAPELA DO ALTO ALEGRE,BA,-11.6658,-39.8349
2906873,Capim Grosso,CAPIM GROSSO,BA,-11.3797,-40.0089
2906899,Caraíbas,CARAIBAS,BA,-14.7177,-41.2603
2906907,Caravelas,CARAVELAS,BA,-17.7268,-39.2597
2907004,Cardeal da Silva,CARDEAL DA SILVA,BA,-11.9472,-37.9469
2907103,Carinhanha,CARINHANHA,BA,-14.2985,-43.7724
2907202,Casa Nova,CASA NOVA,BA,-9.16408,-40.974
2907301,Castro Alves,CASTRO ALVES,BA,-12.7579,-39.4248
2907400,Catolândia,CATOLANDIA,BA,-12.31,-44.8648
2907509,Catu,CATU,BA,-12.3513,-38.3791
2907558,Caturama,CATURAMA,BA,-13.3239,-42.2904
2907608,Central,CENTRAL,BA,-11.1376,-42.1116
2907707,Chorrochó,CHORROCHO,BA,-8.9695,-39.0979
2907806,Cícero Dantas,CICERO DANTAS,BA,-10.5897,-38.3794
2907905,Cipó,CIPO,BA,-11.1032,-38.5179
2908002,Coaraci,COARACI,BA,-14.637,-39.5556
2908101,Cocos,COCOS,BA,-14.1814,-44.5352
2908200,Conceição da Feira,CONCEICAO DA FEIRA,BA,-12.5078,-38.9978
2908309,Conceição do Almeida,CONCEICAO DO ALMEIDA,BA,-12.7836,-39.1715
2908408,Conceição do Coité,CONCEICAO DO COITE,BA,-11.56,-39.2808
2908507,Conceição do Jacuípe,CONCEICAO DO JACUIPE,BA,-12.3268,-38.7684
2908606,Conde,CONDE,BA,-11.8179,-37.6131
2908705,Condeúba,CONDEUBA,BA,-14.9022,-41.9718
2908804,Contendas do Sincorá,CONTENDAS DO SINCORA,BA,-13.7537,-41.048
2908903,Coração de Maria,CORACAO DE MARIA,BA,-12.2333,-38.7487
2909000,Cordeiros,CORDEIROS,BA,-15.0356,-41.9308
2909109,Coribe,CORIBE,BA,-13.8232,-44.4586
2909208,Coronel João Sá,CORONEL JOAO SA,BA,-10.2847,-37.9198
2909307,Correntina,CORRENTINA,BA,-13.3477,-44.6333
2909406,Cotegipe,COTEGIPE,BA,-12.0228,-44.2566
2909505,Cravolândia,CRAVOLANDIA,BA,-13.3531,-39.8031
2909604,Crisópolis,CRISOPOLIS,BA,-11.5059,-38.1515
2909703,Cristópolis,CRISTOPOLIS,BA,-12.2249,-44.4214
2909802,Cruz das Almas,CRUZ DAS ALMAS,BA,-12.6675,-39.1008
2909901,Curaçá,CURACA,BA,-8.98458,-39.8997
2910008,Dário Meira,DARIO MEIRA,BA,-14.4229,-39.9031
2910057,Dias d'Ávila,DIAS D AVILA,BA,-12.6187,-38.2926
2910107,Dom Basílio,DOM BASILIO,BA,-13.7565,-41.7677
2910206,Dom Macedo Costa,DOM MACEDO COSTA,BA,-12.9016,-39.1923
2910305,Elísio Medrado,ELISIO MEDRADO,BA,-12.9417,-39.5191
2910404,Encruzilhada,ENCRUZILHADA,BA,-15.5302,-40.9124
2910503,Entre Rios,ENTRE RIOS,BA,-11.9392,-38.0871
2910602,Esplanada,ESPLANADA,BA,-11.7942,-37.9432
2910701,Euclides da Cunha,EUCLIDES DA CUNHA,BA,-10.5078,-39.0153
2910727,Eunápolis,EUNAPOLIS,BA,-16.3715,-39.5821
2910750,Fátima,FATIMA,BA,-10.616,-38.2239
2910776,Feira da Mata,FEIRA DA MATA,BA,-14.2044,-44.2744
2910800,Feira de Santana,FEIRA DE SANTANA,BA,-12.2664,-38.9663
2910859,Filadélfia,FILADELFIA,BA,-10.7405,-40.1437
2910909,Firmino Alves,FIRMINO ALVES,BA,-14.9823,-39.9269
2911006,Floresta Azul,FLORESTA AZUL,BA,-14.8629,-39.6579
2911105,Formosa do Rio Preto,FORMOSA DO RIO PRETO,BA,-11.0328,-45.193
2911204,Gandu,GANDU,BA,-13.7441,-39.4747
2911253,Gavião,GAVIAO,BA,-11.4688,-39.7757
2911303,Gentio do Ouro,GENTIO DO OURO,BA,-11.4342,-42.5077
2911402,Glória,GLORIA,BA,-9.34382,-38.2544
2911501,Gongogi,GONGOGI,BA,-14.3195,-39.469
2911600,Governador Mangabeira,GOVERNADOR MANGABEIRA,BA,-12.5994,-39.0412
2911659,Guajeru,GUAJERU,BA,-14.5467,-41.9381
2911709,Guanambi,GUANAMBI,BA,-14.2231,-42.7799
2911808,Guaratinga,GUARATINGA,BA,-16.5833,-39.7847
2911857,Heliópolis,HELIOPOLIS,BA,-10.6825,-38.2907
2911907,Iaçu,IACU,BA,-12.7666,-40.2056
2912004,Ibiassucê,IBIASSUCE,BA,-14.2711,-42.257
2912103,Ibicaraí,IBICARAI,BA,-14.8579,-39.5914
2912202,Ibicoara,IBICOARA,BA,-13.4059,-41.284
2912301,Ibicuí,IBICUI,BA,-14.845,-39.9879
2912400,Ibipeba,IBIPEBA,BA,-11.6438,-42.0195
2912509,Ibipitanga,IBIPITANGA,BA,-12.8804,-42.4856
2912608,Ibiquera,IBIQUERA,BA,-12.6444,-40.9338
2912707,Ibirapitanga,IBIRAPITANGA,BA,-14.1649,-39.3787
2912806,Ibirapuã,IBIRAPUA,BA,-17.6832,-40.1129
2912905,Ibirataia,IBIRATAIA,BA,-14.0643,-39.6459
2913002,Ibitiara,IBITIARA,BA,-12.6502,-42.2179
2913101,Ibititá,IBITITA,BA,-11.5414,-41.9748
2913200,Ibotirama,IBOTIRAMA,BA,-12.1779,-43.2167
2913309,Ichu,ICHU,BA,-11.7431,-39.1905
2913408,Igaporã,IGAPORA,BA,-13.774,-42.7155
2913457,Igrapiúna,IGRAPIUNA,BA,-13.8295,-39.1361
2913507,Iguaí,IGUAI,BA,-14.7528,-40.0894
2913606,Ilhéus,ILHEUS,BA,-14.793,-39.046
2913705,Inhambupe,INHAMBUPE,BA,-11.781,-38.355
2913804,Ipecaetá,IPECAETA,BA,-12.3028,-39.3069
2913903,Ipiaú,IPIAU,BA,-14.1226,-39.7353
2914000,Ipirá,IPIRA,BA,-12.1561,-39.7359
2914109,Ipupiara,IPUPIARA,BA,-11.8219,-42.6179
2914208,Irajuba,IRAJUBA,BA,-13.2563,-40.0848
2914307,Iramaia,IRAMAIA,BA,-13.2902,-40.9595
2914406,Iraquara,IRAQUARA,BA,-12.2429,-41.6155
2914505,Irará,IRARA,BA,-12.0504,-38.7631
2914604,Irecê,IRECE,BA,-11.3033,-41.8535
2914653,Itabela,ITABELA,BA,-16.5732,-39.5593
2914703,Itaberaba,ITABERABA,BA,-12.5242,-40.3059
2914802,Itabuna,ITABUNA,BA,-14.7876,-39.2781
2914901,Itacaré,ITACARE,BA,-14.2784,-38.9959
2915007,Itaeté,ITAETE,BA,-12.9831,-40.9677
2915106,Itagi,ITAGI,BA,-14.1615,-40.0131
2915205,Itagibá,ITAGIBA,BA,-14.2782,-39.8449
2915304,Itagimirim,ITAGIMIRIM,BA,-16.0819,-39.6133
2915353,Itaguaçu da Bahia,ITAGUACU DA BAHIA,BA,-11.0147,-42.3997
2915403,Itaju do Colônia,ITAJU DO COLONIA,BA,-15.1366,-39.7283
2915502,Itajuípe,ITAJUIPE,BA,-14.6788,-39.3698
2915601,Itamaraju,ITAMARAJU,BA,-17.0378,-39.5386
2915700,Itamari,ITAMARI,BA,-13.7782,-39.683
2915809,Itambé,ITAMBE,BA,-15.2429,-40.63
2915908,Itanagra,ITANAGRA,BA,-12.2614,-38.0436
2916005,Itanhém,ITANHEM,BA,-17.1642,-40.3321
2916104,Itaparica,ITAPARICA,BA,-12.8932,-38.68
2916203,Itapé,ITAPE,BA,-14.8876,-39.4239
2916302,Itapebi,ITAPEBI,BA,-15.9551,-39.5329
2916401,Itapetinga,ITAPETINGA,BA,-15.2475,-40.2482
2916500,Itapicuru,ITAPICURU,BA,-11.3088,-38.2262
2916609,Itapitanga,ITAPITANGA,BA,-14.4139,-39.5657
2916708,Itaquara,ITAQUARA,BA,-13.4459,-39.9378
2916807,Itarantim,ITARANTIM,BA,-15.6528,-40.065
2916856,Itatim,ITATIM,BA,-12.7099,-39.6952
2916906,Itiruçu,ITIRUCU,BA,-13.529,-40.1472
2917003,Itiúba,ITIUBA,BA,-10.6948,-39.8446
2917102,Itororó,ITORORO,BA,-15.11,-40.0684
2917201,Ituaçu,ITUACU,BA,-13.8107,-41.3003
2917300,Ituberá,ITUBERA,BA,-13.7249,-39.1481
2917334,Iuiú,IUIU,BA,-14.4054,-43.5595
2917359,Jaborandi,JABORANDI,BA,-13.6071,-44.4255
2917409,Jacaraci,JACARACI,BA,-14.8541,-42.4329
2917508,Jacobina,JACOBINA,BA,-11.1812,-40.5117
2917607,Jaguaquara,JAGUAQUARA,BA,-13.5248,-39.964
2917706,Jaguarari,JAGUARARI,BA,-10.2569,-40.1999
2917805,Jaguaripe,JAGUARIPE,BA,-13.1109,-38.8939
2917904,Jandaíra,JANDAIRA,BA,-11.5616,-37.7853
2918001,Jequié,JEQUIE,BA,-13.8509,-40.0877
2918100,Jeremoabo,JEREMOABO,BA,-10.0685,-38.3471
2918209,Jiquiriçá,JIQUIRICA,BA,-13.2621,-39.5737
2918308,Jitaúna,JITAUNA,BA,-14.0131,-39.8969
2918357,João Dourado,JOAO DOURADO,BA,-11.3486,-41.6548
2918407,Juazeiro,JUAZEIRO,BA,-9.41622,-40.5033
2918456,Jucuruçu,JUCURUCU,BA,-16.8488,-40.1641
2918506,Jussara,JUSSARA,BA,-11.0431,-41.9702
2918555,Jussari,JUSSARI,BA,-15.192,-39.491
2918605,Jussiape,JUSSIAPE,BA,-13.5155,-41.5882
2918704,Lafaiete Coutinho,LAFAIETE COUTINHO,BA,-13.6541,-40.2119
2918753,Lagoa Real,LAGOA REAL,BA,-14.0334,-42.1328
2918803,Laje,LAJE,BA,-13.1673,-39.4213
2918902,Lajedão,LAJEDAO,BA,-17.6056,-40.3383
2919009,Lajedinho,LAJEDINHO,BA,-12.3529,-40.9048
2919058,Lajedo do Tabocal,LAJEDO DO TABOCAL,BA,-13.4663,-40.2204
2919108,Lamarão,LAMARAO,BA,-11.773,-38.887
2919157,Lapão,LAPAO,BA,-11.3851,-41.8286
2919207,Lauro de Freitas,LAURO DE FREITAS,BA,-12.8978,-38.321
2919306,Lençóis,LENCOIS,BA,-12.5616,-41.3928
2919405,Licínio de Almeida,LICINIO DE ALMEIDA,BA,-14.6842,-42.5095
2919504,Livramento de Nossa Senhora,LIVRAMENTO DE NOSSA SENHORA,BA,-13.6369,-41.8432
2919553,Luís Eduardo Magalhães,LUIS EDUARDO MAGALHAES,BA,-12.0956,-45.7866
2919603,Macajuba,MACAJUBA,BA,-12.1326,-40.3571
2919702,Macarani,MACARANI,BA,-15.5646,-40.4209
2919801,Macaúbas,MACAUBAS,BA,-13.0186,-42.6945
2919900,Macururé,MACURURE,BA,-9.16226,-39.0518
2919926,Madre de Deus,MADRE DE DEUS,BA,-12.7446,-38.6153
2919959,Maetinga,MAETINGA,BA,-14.6623,-41.4915
2920007,Maiquinique,MAIQUINIQUE,BA,-15.624,-40.2587
2920106,Mairi,MAIRI,BA,-11.7107,-40.1437
2920205,Malhada,MALHADA,BA,-14.3371,-43.7686
2920304,Malhada de Pedras,MALHADA DE PEDRAS,BA,-14.3847,-41.8842
2920403,Manoel Vitorino,MANOEL VITORINO,BA,-14.1476,-40.2399
2920452,Mansidão,MANSIDAO,BA,-10.7227,-44.0428
2920502,Maracás,MARACAS,BA,-13.4355,-40.4323
2920601,Maragogipe,MARAGOGIPE,BA,-12.776,-38.9175
2920700,Maraú,MARAU,BA,-14.1035,-39.0137
2920809,Marcionílio Souza,MARCIONILIO SOUZA,BA,-13.0064,-40.5295
2920908,Mascote,MASCOTE,BA,-15.5542,-39.3016
2921005,Mata de São João,MATA DE SAO JOAO,BA,-12.5307,-38.3009
2921054,Matina,MATINA,BA,-13.9109,-42.8439
2921104,Medeiros Neto,MEDEIROS NETO,BA,-17.3707,-40.2238
2921203,Miguel Calmon,MIGUEL CALMON,BA,-11.4299,-40.6031
2921302,Milagres,MILAGRES,BA,-12.8646,-39.8611
2921401,Mirangaba,MIRANGABA,BA,-10.961,-40.574
2921450,Mirante,MIRANTE,BA,-14.2385,-40.7718
2921500,Monte Santo,MONTE SANTO,BA,-10.4374,-39.3321
2921609,Morpará,MORPARA,BA,-11.5569,-43.2766
2921708,Morro do Chapéu,MORRO DO CHAPEU,BA,-11.5488,-41.1565
2921807,Mortugaba,MORTUGABA,BA,-15.0225,-42.3727
2921906,Mucugê,MUCUGE,BA,-13.0053,-41.3703
2922003,Mucuri,MUCURI,BA,-18.0754,-39.5565
2922052,Mulungu do Morro,MULUNGU DO MORRO,BA,-11.9648,-41.6374
2922102,Mundo Novo,MUNDO NOVO,BA,-11.8541,-40.4714
2922201,Muniz Ferreira,MUNIZ FERREIRA,BA,-13.0092,-39.1092
2922250,Muquém de São Francisco,MUQUEM DE SAO FRANCISCO,BA,-12.065,-43.5497
2922300,Muritiba,MURITIBA,BA,-12.6329,-38.9921
2922409,Mutuípe,MUTUIPE,BA,-13.2284,-39.5044
2922508,Nazaré,NAZARE,BA,-13.0235,-39.0108
2922607,Nilo Peçanha,NILO PECANHA,BA,-13.604,-39.1091
2922656,Nordestina,NORDESTINA,BA,-10.8192,-39.4297
2922706,Nova Canaã,NOVA CANAA,BA,-14.7912,-40.1458
2922730,Nova Fátima,NOVA FATIMA,BA,-11.6031,-39.6302
2922755,Nova Ibiá,NOVA IBIA,BA,-13.812,-39.6182
2922805,Nova Itarana,NOVA ITARANA,BA,-13.0241,-40.0653
2922854,Nova Redenção,NOVA REDENCAO,BA,-12.815,-41.0748
2922904,Nova Soure,NOVA SOURE,BA,-11.2329,-38.4871
2923001,Nova Viçosa,NOVA VICOSA,BA,-17.8926,-39.3743
2923035,Novo Horizonte,NOVO HORIZONTE,BA,-12.8083,-42.1682
2923050,Novo Triunfo,NOVO TRIUNFO,BA,-10.3182,-38.4014
2923100,Olindina,OLINDINA,BA,-11.3497,-38.3379
2923209,Oliveira dos Brejinhos,OLIVEIRA DOS BREJINHOS,BA,-12.3132,-42.8969
2923308,Ouriçangas,OURICANGAS,BA,-12.0175,-38.6166
2923357,Ourolândia,OUROLANDIA,BA,-10.9578,-41.0756
2923407,Palmas de Monte Alto,PALMAS DE MONTE ALTO,BA,-14.2676,-43.1609
2923506,Palmeiras,PALMEIRAS,BA,-12.5059,-41.5809
2923605,Paramirim,PARAMIRIM,BA,-13.4388,-42.2395
2923704,Paratinga,PARATINGA,BA,-12.687,-43.1798
2923803,Paripiranga,PARIPIRANGA,BA,-10.6859,-37.8626
2923902,Pau Brasil,PAU BRASIL,BA,-15.4572,-39.6458
2924009,Paulo Afonso,PAULO AFONSO,BA,-9.3983,-38.2216
2924058,Pé de Serra,PE DE SERRA,BA,-11.8313,-39.611
2924108,Pedrão,PEDRAO,BA,-12.1491,-38.6487
2924207,Pedro Alexandre,PEDRO ALEXANDRE,BA,-10.012,-37.8932
2924306,Piatã,PIATA,BA,-13.1465,-41.7702
2924405,Pilão Arcado,PILAO ARCADO,BA,-10.0051,-42.4936
2924504,Pindaí,PINDAI,BA,-14.4921,-42.686
2924603,Pindobaçu,PINDOBACU,BA,-10.7433,-40.3675
2924652,Pintadas,PINTADAS,BA,-11.8117,-39.9009
2924678,Piraí do Norte,PIRAI DO NORTE,BA,-13.759,-39.3836
2924702,Piripá,PIRIPA,BA,-14.9444,-41.7168
2924801,Piritiba,PIRITIBA,BA,-11.73,-40.5587
2924900,Planaltino,PLANALTINO,BA,-13.2618,-40.3695
2925006,Planalto,PLANALTO,BA,-14.6654,-40.4718
2925105,Poções,POCOES,BA,-14.5234,-40.3634
2925204,Pojuca,POJUCA,BA,-12.4303,-38.3374
2925253,Ponto Novo,PONTO NOVO,BA,-10.8653,-40.1311
2925303,Porto Seguro,PORTO SEGURO,BA,-16.4435,-39.0643
2925402,Potiraguá,POTIRAGUA,BA,-15.5943,-39.8638
2925501,Prado,PRADO,BA,-17.3364,-39.2227
2925600,Presidente Dutra,PRESIDENTE DUTRA,BA,-11.2923,-41.9843
2925709,Presidente Jânio Quadros,PRESIDENTE JANIO QUADROS,BA,-14.6885,-41.6798
2925758,Presidente Tancredo Neves,PRESIDENTE TANCREDO NEVES,BA,-13.4471,-39.4203
2925808,Queimadas,QUEIMADAS,BA,-10.9736,-39.6293
2925907,Quijingue,QUIJINGUE,BA,-10.7505,-39.2137
2925931,Quixabeira,QUIXABEIRA,BA,-11.4031,-40.12
2925956,Rafael Jambeiro,RAFAEL JAMBEIRO,BA,-12.4053,-39.5007
2926004,Remanso,REMANSO,BA,-9.61944,-42.0848
2926103,Retirolândia,RETIROLANDIA,BA,-11.4832,-39.4234
2926202,Riachão das Neves,RIACHAO DAS NEVES,BA,-11.7508,-44.9143
2926301,Riachão do Jacuípe,RIACHAO DO JACUIPE,BA,-11.8067,-39.3818
2926400,Riacho de Santana,RIACHO DE SANTANA,BA,-13.6059,-42.9397
2926509,Ribeira do Amparo,RIBEIRA DO AMPARO,BA,-11.0421,-38.4242
2926608,Ribeira do Pombal,RIBEIRA DO POMBAL,BA,-10.8373,-38.5382
2926657,Ribeirão do Largo,RIBEIRAO DO LARGO,BA,-15.4508,-40.7441
2926707,Rio de Contas,RIO DE CONTAS,BA,-13.5852,-41.8048
2926806,Rio do Antônio,RIO DO ANTONIO,BA,-14.4071,-42.0721
2926905,Rio do Pires,RIO DO PIRES,BA,-13.1185,-42.2902
2927002,Rio Real,RIO REAL,BA,-11.4814,-37.9332
2927101,Rodelas,RODELAS,BA,-8.85021,-38.78
2927200,Ruy Barbosa,RUY BARBOSA,BA,-12.2816,-40.4931
2927309,Salinas da Margarida,SALINAS DA MARGARIDA,BA,-12.873,-38.7562
2927408,Salvador,SALVADOR,BA,-12.9718,-38.5011
2927507,Santa Bárbara,SANTA BARBARA,BA,-11.9515,-38.9681
2927606,Santa Brígida,SANTA BRIGIDA,BA,-9.73227,-38.1209
2927705,Santa Cruz Cabrália,SANTA CRUZ CABRALIA,BA,-16.2825,-39.0295
2927804,Santa Cruz da Vitória,SANTA CRUZ DA VITORIA,BA,-14.964,-39.8115
2927903,Santa Inês,SANTA INES,BA,-13.2793,-39.814
2928000,Santaluz,SANTALUZ,BA,-11.2508,-39.375
2928059,Santa Luzia,SANTA LUZIA,BA,-15.4342,-39.3287
2928109,Santa Maria da Vitória,SANTA MARIA DA VITORIA,BA,-13.3859,-44.2011
2928208,Santana,SANTANA,BA,-12.9792,-44.0506
2928307,Santanópolis,SANTANOPOLIS,BA,-12.0311,-38.8694
2928406,Santa Rita de Cássia,SANTA RITA DE CASSIA,BA,-11.0063,-44.5255
2928505,Santa Teresinha,SANTA TERESINHA,BA,-12.7697,-39.5215
2928604,Santo Amaro,SANTO AMARO,BA,-12.5472,-38.7137
2928703,Santo Antônio de Jesus,SANTO ANTONIO DE JESUS,BA,-12.9614,-39.2584
2928802,Santo Estêvão,SANTO ESTEVAO,BA,-12.428,-39.2505
2928901,São Desidério,SAO DESIDERIO,BA,-12.3572,-44.9769
2928950,São Domingos,SAO DOMINGOS,BA,-11.4649,-39.5268
2929008,São Félix,SAO FELIX,BA,-12.6104,-38.9727
2929057,São Félix do Coribe,SAO FELIX DO CORIBE,BA,-13.4019,-44.1837
2929107,São Felipe,SAO FELIPE,BA,-12.8394,-39.0893
2929206,São Francisco do Conde,SAO FRANCISCO DO CONDE,BA,-12.6183,-38.6786
2929255,São Gabriel,SAO GABRIEL,BA,-11.2175,-41.8843
2929305,São Gonçalo dos Campos,SAO GONCALO DOS CAMPOS,BA,-12.4331,-38.9663
2929354,São José da Vitória,SAO JOSE DA VITORIA,BA,-15.0787,-39.3437
2929370,São José do Jacuípe,SAO JOSE DO JACUIPE,BA,-11.4137,-39.8669
2929404,São Miguel das Matas,SAO MIGUEL DAS MATAS,BA,-13.0434,-39.4578
2929503,São Sebastião do Passé,SAO SEBASTIAO DO PASSE,BA,-12.5123,-38.4905
2929602,Sapeaçu,SAPEACU,BA,-12.7208,-39.1824
2929701,Sátiro Dias,SATIRO DIAS,BA,-11.5929,-38.5938
2929750,Saubara,SAUBARA,BA,-12.7387,-38.7625
2929800,Saúde,SAUDE,BA,-10.9428,-40.4155
2929909,Seabra,SEABRA,BA,-12.4169,-41.7722
2930006,Sebastião Laranjeiras,SEBASTIAO LARANJEIRAS,BA,-14.571,-42.9434
2930105,Senhor do Bonfim,SENHOR DO BONFIM,BA,-10.4594,-40.1865
2930154,Serra do Ramalho,SERRA DO RAMALHO,BA,-13.5659,-43.5929
2930204,Sento Sé,SENTO SE,BA,-9.74138,-41.8786
2930303,Serra Dourada,SERRA DOURADA,BA,-12.759,-43.9504
2930402,Serra Preta,SERRA PRETA,BA,-12.156,-39.3305
2930501,Serrinha,SERRINHA,BA,-11.6584,-39.01
2930600,Serrolândia,SERROLANDIA,BA,-11.4085,-40.2983
2930709,Simões Filho,SIMOES FILHO,BA,-12.7866,-38.4029
2930758,Sítio do Mato,SITIO DO MATO,BA,-13.0801,-43.4689
2930766,Sítio do Quinto,SITIO DO QUINTO,BA,-10.3545,-38.2213
2930774,Sobradinho,SOBRADINHO,BA,-9.45024,-40.8145
2930808,Souto Soares,SOUTO SOARES,BA,-12.088,-41.6427
2930907,Tabocas do Brejo Velho,TABOCAS DO BREJO VELHO,BA,-12.7026,-44.0075
2931004,Tanhaçu,TANHACU,BA,-14.0197,-41.2473
2931053,Tanque Novo,TANQUE NOVO,BA,-13.5485,-42.4934
2931103,Tanquinho,TANQUINHO,BA,-11.968,-39.1033
2931202,Taperoá,TAPEROA,BA,-13.5321,-39.1009
2931301,Tapiramutá,TAPIRAMUTA,BA,-11.8475,-40.7927
2931350,Teixeira de Freitas,TEIXEIRA DE FREITAS,BA,-17.5399,-39.74
2931400,Teodoro Sampaio,TEODORO SAMPAIO,BA,-12.295,-38.6347
2931509,Teofilândia,TEOFILANDIA,BA,-11.4827,-38.9913
2931608,Teolândia,TEOLANDIA,BA,-13.5896,-39.484
2931707,Terra Nova,TERRA NOVA,BA,-12.3888,-38.6238
2931806,Tremedal,TREMEDAL,BA,-14.9736,-41.4142
2931905,Tucano,TUCANO,BA,-10.9584,-38.7894
2932002,Uauá,UAUA,BA,-9.83325,-39.4794
2932101,Ubaíra,UBAIRA,BA,-13.2714,-39.666
2932200,Ubaitaba,UBAITABA,BA,-14.303,-39.3222
2932309,Ubatã,UBATA,BA,-14.2063,-39.5207
2932408,Uibaí,UIBAI,BA,-11.3394,-42.1354
2932457,Umburanas,UMBURANAS,BA,-10.7339,-41.3234
2932507,Una,UNA,BA,-15.2791,-39.0765
2932606,Urandi,URANDI,BA,-14.7678,-42.6498
2932705,Uruçuca,URUCUCA,BA,-14.5963,-39.2851
2932804,Utinga,UTINGA,BA,-12.0783,-41.0954
2932903,Valença,VALENCA,BA,-13.3669,-39.073
2933000,Valente,VALENTE,BA,-11.4062,-39.457
2933059,Várzea da Roça,VARZEA DA ROCA,BA,-11.6005,-40.1328
2933109,Várzea do Poço,VARZEA DO POCO,BA,-11.5273,-40.3149
2933158,Várzea Nova,VARZEA NOVA,BA,-11.2557,-40.9432
2933174,Varzedo,VARZEDO,BA,-12.9672,-39.3919
2933208,Vera Cruz,VERA CRUZ,BA,-12.9568,-38.6153
2933257,Vereda,VEREDA,BA,-17.2183,-40.0974
2933307,Vitória da Conquista,VITORIA DA CONQUISTA,BA,-14.8615,-40.8442
2933406,Wagner,WAGNER,BA,-12.2819,-41.1715
2933455,Wanderley,WANDERLEY,BA,-12.1144,-43.8958
2933505,Wenceslau Guimarães,WENCESLAU GUIMARAES,BA,-13.6908,-39.4762
2933604,Xique-Xique,XIQUE XIQUE,BA,-10.823,-42.7245
3100104,Abadia dos Dourados,ABADIA DOS DOURADOS,MG,-18.4831,-47.3916
3100203,Abaeté,ABAETE,MG,-19.1551,-45.4444
3100302,Abre Campo,ABRE CAMPO,MG,-20.2996,-42.4743
3100401,Acaiaca,ACAIACA,MG,-20.359,-43.1439
3100500,Açucena,ACUCENA,MG,-19.0671,-42.5419
3100609,Água Boa,AGUA BOA,MG,-17.9914,-42.3806
3100708,Água Comprida,AGUA COMPRIDA,MG,-20.0576,-48.1069
3100807,Aguanil,AGUANIL,MG,-20.9439,-45.3915
3100906,Águas Formosas,AGUAS FORMOSAS,MG,-17.0802,-40.9384
3101003,Águas Vermelhas,AGUAS VERMELHAS,MG,-15.7431,-41.4571
3101102,Aimorés,AIMORES,MG,-19.5007,-41.0746
3101201,Aiuruoca,AIURUOCA,MG,-21.9736,-44.6042
3101300,Alagoa,ALAGOA,MG,-22.171,-44.6413
3101409,Albertina,ALBERTINA,MG,-22.2018,-46.6139
3101508,Além Paraíba,ALEM PARAIBA,MG,-21.8797,-42.7176
3101607,Alfenas,ALFENAS,MG,-21.4256,-45.9477
3101631,Alfredo Vasconcelos,ALFREDO VASCONCELOS,MG,-21.1535,-43.7718
3101706,Almenara,ALMENARA,MG,-16.1785,-40.6942
3101805,Alpercata,ALPERCATA,MG,-18.974,-41.97
3101904,Alpinópolis,ALPINOPOLIS,MG,-20.8631,-46.3878
3102001,Alterosa,ALTEROSA,MG,-21.2488,-46.1387
3102050,Alto Caparaó,ALTO CAPARAO,MG,-20.431,-41.8738
3102100,Alto Rio Doce,ALTO RIO DOCE,MG,-21.0281,-43.4067
3102209,Alvarenga,ALVARENGA,MG,-19.4174,-41.7317
3102308,Alvinópolis,ALVINOPOLIS,MG,-20.1098,-43.0535
3102407,Alvorada de Minas,ALVORADA DE MINAS,MG,-18.7334,-43.3638
3102506,Amparo do Serra,AMPARO DO SERRA,MG,-20.5051,-42.8009
3102605,Andradas,ANDRADAS,MG,-22.0695,-46.5724
3102704,Cachoeira de Pajeú,CACHOEIRA DE PAJEU,MG,-15.9688,-41.4948
3102803,Andrelândia,ANDRELANDIA,MG,-21.7411,-44.3117
3102852,Angelândia,ANGELANDIA,MG,-17.7279,-42.2641
3102902,Antônio Carlos,ANTONIO CARLOS,MG,-21.321,-43.7451
3103009,Antônio Dias,ANTONIO DIAS,MG,-19.6491,-42.8732
3103108,Antônio Prado de Minas,ANTONIO PRADO DE MINAS,MG,-21.0192,-42.1109
3103207,Araçaí,ARACAI,MG,-19.1955,-44.2493
3103306,Aracitaba,ARACITABA,MG,-21.3446,-43.3736
3103405,Araçuaí,ARACUAI,MG,-16.8523,-42.0637
3103504,Araguari,ARAGUARI,MG,-18.6456,-48.1934
3103603,Arantina,ARANTINA,MG,-21.9102,-44.2555
3103702,Araponga,ARAPONGA,MG,-20.6686,-42.5178
3103751,Araporã,ARAPORA,MG,-18.4357,-49.1847
3103801,Arapuá,ARAPUA,MG,-19.0268,-46.1484
3103900,Araújos,ARAUJOS,MG,-19.9405,-45.1671
3104007,Araxá,ARAXA,MG,-19.5902,-46.9438
3104106,Arceburgo,ARCEBURGO,MG,-21.359,-46.9401
3104205,Arcos,ARCOS,MG,-20.2863,-45.5373
3104304,Areado,AREADO,MG,-21.3572,-46.1421
3104403,Argirita,ARGIRITA,MG,-21.6083,-42.8292
3104452,Aricanduva,ARICANDUVA,MG,-17.8666,-42.5533
3104502,Arinos,ARINOS,MG,-15.9187,-46.1043
3104601,Astolfo Dutra,ASTOLFO DUTRA,MG,-21.3184,-42.8572
3104700,Ataléia,ATALEIA,MG,-18.0438,-41.1149
3104809,Augusto de Lima,AUGUSTO DE LIMA,MG,-18.0997,-44.2655
3104908,Baependi,BAEPENDI,MG,-21.957,-44.8874
3105004,Baldim,BALDIM,MG,-19.2832,-43.9613
3105103,Bambuí,BAMBUI,MG,-20.0166,-45.9754
3105202,Bandeira,BANDEIRA,MG,-15.8783,-40.5622
3105301,Bandeira do Sul,BANDEIRA DO SUL,MG,-21.7308,-46.3833
3105400,Barão de Cocais,BARAO DE COCAIS,MG,-19.9389,-43.4755
3105509,Barão de Monte Alto,BARAO DE MONTE ALTO,MG,-21.2444,-42.2372
3105608,Barbacena,BARBACENA,MG,-21.2214,-43.7703
3105707,Barra Longa,BARRA LONGA,MG,-20.2869,-43.0402
3105905,Barroso,BARROSO,MG,-21.1907,-43.972
3106002,Bela Vista de Minas,BELA VISTA DE MINAS,MG,-19.8302,-43.0922
3106101,Belmiro Braga,BELMIRO BRAGA,MG,-21.944,-43.4084
3106200,Belo Horizonte,BELO HORIZONTE,MG,-19.9102,-43.9266
3106309,Belo Oriente,BELO ORIENTE,MG,-19.2199,-42.4828
3106408,Belo Vale,BELO VALE,MG,-20.4077,-44.0275
3106507,Berilo,BERILO,MG,-16.9567,-42.4606
3106606,Bertópolis,BERTOPOLIS,MG,-17.059,-40.58
3106655,Berizal,BERIZAL,MG,-15.61,-41.7432
3106705,Betim,BETIM,MG,-19.9668,-44.2008
3106804,Bias Fortes,BIAS FORTES,MG,-21.602,-43.7574
3106903,Bicas,BICAS,MG,-21.7232,-43.056
3107000,Biquinhas,BIQUINHAS,MG,-18.7754,-45.4974
3107109,Boa Esperança,BOA ESPERANCA,MG,-21.0927,-45.5612
3107208,Bocaina de Minas,BOCAINA DE MINAS,MG,-22.1697,-44.3972
3107307,Bocaiúva,BOCAIUVA,MG,-17.1135,-43.8104
3107406,Bom Despacho,BOM DESPACHO,MG,-19.7386,-45.2622
3107505,Bom Jardim de Minas,BOM JARDIM DE MINAS,MG,-21.9479,-44.1885
3107604,Bom Jesus da Penha,BOM JESUS DA PENHA,MG,-21.0148,-46.5174
3107703,Bom Jesus do Amparo,BOM JESUS DO AMPARO,MG,-19.7054,-43.4782
3107802,Bom Jesus do Galho,BOM JESUS DO GALHO,MG,-19.836,-42.3165
3107901,Bom Repouso,BOM REPOUSO,MG,-22.4675,-46.144
3108008,Bom Sucesso,BOM SUCESSO,MG,-21.0329,-44.7537
3108107,Bonfim,BONFIM,MG,-20.3302,-44.2366
3108206,Bonfinópolis de Minas,BONFINOPOLIS DE MINAS,MG,-16.568,-45.9839
3108255,Bonito de Minas,BONITO DE MINAS,MG,-15.3231,-44.7543
3108305,Borda da Mata,BORDA DA MATA,MG,-22.2707,-46.1653
3108404,Botelhos,BOTELHOS,MG,-21.6412,-46.391
3108503,Botumirim,BOTUMIRIM,MG,-16.8657,-43.0086
3108552,Brasilândia de Minas,BRASILANDIA DE MINAS,MG,-16.9999,-46.0081
3108602,Brasília de Minas,BRASILIA DE MINAS,MG,-16.2104,-44.4299
3108701,Brás Pires,BRAS PIRES,MG,-20.8419,-43.2406
3108800,Braúnas,BRAUNAS,MG,-19.0562,-42.7099
3108909,Brazópolis,BRAZOPOLIS,MG,-22.4743,-45.6166
3109006,Brumadinho,BRUMADINHO,MG,-20.151,-44.2007
3109105,Bueno Brandão,BUENO BRANDAO,MG,-22.4383,-46.3491
3109204,Buenópolis,BUENOPOLIS,MG,-17.8744,-44.1775
3109253,Bugre,BUGRE,MG,-19.4231,-42.2552
3109303,Buritis,BURITIS,MG,-15.6218,-46.4221
3109402,Buritizeiro,BURITIZEIRO,MG,-17.3656,-44.9606
3109451,Cabeceira Grande,CABECEIRA GRANDE,MG,-16.0335,-47.0862
3109501,Cabo Verde,CABO VERDE,MG,-21.4699,-46.3919
3109600,Cachoeira da Prata,CACHOEIRA DA PRATA,MG,-19.521,-44.4544
3109709,Cachoeira de Minas,CACHOEIRA DE MINAS,MG,-22.3511,-45.7809
3109808,Cachoeira Dourada,CACHOEIRA DOURADA,MG,-18.5161,-49.5039
3109907,Caetanópolis,CAETANOPOLIS,MG,-19.2971,-44.4189
3110004,Caeté,CAETE,MG,-19.8826,-43.6704
3110103,Caiana,CAIANA,MG,-20.6956,-41.9292
3110202,Cajuri,CAJURI,MG,-20.7903,-42.7925
3110301,Caldas,CALDAS,MG,-21.9183,-46.3843
3110400,Camacho,CAMACHO,MG,-20.6294,-45.1593
3110509,Camanducaia,CAMANDUCAIA,MG,-22.7515,-46.1494
3110608,Cambuí,CAMBUI,MG,-22.6115,-46.0572
3110707,Cambuquira,CAMBUQUIRA,MG,-21.854,-45.2896
3110806,Campanário,CAMPANARIO,MG,-18.2427,-41.7355
3110905,Campanha,CAMPANHA,MG,-21.836,-45.4004
3111002,Campestre,CAMPESTRE,MG,-21.7079,-46.2381
3111101,Campina Verde,CAMPINA VERDE,MG,-19.5382,-49.4862
3111150,Campo Azul,CAMPO AZUL,MG,-16.5028,-44.8096
3111200,Campo Belo,CAMPO BELO,MG,-20.8932,-45.2699
3111309,Campo do Meio,CAMPO DO MEIO,MG,-21.1127,-45.8273
3111408,Campo Florido,CAMPO FLORIDO,MG,-19.7631,-48.5716
3111507,Campos Altos,CAMPOS ALTOS,MG,-19.6914,-46.1725
3111606,Campos Gerais,CAMPOS GERAIS,MG,-21.237,-45.7569
3111705,Canaã,CANAA,MG,-20.6869,-42.6167
3111804,Canápolis,CANAPOLIS,MG,-18.7212,-49.2035
3111903,Cana Verde,CANA VERDE,MG,-21.0232,-45.1801
3112000,Candeias,CANDEIAS,MG,-20.7692,-45.2765
3112059,Cantagalo,CANTAGALO,MG,-18.5248,-42.6223
3112109,Caparaó,CAPARAO,MG,-20.5289,-41.9061
3112208,Capela Nova,CAPELA NOVA,MG,-20.9179,-43.622
3112307,Capelinha,CAPELINHA,MG,-17.6888,-42.5147
3112406,Capetinga,CAPETINGA,MG,-20.6163,-47.0571
3112505,Capim Branco,CAPIM BRANCO,MG,-19.5471,-44.1304
3112604,Capinópolis,CAPINOPOLIS,MG,-18.6862,-49.5706
3112653,Capitão Andrade,CAPITAO ANDRADE,MG,-19.0748,-41.8614
3112703,Capitão Enéas,CAPITAO ENEAS,MG,-16.3265,-43.7084
3112802,Capitólio,CAPITOLIO,MG,-20.6164,-46.0493
3112901,Caputira,CAPUTIRA,MG,-20.1703,-42.2683
3113008,Caraí,CARAI,MG,-17.1862,-41.7004
3113107,Caranaíba,CARANAIBA,MG,-20.8707,-43.7417
3113206,Carandaí,CARANDAI,MG,-20.9566,-43.811
3113305,Carangola,CARANGOLA,MG,-20.7343,-42.0313
3113404,Caratinga,CARATINGA,MG,-19.7868,-42.1292
3113503,Carbonita,CARBONITA,MG,-17.5255,-43.0137
3113602,Careaçu,CAREACU,MG,-22.0424,-45.696
3113701,Carlos Chagas,CARLOS CHAGAS,MG,-17.6973,-40.7723
3113800,Carmésia,CARMESIA,MG,-19.0877,-43.1382
3113909,Carmo da Cachoeira,CARMO DA CACHOEIRA,MG,-21.4633,-45.2201
3114006,Carmo da Mata,CARMO DA MATA,MG,-20.5575,-44.8735
3114105,Carmo de Minas,CARMO DE MINAS,MG,-22.1204,-45.1307
3114204,Carmo do Cajuru,CARMO DO CAJURU,MG,-20.1912,-44.7664
3114303,Carmo do Paranaíba,CARMO DO PARANAIBA,MG,-18.991,-46.3167
3114402,Carmo do Rio Claro,CARMO DO RIO CLARO,MG,-20.9736,-46.1149
3114501,Carmópolis de Minas,CARMOPOLIS DE MINAS,MG,-20.5396,-44.6336
3114550,Carneirinho,CARNEIRINHO,MG,-19.6987,-50.6894
3114600,Carrancas,CARRANCAS,MG,-21.4898,-44.6446
3114709,Carvalhópolis,CARVALHOPOLIS,MG,-21.7735,-45.8421
3114808,Carvalhos,CARVALHOS,MG,-22.0,-44.4632
3114907,Casa Grande,CASA GRANDE,MG,-20.7925,-43.9343
3115003,Cascalho Rico,CASCALHO RICO,MG,-18.5772,-47.8716
3115102,Cássia,CASSIA,MG,-20.5831,-46.9201
3115201,Conceição da Barra de Minas,CONCEICAO DA BARRA DE MINAS,MG,-21.1316,-44.4729
3115300,Cataguases,CATAGUASES,MG,-21.3924,-42.6896
3115359,Catas Altas,CATAS ALTAS,MG,-20.0734,-43.4061
3115409,Catas Altas da Noruega,CATAS ALTAS DA NORUEGA,MG,-20.6901,-43.4939
3115458,Catuji,CATUJI,MG,-17.3018,-41.5276
3115474,Catuti,CATUTI,MG,-15.3616,-42.9627
3115508,Caxambu,CAXAMBU,MG,-21.9753,-44.9319
3115607,Cedro do Abaeté,CEDRO DO ABAETE,MG,-19.1458,-45.712
3115706,Central de Minas,CENTRAL DE MINAS,MG,-18.7612,-41.3143
3115805,Centralina,CENTRALINA,MG,-18.5852,-49.2014
3115904,Chácara,CHACARA,MG,-21.6733,-43.215
3116001,Chalé,CHALE,MG,-20.0453,-41.6897
3116100,Chapada do Norte,CHAPADA DO NORTE,MG,-17.0881,-42.5392
3116159,Chapada Gaúcha,CHAPADA GAUCHA,MG,-15.3014,-45.6116
3116209,Chiador,CHIADOR,MG,-21.9996,-43.0617
3116308,Cipotânea,CIPOTANEA,MG,-20.9026,-43.3629
3116407,Claraval,CLARAVAL,MG,-20.397,-47.2768
3116506,Claro dos Poções,CLARO DOS POCOES,MG,-17.082,-44.2061
3116605,Cláudio,CLAUDIO,MG,-20.4437,-44.7673
3116704,Coimbra,COIMBRA,MG,-20.8535,-42.8008
3116803,Coluna,COLUNA,MG,-18.2311,-42.8352
3116902,Comendador Gomes,COMENDADOR GOMES,MG,-19.6973,-49.0789
3117009,Comercinho,COMERCINHO,MG,-16.2963,-41.7945
3117108,Conceição da Aparecida,CONCEICAO DA APARECIDA,MG,-21.096,-46.2049
3117207,Conceição das Pedras,CONCEICAO DAS PEDRAS,MG,-22.1576,-45.4562
3117306,Conceição das Alagoas,CONCEICAO DAS ALAGOAS,MG,-19.9172,-48.3839
3117405,Conceição de Ipanema,CONCEICAO DE IPANEMA,MG,-19.9326,-41.6908
3117504,Conceição do Mato Dentro,CONCEICAO DO MATO DENTRO,MG,-19.0344,-43.4221
3117603,Conceição do Pará,CONCEICAO DO PARA,MG,-19.7456,-44.8945
3117702,Conceição do Rio Verde,CONCEICAO DO RIO VERDE,MG,-21.8778,-45.087
3117801,Conceição dos Ouros,CONCEICAO DOS OUROS,MG,-22.4078,-45.7996
3117836,Cônego Marinho,CONEGO MARINHO,MG,-15.2892,-44.4181
3117876,Confins,CONFINS,MG,-19.6282,-43.9931
3117900,Congonhal,CONGONHAL,MG,-22.1488,-46.043
3118007,Congonhas,CONGONHAS,MG,-20.4958,-43.851
3118106,Congonhas do Norte,CONGONHAS DO NORTE,MG,-18.8021,-43.6767
3118205,Conquista,CONQUISTA,MG,-19.9312,-47.5492
3118304,Conselheiro Lafaiete,CONSELHEIRO LAFAIETE,MG,-20.6634,-43.7846
3118403,Conselheiro Pena,CONSELHEIRO PENA,MG,-19.1789,-41.4736
3118502,Consolação,CONSOLACAO,MG,-22.5493,-45.9255
3118601,Contagem,CONTAGEM,MG,-19.9321,-44.0539
3118700,Coqueiral,COQUEIRAL,MG,-21.1858,-45.4366
3118809,Coração de Jesus,CORACAO DE JESUS,MG,-16.6841,-44.3635
3118908,Cordisburgo,CORDISBURGO,MG,-19.1224,-44.3224
3119005,Cordislândia,CORDISLANDIA,MG,-21.7891,-45.6999
3119104,Corinto,CORINTO,MG,-18.369,-44.4542
3119203,Coroaci,COROACI,MG,-18.6156,-42.2791
3119302,Coromandel,COROMANDEL,MG,-18.4734,-47.1933
3119401,Coronel Fabriciano,CORONEL FABRICIANO,MG,-19.5179,-42.6276
3119500,Coronel Murta,CORONEL MURTA,MG,-16.6148,-42.184
3119609,Coronel Pacheco,CORONEL PACHECO,MG,-21.5898,-43.256
3119708,Coronel Xavier Chaves,CORONEL XAVIER CHAVES,MG,-21.0277,-44.2206
3119807,Córrego Danta,CORREGO DANTA,MG,-19.8198,-45.9032
3119906,Córrego do Bom Jesus,CORREGO DO BOM JESUS,MG,-22.6269,-46.0241
3119955,Córrego Fundo,CORREGO FUNDO,MG,-20.4474,-45.5617
3120003,Córrego Novo,CORREGO NOVO,MG,-19.8361,-42.3988
3120102,Couto de Magalhães de Minas,COUTO DE MAGALHAES DE MINAS,MG,-18.0727,-43.4648
3120151,Crisólita,CRISOLITA,MG,-17.2381,-40.9184
3120201,Cristais,CRISTAIS,MG,-20.8733,-45.5167
3120300,Cristália,CRISTALIA,MG,-16.716,-42.8571
3120409,Cristiano Otoni,CRISTIANO OTONI,MG,-20.8324,-43.8166
3120508,Cristina,CRISTINA,MG,-22.208,-45.2673
3120607,Crucilândia,CRUCILANDIA,MG,-20.3923,-44.3334
3120706,Cruzeiro da Fortaleza,CRUZEIRO DA FORTALEZA,MG,-18.944,-46.6669
3120805,Cruzília,CRUZILIA,MG,-21.84,-44.8067
3120839,Cuparaque,CUPARAQUE,MG,-18.9648,-41.0986
3120870,Curral de Dentro,CURRAL DE DENTRO,MG,-15.9327,-41.8557
3120904,Curvelo,CURVELO,MG,-18.7527,-44.4303
3121001,Datas,DATAS,MG,-18.4478,-43.6591
3121100,Delfim Moreira,DELFIM MOREIRA,MG,-22.5036,-45.2792
3121209,Delfinópolis,DELFINOPOLIS,MG,-20.3468,-46.8456
3121258,Delta,DELTA,MG,-19.9721,-47.7841
3121308,Descoberto,DESCOBERTO,MG,-21.46,-42.9618
3121407,Desterro de Entre Rios,DESTERRO DE ENTRE RIOS,MG,-20.665,-44.3334
3121506,Desterro do Melo,DESTERRO DO MELO,MG,-21.143,-43.5178
3121605,Diamantina,DIAMANTINA,MG,-18.2413,-43.6031
3121704,Diogo de Vasconcelos,DIOGO DE VASCONCELOS,MG,-20.4879,-43.1953
3121803,Dionísio,DIONISIO,MG,-19.8433,-42.7701
3121902,Divinésia,DIVINESIA,MG,-20.9917,-43.0003
3122009,Divino,DIVINO,MG,-20.6134,-42.1438
3122108,Divino das Laranjeiras,DIVINO DAS LARANJEIRAS,MG,-18.7755,-41.4781
3122207,Divinolândia de Minas,DIVINOLANDIA DE MINAS,MG,-18.8004,-42.6103
3122306,Divinópolis,DIVINOPOLIS,MG,-20.1446,-44.8912
3122355,Divisa Alegre,DIVISA ALEGRE,MG,-15.7221,-41.3463
3122405,Divisa Nova,DIVISA NOVA,MG,-21.5092,-46.1904
3122454,Divisópolis,DIVISOPOLIS,MG,-15.7254,-40.9997
3122470,Dom Bosco,DOM BOSCO,MG,-16.652,-46.2597
3122504,Dom Cavati,DOM CAVATI,MG,-19.3735,-42.1121
3122603,Dom Joaquim,DOM JOAQUIM,MG,-18.961,-43.2544
3122702,Dom Silvério,DOM SILVERIO,MG,-20.1627,-42.9627
3122801,Dom Viçoso,DOM VICOSO,MG,-22.2511,-45.1643
3122900,Dona Eusébia,DONA EUSEBIA,MG,-21.319,-42.807
3123007,Dores de Campos,DORES DE CAMPOS,MG,-21.1139,-44.0207
3123106,Dores de Guanhães,DORES DE GUANHAES,MG,-19.0516,-42.9254
3123205,Dores do Indaiá,DORES DO INDAIA,MG,-19.4628,-45.5927
3123304,Dores do Turvo,DORES DO TURVO,MG,-20.9785,-43.1834
3123403,Doresópolis,DORESOPOLIS,MG,-20.2868,-45.9007
3123502,Douradoquara,DOURADOQUARA,MG,-18.4338,-47.5993
3123528,Durandé,DURANDE,MG,-20.2058,-41.7977
3123601,Elói Mendes,ELOI MENDES,MG,-21.6088,-45.5691
3123700,Engenheiro Caldas,ENGENHEIRO CALDAS,MG,-19.2065,-42.0503
3123809,Engenheiro Navarro,ENGENHEIRO NAVARRO,MG,-17.2831,-43.947
3123858,Entre Folhas,ENTRE FOLHAS,MG,-19.6218,-42.2306
3123908,Entre Rios de Minas,ENTRE RIOS DE MINAS,MG,-20.6706,-44.0654
3124005,Ervália,ERVALIA,MG,-20.8403,-42.6544
3124104,Esmeraldas,ESMERALDAS,MG,-19.764,-44.3065
3124203,Espera Feliz,ESPERA FELIZ,MG,-20.6508,-41.9119
3124302,Espinosa,ESPINOSA,MG,-14.9249,-42.809
3124401,Espírito Santo do Dourado,ESPIRITO SANTO DO DOURADO,MG,-22.0454,-45.9548
3124500,Estiva,ESTIVA,MG,-22.4577,-46.0191
3124609,Estrela Dalva,ESTRELA DALVA,MG,-21.7412,-42.4574
3124708,Estrela do Indaiá,ESTRELA DO INDAIA,MG,-19.5169,-45.7859
3124807,Estrela do Sul,ESTRELA DO SUL,MG,-18.7399,-47.6956
3124906,Eugenópolis,EUGENOPOLIS,MG,-21.1002,-42.1878
3125002,Ewbank da Câmara,EWBANK DA CAMARA,MG,-21.5498,-43.5068
3125101,Extrema,EXTREMA,MG,-22.854,-46.3178
3125200,Fama,FAMA,MG,-21.4089,-45.8286
3125309,Faria Lemos,FARIA LEMOS,MG,-20.8097,-42.0213
3125408,Felício dos Santos,FELICIO DOS SANTOS,MG,-18.0755,-43.2422
3125507,São Gonçalo do Rio Preto,SAO GONCALO DO RIO PRETO,MG,-18.0025,-43.3854
3125606,Felisburgo,FELISBURGO,MG,-16.6348,-40.7605
3125705,Felixlândia,FELIXLANDIA,MG,-18.7507,-44.9004
3125804,Fernandes Tourinho,FERNANDES TOURINHO,MG,-19.1541,-42.0803
3125903,Ferros,FERROS,MG,-19.2343,-43.0192
3125952,Fervedouro,FERVEDOURO,MG,-20.726,-42.279
3126000,Florestal,FLORESTAL,MG,-19.888,-44.4318
3126109,Formiga,FORMIGA,MG,-20.4618,-45.4268
3126208,Formoso,FORMOSO,MG,-14.9446,-46.2371
3126307,Fortaleza de Minas,FORTALEZA DE MINAS,MG,-20.8508,-46.712
3126406,Fortuna de Minas,FORTUNA DE MINAS,MG,-19.5578,-44.4472
3126505,Francisco Badaró,FRANCISCO BADARO,MG,-16.9883,-42.3568
3126604,Francisco Dumont,FRANCISCO DUMONT,MG,-17.3107,-44.2317
3126703,Francisco Sá,FRANCISCO SA,MG,-16.4827,-43.4896
3126752,Franciscópolis,FRANCISCOPOLIS,MG,-17.9578,-42.0094
3126802,Frei Gaspar,FREI GASPAR,MG,-18.0709,-41.4325
3126901,Frei Inocêncio,FREI INOCENCIO,MG,-18.5556,-41.9121
3126950,Frei Lagonegro,FREI LAGONEGRO,MG,-18.1751,-42.7617
3127008,Fronteira,FRONTEIRA,MG,-20.2748,-49.1984
3127057,Fronteira dos Vales,FRONTEIRA DOS VALES,MG,-16.8898,-40.923
3127073,Fruta de Leite,FRUTA DE LEITE,MG,-16.1225,-42.5288
3127107,Frutal,FRUTAL,MG,-20.0259,-48.9355
3127206,Funilândia,FUNILANDIA,MG,-19.3661,-44.061
3127305,Galiléia,GALILEIA,MG,-19.0005,-41.5387
3127339,Gameleiras,GAMELEIRAS,MG,-15.0829,-43.125
3127354,Glaucilândia,GLAUCILANDIA,MG,-16.8481,-43.692
3127370,Goiabeira,GOIABEIRA,MG,-18.9807,-41.2235
3127388,Goianá,GOIANA,MG,-21.536,-43.1957
3127404,Gonçalves,GONCALVES,MG,-22.6545,-45.8556
3127503,Gonzaga,GONZAGA,MG,-18.8196,-42.4769
3127602,Gouveia,GOUVEIA,MG,-18.4519,-43.7423
3127701,Governador Valadares,GOVERNADOR VALADARES,MG,-18.8545,-41.9555
3127800,Grão Mogol,GRAO MOGOL,MG,-16.5662,-42.8923
3127909,Grupiara,GRUPIARA,MG,-18.5003,-47.7318
3128006,Guanhães,GUANHAES,MG,-18.7713,-42.9312
3128105,Guapé,GUAPE,MG,-20.7631,-45.9152
3128204,Guaraciaba,GUARACIABA,MG,-20.5716,-43.0094
3128253,Guaraciama,GUARACIAMA,MG,-17.0142,-43.6675
3128303,Guaranésia,GUARANESIA,MG,-21.3009,-46.7964
3128402,Guarani,GUARANI,MG,-21.3563,-43.0328
3128501,Guarará,GUARARA,MG,-21.7304,-43.0334
3128600,Guarda-Mor,GUARDA MOR,MG,-17.7673,-47.0998
3128709,Guaxupé,GUAXUPE,MG,-21.305,-46.7081
3128808,Guidoval,GUIDOVAL,MG,-21.155,-42.7887
3128907,Guimarânia,GUIMARANIA,MG,-18.8425,-46.7901
3129004,Guiricema,GUIRICEMA,MG,-21.0098,-42.7207
3129103,Gurinhatã,GURINHATA,MG,-19.2143,-49.7876
3129202,Heliodora,HELIODORA,MG,-22.0644,-45.5453
3129301,Iapu,IAPU,MG,-19.4387,-42.2147
3129400,Ibertioga,IBERTIOGA,MG,-21.433,-43.9639
3129509,Ibiá,IBIA,MG,-19.4749,-46.5474
3129608,Ibiaí,IBIAI,MG,-16.8591,-44.9046
3129657,Ibiracatu,IBIRACATU,MG,-15.6605,-44.1667
3129707,Ibiraci,IBIRACI,MG,-20.4611,-47.1222
3129806,Ibirité,IBIRITE,MG,-20.0252,-44.0569
3129905,Ibitiúra de Minas,IBITIURA DE MINAS,MG,-22.0604,-46.4368
3130002,Ibituruna,IBITURUNA,MG,-21.1541,-44.7479
3130051,Icaraí de Minas,ICARAI DE MINAS,MG,-16.214,-44.9034
3130101,Igarapé,IGARAPE,MG,-20.0707,-44.2994
3130200,Igaratinga,IGARATINGA,MG,-19.9476,-44.7063
3130309,Iguatama,IGUATAMA,MG,-20.1776,-45.7111
3130408,Ijaci,IJACI,MG,-21.1738,-44.9233
3130507,Ilicínea,ILICINEA,MG,-20.9402,-45.8308
3130556,Imbé de Minas,IMBE DE MINAS,MG,-19.6017,-41.9695
3130606,Inconfidentes,INCONFIDENTES,MG,-22.3136,-46.3264
3130655,Indaiabira,INDAIABIRA,MG,-15.4911,-42.2005
3130705,Indianópolis,INDIANOPOLIS,MG,-19.0341,-47.9155
3130804,Ingaí,INGAI,MG,-21.4024,-44.9152
3130903,Inhapim,INHAPIM,MG,-19.5476,-42.1147
3131000,Inhaúma,INHAUMA,MG,-19.4898,-44.3934
3131109,Inimutaba,INIMUTABA,MG,-18.7271,-44.3584
3131158,Ipaba,IPABA,MG,-19.4158,-42.4139
3131208,Ipanema,IPANEMA,MG,-19.7992,-41.7164
3131307,Ipatinga,IPATINGA,MG,-19.4703,-42.5476
3131406,Ipiaçu,IPIACU,MG,-18.6927,-49.9436
3131505,Ipuiúna,IPUIUNA,MG,-22.1013,-46.1915
3131604,Iraí de Minas,IRAI DE MINAS,MG,-18.9819,-47.461
3131703,Itabira,ITABIRA,MG,-19.6239,-43.2312
3131802,Itabirinha,ITABIRINHA,MG,-18.5712,-41.234
3131901,Itabirito,ITABIRITO,MG,-20.2501,-43.8038
3132008,Itacambira,ITACAMBIRA,MG,-17.0625,-43.3069
3132107,Itacarambi,ITACARAMBI,MG,-15.089,-44.095
3132206,Itaguara,ITAGUARA,MG,-20.3947,-44.4875
3132305,Itaipé,ITAIPE,MG,-17.4014,-41.6697
3132404,Itajubá,ITAJUBA,MG,-22.4225,-45.4598
3132503,Itamarandiba,ITAMARANDIBA,MG,-17.8552,-42.8561
3132602,Itamarati de Minas,ITAMARATI DE MINAS,MG,-21.4179,-42.813
3132701,Itambacuri,ITAMBACURI,MG,-18.035,-41.683
3132800,Itambé do Mato Dentro,ITAMBE DO MATO DENTRO,MG,-19.4158,-43.3182
3132909,Itamogi,ITAMOGI,MG,-21.0758,-47.046
3133006,Itamonte,ITAMONTE,MG,-22.2859,-44.868
3133105,Itanhandu,ITANHANDU,MG,-22.2942,-44.9382
3133204,Itanhomi,ITANHOMI,MG,-19.1736,-41.863
3133303,Itaobim,ITAOBIM,MG,-16.5571,-41.5017
3133402,Itapagipe,ITAPAGIPE,MG,-19.9062,-49.3781
3133501,Itapecerica,ITAPECERICA,MG,-20.4704,-45.127
3133600,Itapeva,ITAPEVA,MG,-22.7665,-46.2241
3133709,Itatiaiuçu,ITATIAIUCU,MG,-20.1983,-44.4211
3133758,Itaú de Minas,ITAU DE MINAS,MG,-20.7375,-46.7525
3133808,Itaúna,ITAUNA,MG,-20.0818,-44.5801
3133907,Itaverava,ITAVERAVA,MG,-20.6769,-43.6141
3134004,Itinga,ITINGA,MG,-16.61,-41.7672
3134103,Itueta,ITUETA,MG,-19.3999,-41.1746
3134202,Ituiutaba,ITUIUTABA,MG,-18.9772,-49.4639
3134301,Itumirim,ITUMIRIM,MG,-21.3171,-44.8724
3134400,Iturama,ITURAMA,MG,-19.7276,-50.1966
3134509,Itutinga,ITUTINGA,MG,-21.3,-44.6567
3134608,Jaboticatubas,JABOTICATUBAS,MG,-19.5119,-43.7373
3134707,Jacinto,JACINTO,MG,-16.1428,-40.295
3134806,Jacuí,JACUI,MG,-21.0137,-46.7359
3134905,Jacutinga,JACUTINGA,MG,-22.286,-46.6166
3135001,Jaguaraçu,JAGUARACU,MG,-19.647,-42.7498
3135050,Jaíba,JAIBA,MG,-15.3432,-43.6688
3135076,Jampruca,JAMPRUCA,MG,-18.461,-41.809
3135100,Janaúba,JANAUBA,MG,-15.8022,-43.3132
3135209,Januária,JANUARIA,MG,-15.4802,-44.3639
3135308,Japaraíba,JAPARAIBA,MG,-20.1442,-45.5015
3135357,Japonvar,JAPONVAR,MG,-15.9891,-44.2758
3135407,Jeceaba,JECEABA,MG,-20.5339,-43.9894
3135456,Jenipapo de Minas,JENIPAPO DE MINAS,MG,-17.0831,-42.2589
3135506,Jequeri,JEQUERI,MG,-20.4542,-42.6651
3135605,Jequitaí,JEQUITAI,MG,-17.229,-44.4376
3135704,Jequitibá,JEQUITIBA,MG,-19.2345,-44.0304
3135803,Jequitinhonha,JEQUITINHONHA,MG,-16.4375,-41.0117
3135902,Jesuânia,JESUANIA,MG,-21.9887,-45.2911
3136009,Joaíma,JOAIMA,MG,-16.6522,-41.0229
3136108,Joanésia,JOANESIA,MG,-19.1729,-42.6775
3136207,João Monlevade,JOAO MONLEVADE,MG,-19.8126,-43.1735
3136306,João Pinheiro,JOAO PINHEIRO,MG,-17.7398,-46.1715
3136405,Joaquim Felício,JOAQUIM FELICIO,MG,-17.758,-44.1643
3136504,Jordânia,JORDANIA,MG,-15.9009,-40.1841
3136520,José Gonçalves de Minas,JOSE GONCALVES DE MINAS,MG,-16.9053,-42.6014
3136553,José Raydan,JOSE RAYDAN,MG,-18.2195,-42.4946
3136579,Josenópolis,JOSENOPOLIS,MG,-16.5417,-42.5151
3136603,Nova União,NOVA UNIAO,MG,-19.6876,-43.583
3136652,Juatuba,JUATUBA,MG,-19.9448,-44.3451
3136702,Juiz de Fora,JUIZ DE FORA,MG,-21.7595,-43.3398
3136801,Juramento,JURAMENTO,MG,-16.8473,-43.5865
3136900,Juruaia,JURUAIA,MG,-21.2493,-46.5735
3136959,Juvenília,JUVENILIA,MG,-14.2662,-44.1597
3137007,Ladainha,LADAINHA,MG,-17.6279,-41.7488
3137106,Lagamar,LAGAMAR,MG,-18.1759,-46.8063
3137205,Lagoa da Prata,LAGOA DA PRATA,MG,-20.0237,-45.5401
3137304,Lagoa dos Patos,LAGOA DOS PATOS,MG,-16.978,-44.5754
3137403,Lagoa Dourada,LAGOA DOURADA,MG,-20.9139,-44.0797
3137502,Lagoa Formosa,LAGOA FORMOSA,MG,-18.7715,-46.4012
3137536,Lagoa Grande,LAGOA GRANDE,MG,-17.8323,-46.5165
3137601,Lagoa Santa,LAGOA SANTA,MG,-19.6397,-43.8932
3137700,Lajinha,LAJINHA,MG,-20.1539,-41.6228
3137809,Lambari,LAMBARI,MG,-21.9671,-45.3498
3137908,Lamim,LAMIM,MG,-20.79,-43.4706
3138005,Laranjal,LARANJAL,MG,-21.3715,-42.4732
3138104,Lassance,LASSANCE,MG,-17.887,-44.5735
3138203,Lavras,LAVRAS,MG,-21.248,-45.0009
3138302,Leandro Ferreira,LEANDRO FERREIRA,MG,-19.7193,-45.0279
3138351,Leme do Prado,LEME DO PRADO,MG,-17.0793,-42.6936
3138401,Leopoldina,LEOPOLDINA,MG,-21.5296,-42.6421
3138500,Liberdade,LIBERDADE,MG,-22.0275,-44.3208
3138609,Lima Duarte,LIMA DUARTE,MG,-21.8386,-43.7934
3138625,Limeira do Oeste,LIMEIRA DO OESTE,MG,-19.5512,-50.5815
3138658,Lontra,LONTRA,MG,-15.9013,-44.306
3138674,Luisburgo,LUISBURGO,MG,-20.4468,-42.0976
3138682,Luislândia,LUISLANDIA,MG,-16.1095,-44.5886
3138708,Luminárias,LUMINARIAS,MG,-21.5145,-44.9034
3138807,Luz,LUZ,MG,-19.7911,-45.6794
3138906,Machacalis,MACHACALIS,MG,-17.0723,-40.7245
3139003,Machado,MACHADO,MG,-21.6778,-45.9219
3139102,Madre de Deus de Minas,MADRE DE DEUS DE MINAS,MG,-21.483,-44.3287
3139201,Malacacheta,MALACACHETA,MG,-17.8456,-42.0769
3139250,Mamonas,MAMONAS,MG,-15.0479,-42.9469
3139300,Manga,MANGA,MG,-14.7529,-43.9391
3139409,Manhuaçu,MANHUACU,MG,-20.2572,-42.028
3139508,Manhumirim,MANHUMIRIM,MG,-20.3591,-41.9589
3139607,Mantena,MANTENA,MG,-18.7761,-40.9874
3139706,Maravilhas,MARAVILHAS,MG,-19.5076,-44.6779
3139805,Mar de Espanha,MAR DE ESPANHA,MG,-21.8707,-43.0062
3139904,Maria da Fé,MARIA DA FE,MG,-22.3044,-45.3773
3140001,Mariana,MARIANA,MG,-20.3765,-43.414
3140100,Marilac,MARILAC,MG,-18.5079,-42.0822
3140159,Mário Campos,MARIO CAMPOS,MG,-20.0582,-44.1883
3140209,Maripá de Minas,MARIPA DE MINAS,MG,-21.6979,-42.9546
3140308,Marliéria,MARLIERIA,MG,-19.7096,-42.7327
3140407,Marmelópolis,MARMELOPOLIS,MG,-22.447,-45.1645
3140506,Martinho Campos,MARTINHO CAMPOS,MG,-19.3306,-45.2434
3140530,Martins Soares,MARTINS SOARES,MG,-20.2546,-41.8786
3140555,Mata Verde,MATA VERDE,MG,-15.6869,-40.7366
3140605,Materlândia,MATERLANDIA,MG,-18.4699,-43.0579
3140704,Mateus Leme,MATEUS LEME,MG,-19.9794,-44.4318
3140803,Matias Barbosa,MATIAS BARBOSA,MG,-21.869,-43.3135
3140852,Matias Cardoso,MATIAS CARDOSO,MG,-14.8563,-43.9146
3140902,Matipó,MATIPO,MG,-20.2873,-42.3401
3141009,Mato Verde,MATO VERDE,MG,-15.3944,-42.86
3141108,Matozinhos,MATOZINHOS,MG,-19.5543,-44.0868
3141207,Matutina,MATUTINA,MG,-19.2179,-45.9664
3141306,Medeiros,MEDEIROS,MG,-19.9865,-46.2181
3141405,Medina,MEDINA,MG,-16.2245,-41.4728
3141504,Mendes Pimentel,MENDES PIMENTEL,MG,-18.6631,-41.4052
3141603,Mercês,MERCES,MG,-21.1976,-43.3337
3141702,Mesquita,MESQUITA,MG,-19.224,-42.6079
3141801,Minas Novas,MINAS NOVAS,MG,-17.2156,-42.5884
3141900,Minduri,MINDURI,MG,-21.6797,-44.6051
3142007,Mirabela,MIRABELA,MG,-16.256,-44.1602
3142106,Miradouro,MIRADOURO,MG,-20.8899,-42.3458
3142205,Miraí,MIRAI,MG,-21.2021,-42.6122
3142254,Miravânia,MIRAVANIA,MG,-14.7348,-44.4092
3142304,Moeda,MOEDA,MG,-20.3399,-44.0509
3142403,Moema,MOEMA,MG,-19.8387,-45.4127
3142502,Monjolos,MONJOLOS,MG,-18.3245,-44.118
3142601,Monsenhor Paulo,MONSENHOR PAULO,MG,-21.7579,-45.5391
3142700,Montalvânia,MONTALVANIA,MG,-14.4197,-44.3719
3142809,Monte Alegre de Minas,MONTE ALEGRE DE MINAS,MG,-18.869,-48.881
3142908,Monte Azul,MONTE AZUL,MG,-15.1514,-42.8718
3143005,Monte Belo,MONTE BELO,MG,-21.3271,-46.3635
3143104,Monte Carmelo,MONTE CARMELO,MG,-18.7302,-47.4912
3143153,Monte Formoso,MONTE FORMOSO,MG,-16.8691,-41.2473
3143203,Monte Santo de Minas,MONTE SANTO DE MINAS,MG,-21.1873,-46.9753
3143302,Montes Claros,MONTES CLAROS,MG,-16.7282,-43.8578
3143401,Monte Sião,MONTE SIAO,MG,-22.4335,-46.573
3143450,Montezuma,MONTEZUMA,MG,-15.1702,-42.4941
3143500,Morada Nova de Minas,MORADA NOVA DE MINAS,MG,-18.5998,-45.3584
3143609,Morro da Garça,MORRO DA GARCA,MG,-18.5356,-44.601
3143708,Morro do Pilar,MORRO DO PILAR,MG,-19.2236,-43.3795
3143807,Munhoz,MUNHOZ,MG,-22.6092,-46.362
3143906,Muriaé,MURIAE,MG,-21.13,-42.3693
3144003,Mutum,MUTUM,MG,-19.8121,-41.4407
3144102,Muzambinho,MUZAMBINHO,MG,-21.3692,-46.5213
3144201,Nacip Raydan,NACIP RAYDAN,MG,-18.4544,-42.2481
3144300,Nanuque,NANUQUE,MG,-17.8481,-40.3533
3144359,Naque,NAQUE,MG,-19.2291,-42.3312
3144375,Natalândia,NATALANDIA,MG,-16.5021,-46.4874
3144409,Natércia,NATERCIA,MG,-22.1158,-45.5123
3144508,Nazareno,NAZARENO,MG,-21.2168,-44.6138
3144607,Nepomuceno,NEPOMUCENO,MG,-21.2324,-45.235
3144656,Ninheira,NINHEIRA,MG,-15.3148,-41.7564
3144672,Nova Belém,NOVA BELEM,MG,-18.4925,-41.1107
3144706,Nova Era,NOVA ERA,MG,-19.7577,-43.0333
3144805,Nova Lima,NOVA LIMA,MG,-19.9758,-43.8509
3144904,Nova Módica,NOVA MODICA,MG,-18.4417,-41.4984
3145000,Nova Ponte,NOVA PONTE,MG,-19.1461,-47.6779
3145059,Nova Porteirinha,NOVA PORTEIRINHA,MG,-15.7993,-43.2941
3145109,Nova Resende,NOVA RESENDE,MG,-21.1286,-46.4157
3145208,Nova Serrana,NOVA SERRANA,MG,-19.8713,-44.9847
3145307,Novo Cruzeiro,NOVO CRUZEIRO,MG,-17.4654,-41.8826
3145356,Novo Oriente de Minas,NOVO ORIENTE DE MINAS,MG,-17.4089,-41.2194
3145372,Novorizonte,NOVORIZONTE,MG,-16.0162,-42.4044
3145406,Olaria,OLARIA,MG,-21.8598,-43.9356
3145455,Olhos d'Água,OLHOS D AGUA,MG,-17.3982,-43.5719
3145505,Olímpio Noronha,OLIMPIO NORONHA,MG,-22.0685,-45.2657
3145604,Oliveira,OLIVEIRA,MG,-20.6982,-44.829
3145703,Oliveira Fortes,OLIVEIRA FORTES,MG,-21.3401,-43.4499
3145802,Onça de Pitangui,ONCA DE PITANGUI,MG,-19.7276,-44.8058
3145851,Oratórios,ORATORIOS,MG,-20.4298,-42.7977
3145877,Orizânia,ORIZANIA,MG,-20.5142,-42.1991
3145901,Ouro Branco,OURO BRANCO,MG,-20.5263,-43.6962
3146008,Ouro Fino,OURO FINO,MG,-22.2779,-46.3716
3146107,Ouro Preto,OURO PRETO,MG,-20.3796,-43.512
3146206,Ouro Verde de Minas,OURO VERDE DE MINAS,MG,-18.0719,-41.2734
3146255,Padre Carvalho,PADRE CARVALHO,MG,-16.3646,-42.5088
3146305,Padre Paraíso,PADRE PARAISO,MG,-17.0758,-41.4821
3146404,Paineiras,PAINEIRAS,MG,-18.8993,-45.5321
3146503,Pains,PAINS,MG,-20.3705,-45.6627
3146552,Pai Pedro,PAI PEDRO,MG,-15.5271,-43.07
3146602,Paiva,PAIVA,MG,-21.2913,-43.4088
3146701,Palma,PALMA,MG,-21.3748,-42.3123
3146750,Palmópolis,PALMOPOLIS,MG,-16.7364,-40.4296
3146909,Papagaios,PAPAGAIOS,MG,-19.4419,-44.7468
3147006,Paracatu,PARACATU,MG,-17.2252,-46.8711
3147105,Pará de Minas,PARA DE MINAS,MG,-19.8534,-44.6114
3147204,Paraguaçu,PARAGUACU,MG,-21.5465,-45.7374
3147303,Paraisópolis,PARAISOPOLIS,MG,-22.5539,-45.7803
3147402,Paraopeba,PARAOPEBA,MG,-19.2732,-44.4044
3147501,Passabém,PASSABEM,MG,-19.3509,-43.1383
3147600,Passa Quatro,PASSA QUATRO,MG,-22.3871,-44.9709
3147709,Passa Tempo,PASSA TEMPO,MG,-20.6539,-44.4926
3147808,Passa-Vinte,PASSA VINTE,MG,-22.2097,-44.2344
3147907,Passos,PASSOS,MG,-20.7193,-46.609
3147956,Patis,PATIS,MG,-16.0773,-44.0787
3148004,Patos de Minas,PATOS DE MINAS,MG,-18.5699,-46.5013
3148103,Patrocínio,PATROCINIO,MG,-18.9379,-46.9934
3148202,Patrocínio do Muriaé,PATROCINIO DO MURIAE,MG,-21.1544,-42.2125
3148301,Paula Cândido,PAULA CANDIDO,MG,-20.8754,-42.9752
3148400,Paulistas,PAULISTAS,MG,-18.4276,-42.8628
3148509,Pavão,PAVAO,MG,-17.4267,-41.0035
3148608,Peçanha,PECANHA,MG,-18.5441,-42.5583
3148707,Pedra Azul,PEDRA AZUL,MG,-16.0086,-41.2909
3148756,Pedra Bonita,PEDRA BONITA,MG,-20.5219,-42.3304
3148806,Pedra do Anta,PEDRA DO ANTA,MG,-20.5968,-42.7123
3148905,Pedra do Indaiá,PEDRA DO INDAIA,MG,-20.2563,-45.2107
3149002,Pedra Dourada,PEDRA DOURADA,MG,-20.8266,-42.1515
3149101,Pedralva,PEDRALVA,MG,-22.2386,-45.4654
3149150,Pedras de Maria da Cruz,PEDRAS DE MARIA DA CRUZ,MG,-15.6032,-44.391
3149200,Pedrinópolis,PEDRINOPOLIS,MG,-19.2241,-47.4579
3149309,Pedro Leopoldo,PEDRO LEOPOLDO,MG,-19.6308,-44.0383
3149408,Pedro Teixeira,PEDRO TEIXEIRA,MG,-21.7076,-43.743
3149507,Pequeri,PEQUERI,MG,-21.8341,-43.1145
3149606,Pequi,PEQUI,MG,-19.6284,-44.6604
3149705,Perdigão,PERDIGAO,MG,-19.9411,-45.078
3149804,Perdizes,PERDIZES,MG,-19.3434,-47.2963
3149903,Perdões,PERDOES,MG,-21.0932,-45.0896
3149952,Periquito,PERIQUITO,MG,-19.1573,-42.2333
3150000,Pescador,PESCADOR,MG,-18.357,-41.6006
3150109,Piau,PIAU,MG,-21.5096,-43.313
3150158,Piedade de Caratinga,PIEDADE DE CARATINGA,MG,-19.7593,-42.0756
3150208,Piedade de Ponte Nova,PIEDADE DE PONTE NOVA,MG,-20.2438,-42.7379
3150307,Piedade do Rio Grande,PIEDADE DO RIO GRANDE,MG,-21.469,-44.1938
3150406,Piedade dos Gerais,PIEDADE DOS GERAIS,MG,-20.4715,-44.2243
3150505,Pimenta,PIMENTA,MG,-20.4827,-45.8049
3150539,Pingo-d'Água,PINGO D AGUA,MG,-19.7287,-42.4095
3150570,Pintópolis,PINTOPOLIS,MG,-16.0572,-45.1402
3150604,Piracema,PIRACEMA,MG,-20.5089,-44.4783
3150703,Pirajuba,PIRAJUBA,MG,-19.9092,-48.7027
3150802,Piranga,PIRANGA,MG,-20.6834,-43.2967
3150901,Piranguçu,PIRANGUCU,MG,-22.5249,-45.4945
3151008,Piranguinho,PIRANGUINHO,MG,-22.395,-45.5324
3151107,Pirapetinga,PIRAPETINGA,MG,-21.6554,-42.3434
3151206,Pirapora,PIRAPORA,MG,-17.3392,-44.934
3151305,Piraúba,PIRAUBA,MG,-21.2825,-43.0172
3151404,Pitangui,PITANGUI,MG,-19.6741,-44.8964
3151503,Piumhi,PIUMHI,MG,-20.4762,-45.9589
3151602,Planura,PLANURA,MG,-20.1376,-48.7
3151701,Poço Fundo,POCO FUNDO,MG,-21.78,-45.9658
3151800,Poços de Caldas,POCOS DE CALDAS,MG,-21.78,-46.5692
3151909,Pocrane,POCRANE,MG,-19.6208,-41.6334
3152006,Pompéu,POMPEU,MG,-19.2257,-45.0141
3152105,Ponte Nova,PONTE NOVA,MG,-20.4111,-42.8978
3152131,Ponto Chique,PONTO CHIQUE,MG,-16.6282,-45.0588
3152170,Ponto dos Volantes,PONTO DOS VOLANTES,MG,-16.7473,-41.5025
3152204,Porteirinha,PORTEIRINHA,MG,-15.7404,-43.0281
3152303,Porto Firme,PORTO FIRME,MG,-20.6642,-43.0834
3152402,Poté,POTE,MG,-17.8077,-41.786
3152501,Pouso Alegre,POUSO ALEGRE,MG,-22.2266,-45.9389
3152600,Pouso Alto,POUSO ALTO,MG,-22.1964,-44.9748
3152709,Prados,PRADOS,MG,-21.0597,-44.0778
3152808,Prata,PRATA,MG,-19.3086,-48.9276
3152907,Pratápolis,PRATAPOLIS,MG,-20.7411,-46.8624
3153004,Pratinha,PRATINHA,MG,-19.739,-46.3755
3153103,Presidente Bernardes,PRESIDENTE BERNARDES,MG,-20.7656,-43.1895
3153202,Presidente Juscelino,PRESIDENTE JUSCELINO,MG,-18.6401,-44.06
3153301,Presidente Kubitschek,PRESIDENTE KUBITSCHEK,MG,-18.6193,-43.5628
3153400,Presidente Olegário,PRESIDENTE OLEGARIO,MG,-18.4096,-46.4165
3153509,Alto Jequitibá,ALTO JEQUITIBA,MG,-20.4208,-41.967
3153608,Prudente de Morais,PRUDENTE DE MORAIS,MG,-19.4742,-44.1591
3153707,Quartel Geral,QUARTEL GERAL,MG,-19.2703,-45.5569
3153806,Queluzito,QUELUZITO,MG,-20.7416,-43.8851
3153905,Raposos,RAPOSOS,MG,-19.9636,-43.8079
3154002,Raul Soares,RAUL SOARES,MG,-20.1061,-42.4502
3154101,Recreio,RECREIO,MG,-21.5289,-42.4676
3154150,Reduto,REDUTO,MG,-20.2401,-41.9848
3154200,Resende Costa,RESENDE COSTA,MG,-20.9171,-44.2407
3154309,Resplendor,RESPLENDOR,MG,-19.3194,-41.2462
3154408,Ressaquinha,RESSAQUINHA,MG,-21.0642,-43.7598
3154457,Riachinho,RIACHINHO,MG,-16.2258,-45.9888
3154507,Riacho dos Machados,RIACHO DOS MACHADOS,MG,-16.0091,-43.0488
3154606,Ribeirão das Neves,RIBEIRAO DAS NEVES,MG,-19.7621,-44.0844
3154705,Ribeirão Vermelho,RIBEIRAO VERMELHO,MG,-21.1879,-45.0637
3154804,Rio Acima,RIO ACIMA,MG,-20.0876,-43.7878
3154903,Rio Casca,RIO CASCA,MG,-20.2285,-42.6462
3155009,Rio Doce,RIO DOCE,MG,-20.2412,-42.8995
3155108,Rio do Prado,RIO DO PRADO,MG,-16.6056,-40.5714
3155207,Rio Espera,RIO ESPERA,MG,-20.855,-43.4721
3155306,Rio Manso,RIO MANSO,MG,-20.2666,-44.3069
3155405,Rio Novo,RIO NOVO,MG,-21.4649,-43.1168
3155504,Rio Paranaíba,RIO PARANAIBA,MG,-19.1861,-46.2455
3155603,Rio Pardo de Minas,RIO PARDO DE MINAS,MG,-15.616,-42.5405
3155702,Rio Piracicaba,RIO PIRACICABA,MG,-19.9284,-43.1829
3155801,Rio Pomba,RIO POMBA,MG,-21.2712,-43.1696
3155900,Rio Preto,RIO PRETO,MG,-22.0861,-43.8293
3156007,Rio Vermelho,RIO VERMELHO,MG,-18.2922,-43.0018
3156106,Ritápolis,RITAPOLIS,MG,-21.0276,-44.3204
3156205,Rochedo de Minas,ROCHEDO DE MINAS,MG,-21.6284,-43.0165
3156304,Rodeiro,RODEIRO,MG,-21.2035,-42.8586
3156403,Romaria,ROMARIA,MG,-18.8838,-47.5782
3156452,Rosário da Limeira,ROSARIO DA LIMEIRA,MG,-20.9812,-42.5112
3156502,Rubelita,RUBELITA,MG,-16.4053,-42.261
3156601,Rubim,RUBIM,MG,-16.3775,-40.5397
3156700,Sabará,SABARA,MG,-19.884,-43.8263
3156809,Sabinópolis,SABINOPOLIS,MG,-18.6653,-43.0752
3156908,Sacramento,SACRAMENTO,MG,-19.8622,-47.4508
3157005,Salinas,SALINAS,MG,-16.1753,-42.2964
3157104,Salto da Divisa,SALTO DA DIVISA,MG,-16.0063,-39.9391
3157203,Santa Bárbara,SANTA BARBARA,MG,-19.9604,-43.4101
3157252,Santa Bárbara do Leste,SANTA BARBARA DO LESTE,MG,-19.9753,-42.1457
3157278,Santa Bárbara do Monte Verde,SANTA BARBARA DO MONTE VERDE,MG,-21.9592,-43.7027
3157302,Santa Bárbara do Tugúrio,SANTA BARBARA DO TUGURIO,MG,-21.2431,-43.5607
3157336,Santa Cruz de Minas,SANTA CRUZ DE MINAS,MG,-21.1241,-44.2202
3157377,Santa Cruz de Salinas,SANTA CRUZ DE SALINAS,MG,-16.0967,-41.7418
3157401,Santa Cruz do Escalvado,SANTA CRUZ DO ESCALVADO,MG,-20.2372,-42.8169
3157500,Santa Efigênia de Minas,SANTA EFIGENIA DE MINAS,MG,-18.8235,-42.4388
3157609,Santa Fé de Minas,SANTA FE DE MINAS,MG,-16.6859,-45.4102
3157658,Santa Helena de Minas,SANTA HELENA DE MINAS,MG,-16.9707,-40.6727
3157708,Santa Juliana,SANTA JULIANA,MG,-19.3108,-47.5322
3157807,Santa Luzia,SANTA LUZIA,MG,-19.7548,-43.8497
3157906,Santa Margarida,SANTA MARGARIDA,MG,-20.3839,-42.2519
3158003,Santa Maria de Itabira,SANTA MARIA DE ITABIRA,MG,-19.4431,-43.1064
3158102,Santa Maria do Salto,SANTA MARIA DO SALTO,MG,-16.2479,-40.1512
3158201,Santa Maria do Suaçuí,SANTA MARIA DO SUACUI,MG,-18.1896,-42.4139
3158300,Santana da Vargem,SANTANA DA VARGEM,MG,-21.2449,-45.5005
3158409,Santana de Cataguases,SANTANA DE CATAGUASES,MG,-21.2893,-42.5524
3158508,Santana de Pirapama,SANTANA DE PIRAPAMA,MG,-18.9962,-44.0409
3158607,Santana do Deserto,SANTANA DO DESERTO,MG,-21.9512,-43.1583
3158706,Santana do Garambéu,SANTANA DO GARAMBEU,MG,-21.5983,-44.105
3158805,Santana do Jacaré,SANTANA DO JACARE,MG,-20.9007,-45.1285
3158904,Santana do Manhuaçu,SANTANA DO MANHUACU,MG,-20.1031,-41.9278
3158953,Santana do Paraíso,SANTANA DO PARAISO,MG,-19.3661,-42.5446
3159001,Santana do Riacho,SANTANA DO RIACHO,MG,-19.1662,-43.722
3159100,Santana dos Montes,SANTANA DOS MONTES,MG,-20.7868,-43.6949
3159209,Santa Rita de Caldas,SANTA RITA DE CALDAS,MG,-22.0292,-46.3385
3159308,Santa Rita de Jacutinga,SANTA RITA DE JACUTINGA,MG,-22.1474,-44.0977
3159357,Santa Rita de Minas,SANTA RITA DE MINAS,MG,-19.876,-42.1363
3159407,Santa Rita de Ibitipoca,SANTA RITA DE IBITIPOCA,MG,-21.5658,-43.9163
3159506,Santa Rita do Itueto,SANTA RITA DO ITUETO,MG,-19.3576,-41.3821
3159605,Santa Rita do Sapucaí,SANTA RITA DO SAPUCAI,MG,-22.2461,-45.7034
3159704,Santa Rosa da Serra,SANTA ROSA DA SERRA,MG,-19.5186,-45.9611
3159803,Santa Vitória,SANTA VITORIA,MG,-18.8414,-50.1208
3159902,Santo Antônio do Amparo,SANTO ANTONIO DO AMPARO,MG,-20.943,-44.9176
3160009,Santo Antônio do Aventureiro,SANTO ANTONIO DO AVENTUREIRO,MG,-21.7606,-42.8115
3160108,Santo Antônio do Grama,SANTO ANTONIO DO GRAMA,MG,-20.3185,-42.6047
3160207,Santo Antônio do Itambé,SANTO ANTONIO DO ITAMBE,MG,-18.4609,-43.3006
3160306,Santo Antônio do Jacinto,SANTO ANTONIO DO JACINTO,MG,-16.5332,-40.1817
3160405,Santo Antônio do Monte,SANTO ANTONIO DO MONTE,MG,-20.085,-45.2947
3160454,Santo Antônio do Retiro,SANTO ANTONIO DO RETIRO,MG,-15.3393,-42.6171
3160504,Santo Antônio do Rio Abaixo,SANTO ANTONIO DO RIO ABAIXO,MG,-19.2374,-43.2604
3160603,Santo Hipólito,SANTO HIPOLITO,MG,-18.2968,-44.2229
3160702,Santos Dumont,SANTOS DUMONT,MG,-21.4634,-43.5499
3160801,São Bento Abade,SAO BENTO ABADE,MG,-21.5839,-45.0699
3160900,São Brás do Suaçuí,SAO BRAS DO SUACUI,MG,-20.6242,-43.9515
3160959,São Domingos das Dores,SAO DOMINGOS DAS DORES,MG,-19.5246,-42.0106
3161007,São Domingos do Prata,SAO DOMINGOS DO PRATA,MG,-19.8678,-42.971
3161056,São Félix de Minas,SAO FELIX DE MINAS,MG,-18.5959,-41.4889
3161106,São Francisco,SAO FRANCISCO,MG,-15.9514,-44.8593
3161205,São Francisco de Paula,SAO FRANCISCO DE PAULA,MG,-20.7036,-44.9838
3161304,São Francisco de Sales,SAO FRANCISCO DE SALES,MG,-19.8611,-49.7727
3161403,São Francisco do Glória,SAO FRANCISCO DO GLORIA,MG,-20.7923,-42.2673
3161502,São Geraldo,SAO GERALDO,MG,-20.9252,-42.8364
3161601,São Geraldo da Piedade,SAO GERALDO DA PIEDADE,MG,-18.8411,-42.2867
3161650,São Geraldo do Baixio,SAO GERALDO DO BAIXIO,MG,-18.9097,-41.363
3161700,São Gonçalo do Abaeté,SAO GONCALO DO ABAETE,MG,-18.3315,-45.8265
3161809,São Gonçalo do Pará,SAO GONCALO DO PARA,MG,-19.9822,-44.8593
3161908,São Gonçalo do Rio Abaixo,SAO GONCALO DO RIO ABAIXO,MG,-19.8221,-43.366
3162005,São Gonçalo do Sapucaí,SAO GONCALO DO SAPUCAI,MG,-21.8932,-45.5893
3162104,São Gotardo,SAO GOTARDO,MG,-19.3087,-46.0465
3162203,São João Batista do Glória,SAO JOAO BATISTA DO GLORIA,MG,-20.635,-46.508
3162252,São João da Lagoa,SAO JOAO DA LAGOA,MG,-16.8455,-44.3507
3162302,São João da Mata,SAO JOAO DA MATA,MG,-21.928,-45.9297
3162401,São João da Ponte,SAO JOAO DA PONTE,MG,-15.9271,-44.0096
3162450,São João das Missões,SAO JOAO DAS MISSOES,MG,-14.8859,-44.0922
3162500,São João del Rei,SAO JOAO DEL REI,MG,-21.1311,-44.2526
3162559,São João do Manhuaçu,SAO JOAO DO MANHUACU,MG,-20.3933,-42.1533
3162575,São João do Manteninha,SAO JOAO DO MANTENINHA,MG,-18.723,-41.1628
3162609,São João do Oriente,SAO JOAO DO ORIENTE,MG,-19.3384,-42.1575
3162658,São João do Pacuí,SAO JOAO DO PACUI,MG,-16.5373,-44.5134
3162708,São João do Paraíso,SAO JOAO DO PARAISO,MG,-15.3168,-42.0213
3162807,São João Evangelista,SAO JOAO EVANGELISTA,MG,-18.548,-42.7655
3162906,São João Nepomuceno,SAO JOAO NEPOMUCENO,MG,-21.5381,-43.0069
3162922,São Joaquim de Bicas,SAO JOAQUIM DE BICAS,MG,-20.048,-44.2749
3162948,São José da Barra,SAO JOSE DA BARRA,MG,-20.7178,-46.313
3162955,São José da Lapa,SAO JOSE DA LAPA,MG,-19.6971,-43.9586
3163003,São José da Safira,SAO JOSE DA SAFIRA,MG,-18.3243,-42.1431
3163102,São José da Varginha,SAO JOSE DA VARGINHA,MG,-19.7006,-44.556
3163201,São José do Alegre,SAO JOSE DO ALEGRE,MG,-22.3243,-45.5258
3163300,São José do Divino,SAO JOSE DO DIVINO,MG,-18.4793,-41.3907
3163409,São José do Goiabal,SAO JOSE DO GOIABAL,MG,-19.9214,-42.7035
3163508,São José do Jacuri,SAO JOSE DO JACURI,MG,-18.281,-42.6729
3163607,São José do Mantimento,SAO JOSE DO MANTIMENTO,MG,-20.0058,-41.7486
3163706,São Lourenço,SAO LOURENCO,MG,-22.1166,-45.0506
3163805,São Miguel do Anta,SAO MIGUEL DO ANTA,MG,-20.7067,-42.7174
3163904,São Pedro da União,SAO PEDRO DA UNIAO,MG,-21.131,-46.6123
3164001,São Pedro dos Ferros,SAO PEDRO DOS FERROS,MG,-20.1732,-42.5251
3164100,São Pedro do Suaçuí,SAO PEDRO DO SUACUI,MG,-18.3609,-42.5981
3164209,São Romão,SAO ROMAO,MG,-16.3641,-45.0749
3164308,São Roque de Minas,SAO ROQUE DE MINAS,MG,-20.249,-46.3639
3164407,São Sebastião da Bela Vista,SAO SEBASTIAO DA BELA VISTA,MG,-22.1583,-45.7546
3164431,São Sebastião da Vargem Alegre,SAO SEBASTIAO DA VARGEM ALEGRE,MG,-19.7477,-43.3679
3164472,São Sebastião do Anta,SAO SEBASTIAO DO ANTA,MG,-19.5064,-41.985
3164506,São Sebastião do Maranhão,SAO SEBASTIAO DO MARANHAO,MG,-18.0873,-42.5659
3164605,São Sebastião do Oeste,SAO SEBASTIAO DO OESTE,MG,-20.2758,-45.0063
3164704,São Sebastião do Paraíso,SAO SEBASTIAO DO PARAISO,MG,-20.9167,-46.9837
3164803,São Sebastião do Rio Preto,SAO SEBASTIAO DO RIO PRETO,MG,-19.2959,-43.1757
3164902,São Sebastião do Rio Verde,SAO SEBASTIAO DO RIO VERDE,MG,-22.2183,-44.9761
3165008,São Tiago,SAO TIAGO,MG,-20.9075,-44.5098
3165107,São Tomás de Aquino,SAO TOMAS DE AQUINO,MG,-20.7791,-47.0962
3165206,São Thomé das Letras,SAO THOME DAS LETRAS,MG,-21.7218,-44.9849
3165305,São Vicente de Minas,SAO VICENTE DE MINAS,MG,-21.7042,-44.4431
3165404,Sapucaí-Mirim,SAPUCAI MIRIM,MG,-22.7409,-45.738
3165503,Sardoá,SARDOA,MG,-18.7828,-42.3629
3165537,Sarzedo,SARZEDO,MG,-20.0367,-44.1446
3165552,Setubinha,SETUBINHA,MG,-17.6002,-42.1587
3165560,Sem-Peixe,SEM PEIXE,MG,-20.1008,-42.8483
3165578,Senador Amaral,SENADOR AMARAL,MG,-22.5869,-46.1763
3165602,Senador Cortes,SENADOR CORTES,MG,-21.7986,-42.9424
3165701,Senador Firmino,SENADOR FIRMINO,MG,-20.9158,-43.0904
3165800,Senador José Bento,SENADOR JOSE BENTO,MG,-22.1633,-46.1792
3165909,Senador Modestino Gonçalves,SENADOR MODESTINO GONCALVES,MG,-17.9465,-43.2172
3166006,Senhora de Oliveira,SENHORA DE OLIVEIRA,MG,-20.7972,-43.3394
3166105,Senhora do Porto,SENHORA DO PORTO,MG,-18.8909,-43.0799
3166204,Senhora dos Remédios,SENHORA DOS REMEDIOS,MG,-21.0351,-43.5812
3166303,Sericita,SERICITA,MG,-20.4748,-42.4828
3166402,Seritinga,SERITINGA,MG,-21.9134,-44.518
3166501,Serra Azul de Minas,SERRA AZUL DE MINAS,MG,-18.3602,-43.1675
3166600,Serra da Saudade,SERRA DA SAUDADE,MG,-19.4447,-45.795
3166709,Serra dos Aimorés,SERRA DOS AIMORES,MG,-17.7872,-40.2453
3166808,Serra do Salitre,SERRA DO SALITRE,MG,-19.1083,-46.6961
3166907,Serrania,SERRANIA,MG,-21.5441,-46.0417
3166956,Serranópolis de Minas,SERRANOPOLIS DE MINAS,MG,-15.8176,-42.8732
3167004,Serranos,SERRANOS,MG,-21.8857,-44.5125
3167103,Serro,SERRO,MG,-18.5991,-43.3744
3167202,Sete Lagoas,SETE LAGOAS,MG,-19.4569,-44.2413
3167301,Silveirânia,SILVEIRANIA,MG,-21.1615,-43.2128
3167400,Silvianópolis,SILVIANOPOLIS,MG,-22.0274,-45.8385
3167509,Simão Pereira,SIMAO PEREIRA,MG,-21.964,-43.3088
3167608,Simonésia,SIMONESIA,MG,-20.1341,-42.0091
3167707,Sobrália,SOBRALIA,MG,-19.2345,-42.0998
3167806,Soledade de Minas,SOLEDADE DE MINAS,MG,-22.0554,-45.0464
3167905,Tabuleiro,TABULEIRO,MG,-21.3632,-43.2381
3168002,Taiobeiras,TAIOBEIRAS,MG,-15.8106,-42.2259
3168051,Taparuba,TAPARUBA,MG,-19.7621,-41.608
3168101,Tapira,TAPIRA,MG,-19.9166,-46.8264
3168200,Tapiraí,TAPIRAI,MG,-19.8936,-46.0221
3168309,Taquaraçu de Minas,TAQUARACU DE MINAS,MG,-19.6652,-43.6922
3168408,Tarumirim,TARUMIRIM,MG,-19.2835,-42.0097
3168507,Teixeiras,TEIXEIRAS,MG,-20.6561,-42.8564
3168606,Teófilo Otoni,TEOFILO OTONI,MG,-17.8595,-41.5087
3168705,Timóteo,TIMOTEO,MG,-19.5811,-42.6471
3168804,Tiradentes,TIRADENTES,MG,-21.1102,-44.1744
3168903,Tiros,TIROS,MG,-19.0037,-45.9626
3169000,Tocantins,TOCANTINS,MG,-21.1774,-43.0127
3169059,Tocos do Moji,TOCOS DO MOJI,MG,-22.3698,-46.0971
3169109,Toledo,TOLEDO,MG,-22.7421,-46.3728
3169208,Tombos,TOMBOS,MG,-20.9086,-42.0228
3169307,Três Corações,TRES CORACOES,MG,-21.6921,-45.2511
3169356,Três Marias,TRES MARIAS,MG,-18.2048,-45.2473
3169406,Três Pontas,TRES PONTAS,MG,-21.3694,-45.5109
3169505,Tumiritinga,TUMIRITINGA,MG,-18.9844,-41.6527
3169604,Tupaciguara,TUPACIGUARA,MG,-18.5866,-48.6985
3169703,Turmalina,TURMALINA,MG,-17.2828,-42.7285
3169802,Turvolândia,TURVOLANDIA,MG,-21.8733,-45.7859
3169901,Ubá,UBA,MG,-21.1204,-42.9359
3170008,Ubaí,UBAI,MG,-16.2885,-44.7783
3170057,Ubaporanga,UBAPORANGA,MG,-19.6351,-42.1059
3170107,Uberaba,UBERABA,MG,-19.7472,-47.9381
3170206,Uberlândia,UBERLANDIA,MG,-18.9141,-48.2749
3170305,Umburatiba,UMBURATIBA,MG,-17.2548,-40.5779
3170404,Unaí,UNAI,MG,-16.3592,-46.9022
3170438,União de Minas,UNIAO DE MINAS,MG,-19.5299,-50.338
3170479,Uruana de Minas,URUANA DE MINAS,MG,-16.0634,-46.2443
3170503,Urucânia,URUCANIA,MG,-20.3521,-42.737
3170529,Urucuia,URUCUIA,MG,-16.1244,-45.7352
3170578,Vargem Alegre,VARGEM ALEGRE,MG,-19.5988,-42.2949
3170602,Vargem Bonita,VARGEM BONITA,MG,-20.3333,-46.3688
3170651,Vargem Grande do Rio Pardo,VARGEM GRANDE DO RIO PARDO,MG,-15.3987,-42.3085
3170701,Varginha,VARGINHA,MG,-21.5556,-45.4364
3170750,Varjão de Minas,VARJAO DE MINAS,MG,-18.3741,-46.0313
3170800,Várzea da Palma,VARZEA DA PALMA,MG,-17.5944,-44.7226
3170909,Varzelândia,VARZELANDIA,MG,-15.6992,-44.0278
3171006,Vazante,VAZANTE,MG,-17.9827,-46.9088
3171030,Verdelândia,VERDELANDIA,MG,-15.5845,-43.6121
3171071,Veredinha,VEREDINHA,MG,-17.3974,-42.7307
3171105,Veríssimo,VERISSIMO,MG,-19.6657,-48.3118
3171154,Vermelho Novo,VERMELHO NOVO,MG,-20.0406,-42.2688
3171204,Vespasiano,VESPASIANO,MG,-19.6883,-43.9239
3171303,Viçosa,VICOSA,MG,-20.7559,-42.8742
3171402,Vieiras,VIEIRAS,MG,-20.867,-42.2401
3171501,Mathias Lobato,MATHIAS LOBATO,MG,-18.59,-41.9166
3171600,Virgem da Lapa,VIRGEM DA LAPA,MG,-16.807,-42.3431
3171709,Virgínia,VIRGINIA,MG,-22.3264,-45.0965
3171808,Virginópolis,VIRGINOPOLIS,MG,-18.8154,-42.7015
3171907,Virgolândia,VIRGOLANDIA,MG,-18.4738,-42.3067
3172004,Visconde do Rio Branco,VISCONDE DO RIO BRANCO,MG,-21.0127,-42.8361
3172103,Volta Grande,VOLTA GRANDE,MG,-21.7671,-42.5375
3172202,Wenceslau Braz,WENCESLAU BRAZ,MG,-22.5368,-45.3626
3200102,Afonso Cláudio,AFONSO CLAUDIO,ES,-20.0778,-41.1261
3200136,Águia Branca,AGUIA BRANCA,ES,-18.9846,-40.7437
3200169,Água Doce do Norte,AGUA DOCE DO NORTE,ES,-18.5482,-40.9854
3200201,Alegre,ALEGRE,ES,-20.758,-41.5382
3200300,Alfredo Chaves,ALFREDO CHAVES,ES,-20.6396,-40.7543
3200359,Alto Rio Novo,ALTO RIO NOVO,ES,-19.0618,-41.0209
3200409,Anchieta,ANCHIETA,ES,-20.7955,-40.6425
3200508,Apiacá,APIACA,ES,-21.1523,-41.5693
3200607,Aracruz,ARACRUZ,ES,-19.82,-40.2764
3200706,Atilio Vivacqua,ATILIO VIVACQUA,ES,-20.913,-41.1986
3200805,Baixo Guandu,BAIXO GUANDU,ES,-19.5213,-41.0109
3200904,Barra de São Francisco,BARRA DE SAO FRANCISCO,ES,-18.7548,-40.8965
3201001,Boa Esperança,BOA ESPERANCA,ES,-18.5395,-40.3025
3201100,Bom Jesus do Norte,BOM JESUS DO NORTE,ES,-21.1173,-41.6731
3201159,Brejetuba,BREJETUBA,ES,-20.1395,-41.2954
3201209,Cachoeiro de Itapemirim,CACHOEIRO DE ITAPEMIRIM,ES,-20.8462,-41.1198
3201308,Cariacica,CARIACICA,ES,-20.2632,-40.4165
3201407,Castelo,CASTELO,ES,-20.6033,-41.2031
3201506,Colatina,COLATINA,ES,-19.5493,-40.6269
3201605,Conceição da Barra,CONCEICAO DA BARRA,ES,-18.5883,-39.7362
3201704,Conceição do Castelo,CONCEICAO DO CASTELO,ES,-20.3639,-41.2417
3201803,Divino de São Lourenço,DIVINO DE SAO LOURENCO,ES,-20.6229,-41.6937
3201902,Domingos Martins,DOMINGOS MARTINS,ES,-20.3603,-40.6594
3202009,Dores do Rio Preto,DORES DO RIO PRETO,ES,-20.6931,-41.8405
3202108,Ecoporanga,ECOPORANGA,ES,-18.3702,-40.836
3202207,Fundão,FUNDAO,ES,-19.937,-40.4078
3202256,Governador Lindenberg,GOVERNADOR LINDENBERG,ES,-19.1864,-40.4473
3202306,Guaçuí,GUACUI,ES,-20.7668,-41.6734
3202405,Guarapari,GUARAPARI,ES,-20.6772,-40.5093
3202454,Ibatiba,IBATIBA,ES,-20.2347,-41.5087
3202504,Ibiraçu,IBIRACU,ES,-19.8366,-40.3732
3202553,Ibitirama,IBITIRAMA,ES,-20.5466,-41.6667
3202603,Iconha,ICONHA,ES,-20.7913,-40.8132
3202652,Irupi,IRUPI,ES,-20.3501,-41.6444
3202702,Itaguaçu,ITAGUACU,ES,-19.8018,-40.8601
3202801,Itapemirim,ITAPEMIRIM,ES,-21.0095,-40.8307
3202900,Itarana,ITARANA,ES,-19.875,-40.8753
3203007,Iúna,IUNA,ES,-20.3531,-41.5334
3203056,Jaguaré,JAGUARE,ES,-18.907,-40.0759
3203106,Jerônimo Monteiro,JERONIMO MONTEIRO,ES,-20.7994,-41.3948
3203130,João Neiva,JOAO NEIVA,ES,-19.7577,-40.386
3203163,Laranja da Terra,LARANJA DA TERRA,ES,-19.8994,-41.0621
3203205,Linhares,LINHARES,ES,-19.3946,-40.0643
3203304,Mantenópolis,MANTENOPOLIS,ES,-18.8594,-41.124
3203320,Marataízes,MARATAIZES,ES,-21.0398,-40.8384
3203346,Marechal Floriano,MARECHAL FLORIANO,ES,-20.4159,-40.67
3203353,Marilândia,MARILANDIA,ES,-19.4114,-40.5456
3203403,Mimoso do Sul,MIMOSO DO SUL,ES,-21.0628,-41.3615
3203502,Montanha,MONTANHA,ES,-18.1303,-40.3668
3203601,Mucurici,MUCURICI,ES,-18.0965,-40.52
3203700,Muniz Freire,MUNIZ FREIRE,ES,-20.4652,-41.4156
3203809,Muqui,MUQUI,ES,-20.9509,-41.346
3203908,Nova Venécia,NOVA VENECIA,ES,-18.715,-40.4053
3204005,Pancas,PANCAS,ES,-19.2229,-40.8534
3204054,Pedro Canário,PEDRO CANARIO,ES,-18.3004,-39.9574
3204104,Pinheiros,PINHEIROS,ES,-18.4141,-40.2171
3204203,Piúma,PIUMA,ES,-20.8334,-40.7268
3204252,Ponto Belo,PONTO BELO,ES,-18.1253,-40.5458
3204302,Presidente Kennedy,PRESIDENTE KENNEDY,ES,-21.0964,-41.0468
3204351,Rio Bananal,RIO BANANAL,ES,-19.2719,-40.3366
3204401,Rio Novo do Sul,RIO NOVO DO SUL,ES,-20.8556,-40.9388
3204500,Santa Leopoldina,SANTA LEOPOLDINA,ES,-20.0999,-40.527
3204559,Santa Maria de Jetibá,SANTA MARIA DE JETIBA,ES,-20.0253,-40.7439
3204609,Santa Teresa,SANTA TERESA,ES,-19.9363,-40.5979
3204658,São Domingos do Norte,SAO DOMINGOS DO NORTE,ES,-19.1452,-40.6281
3204708,São Gabriel da Palha,SAO GABRIEL DA PALHA,ES,-19.0182,-40.5365
3204807,São José do Calçado,SAO JOSE DO CALCADO,ES,-21.0274,-41.6636
3204906,São Mateus,SAO MATEUS,ES,-18.7214,-39.8579
3204955,São Roque do Canaã,SAO ROQUE DO CANAA,ES,-19.7411,-40.6526
3205002,Serra,SERRA,ES,-20.121,-40.3074
3205010,Sooretama,SOORETAMA,ES,-19.1897,-40.0974
3205036,Vargem Alta,VARGEM ALTA,ES,-20.669,-41.0179
3205069,Venda Nova do Imigrante,VENDA NOVA DO IMIGRANTE,ES,-20.327,-41.1355
3205101,Viana,VIANA,ES,-20.3825,-40.4933
3205150,Vila Pavão,VILA PAVAO,ES,-18.6091,-40.609
3205176,Vila Valério,VILA VALERIO,ES,-18.9958,-40.3849
3205200,Vila Velha,VILA VELHA,ES,-20.3417,-40.2875
3205309,Vitória,VITORIA,ES,-20.3155,-40.3128
3300100,Angra dos Reis,ANGRA DOS REIS,RJ,-23.0011,-44.3196
3300159,Aperibé,APERIBE,RJ,-21.6252,-42.1017
3300209,Araruama,ARARUAMA,RJ,-22.8697,-42.3326
3300225,Areal,AREAL,RJ,-22.2283,-43.1118
3300233,Armação dos Búzios,ARMACAO DOS BUZIOS,RJ,-22.7528,-41.8846
3300258,Arraial do Cabo,ARRAIAL DO CABO,RJ,-22.9774,-42.0267
3300308,Barra do Piraí,BARRA DO PIRAI,RJ,-22.4715,-43.8269
3300407,Barra Mansa,BARRA MANSA,RJ,-22.5481,-44.1752
3300456,Belford Roxo,BELFORD ROXO,RJ,-22.764,-43.3992
3300506,Bom Jardim,BOM JARDIM,RJ,-22.1545,-42.4251
3300605,Bom Jesus do Itabapoana,BOM JESUS DO ITABAPOANA,RJ,-21.1449,-41.6822
3300704,Cabo Frio,CABO FRIO,RJ,-22.8894,-42.0286
3300803,Cachoeiras de Macacu,CACHOEIRAS DE MACACU,RJ,-22.4658,-42.6523
3300902,Cambuci,CAMBUCI,RJ,-21.5691,-41.9187
3300936,Carapebus,CARAPEBUS,RJ,-22.1821,-41.663
3300951,Comendador Levy Gasparian,COMENDADOR LEVY GASPARIAN,RJ,-22.0404,-43.214
3301009,Campos dos Goytacazes,CAMPOS DOS GOYTACAZES,RJ,-21.7622,-41.3181
3301108,Cantagalo,CANTAGALO,RJ,-21.9797,-42.3664
3301157,Cardoso Moreira,CARDOSO MOREIRA,RJ,-21.4846,-41.6165
3301207,Carmo,CARMO,RJ,-21.931,-42.6046
3301306,Casimiro de Abreu,CASIMIRO DE ABREU,RJ,-22.4812,-42.2066
3301405,Conceição de Macabu,CONCEICAO DE MACABU,RJ,-22.0834,-41.8719
3301504,Cordeiro,CORDEIRO,RJ,-22.0267,-42.3648
3301603,Duas Barras,DUAS BARRAS,RJ,-22.0536,-42.5232
3301702,Duque de Caxias,DUQUE DE CAXIAS,RJ,-22.7858,-43.3049
3301801,Engenheiro Paulo de Frontin,ENGENHEIRO PAULO DE FRONTIN,RJ,-22.5498,-43.6827
3301850,Guapimirim,GUAPIMIRIM,RJ,-22.5347,-42.9895
3301876,Iguaba Grande,IGUABA GRANDE,RJ,-22.8495,-42.2299
3301900,Itaboraí,ITABORAI,RJ,-22.7565,-42.8639
3302007,Itaguaí,ITAGUAI,RJ,-22.8636,-43.7798
3302056,Italva,ITALVA,RJ,-21.4296,-41.7014
3302106,Itaocara,ITAOCARA,RJ,-21.6748,-42.0758
3302205,Itaperuna,ITAPERUNA,RJ,-21.1997,-41.8799
3302254,Itatiaia,ITATIAIA,RJ,-22.4897,-44.5675
3302270,Japeri,JAPERI,RJ,-22.6435,-43.6602
3302304,Laje do Muriaé,LAJE DO MURIAE,RJ,-21.2091,-42.1271
3302403,Macaé,MACAE,RJ,-22.3768,-41.7848
3302452,Macuco,MACUCO,RJ,-21.9813,-42.2533
3302502,Magé,MAGE,RJ,-22.6632,-43.0315
3302601,Mangaratiba,MANGARATIBA,RJ,-22.9594,-44.0409
3302700,Maricá,MARICA,RJ,-22.9354,-42.8246
3302809,Mendes,MENDES,RJ,-22.5245,-43.7312
3302858,Mesquita,MESQUITA,RJ,-22.8028,-43.4601
3302908,Miguel Pereira,MIGUEL PEREIRA,RJ,-22.4572,-43.4803
3303005,Miracema,MIRACEMA,RJ,-21.4148,-42.1938
3303104,Natividade,NATIVIDADE,RJ,-21.039,-41.9697
3303203,Nilópolis,NILOPOLIS,RJ,-22.8057,-43.4233
3303302,Niterói,NITEROI,RJ,-22.8832,-43.1034
3303401,Nova Friburgo,NOVA FRIBURGO,RJ,-22.2932,-42.5377
3303500,Nova Iguaçu,NOVA IGUACU,RJ,-22.7556,-43.4603
3303609,Paracambi,PARACAMBI,RJ,-22.6078,-43.7108
3303708,Paraíba do Sul,PARAIBA DO SUL,RJ,-22.1585,-43.304
3303807,Paraty,PARATY,RJ,-23.2221,-44.7175
3303856,Paty do Alferes,PATY DO ALFERES,RJ,-22.4309,-43.4285
3303906,Petrópolis,PETROPOLIS,RJ,-22.52,-43.1926
3303955,Pinheiral,PINHEIRAL,RJ,-22.5172,-44.0022
3304003,Piraí,PIRAI,RJ,-22.6215,-43.9081
3304102,Porciúncula,PORCIUNCULA,RJ,-20.9632,-42.0465
3304110,Porto Real,PORTO REAL,RJ,-22.4175,-44.2952
3304128,Quatis,QUATIS,RJ,-22.4045,-44.2597
3304144,Queimados,QUEIMADOS,RJ,-22.7102,-43.5518
3304151,Quissamã,QUISSAMA,RJ,-22.1031,-41.4693
3304201,Resende,RESENDE,RJ,-22.4705,-44.4509
3304300,Rio Bonito,RIO BONITO,RJ,-22.7181,-42.6276
3304409,Rio Claro,RIO CLARO,RJ,-22.72,-44.1419
3304508,Rio das Flores,RIO DAS FLORES,RJ,-22.1692,-43.5856
3304524,Rio das Ostras,RIO DAS OSTRAS,RJ,-22.5174,-41.9475
3304557,Rio de Janeiro,RIO DE JANEIRO,RJ,-22.9129,-43.2003
3304607,Santa Maria Madalena,SANTA MARIA MADALENA,RJ,-21.9547,-42.0098
3304706,Santo Antônio de Pádua,SANTO ANTONIO DE PADUA,RJ,-21.541,-42.1832
3304755,São Francisco de Itabapoana,SAO FRANCISCO DE ITABAPOANA,RJ,-21.4702,-41.1091
3304805,São Fidélis,SAO FIDELIS,RJ,-21.6551,-41.756
3304904,São Gonçalo,SAO GONCALO,RJ,-22.8268,-43.0634
3305000,São João da Barra,SAO JOAO DA BARRA,RJ,-21.638,-41.0446
3305109,São João de Meriti,SAO JOAO DE MERITI,RJ,-22.8058,-43.3729
3305133,São José de Ubá,SAO JOSE DE UBA,RJ,-21.3661,-41.9511
3305158,São José do Vale do Rio Preto,SAO JOSE DO VALE DO RIO PRETO,RJ,-22.1525,-42.9327
3305208,São Pedro da Aldeia,SAO PEDRO DA ALDEIA,RJ,-22.8429,-42.1026
3305307,São Sebastião do Alto,SAO SEBASTIAO DO ALTO,RJ,-21.9578,-42.1328
3305406,Sapucaia,SAPUCAIA,RJ,-21.9949,-42.9142
3305505,Saquarema,SAQUAREMA,RJ,-22.9292,-42.5099
3305554,Seropédica,SEROPEDICA,RJ,-22.7526,-43.7155
3305604,Silva Jardim,SILVA JARDIM,RJ,-22.6574,-42.3961
3305703,Sumidouro,SUMIDOURO,RJ,-22.0485,-42.6761
3305752,Tanguá,TANGUA,RJ,-22.7423,-42.7202
3305802,Teresópolis,TERESOPOLIS,RJ,-22.4165,-42.9752
3305901,Trajano de Moraes,TRAJANO DE MORAES,RJ,-22.0638,-42.0643
3306008,Três Rios,TRES RIOS,RJ,-22.1165,-43.2185
3306107,Valença,VALENCA,RJ,-22.2445,-43.7129
3306156,Varre-Sai,VARRE SAI,RJ,-20.9276,-41.8701
3306206,Vassouras,VASSOURAS,RJ,-22.4059,-43.6686
3306305,Volta Redonda,VOLTA REDONDA,RJ,-22.5202,-44.0996
3500105,Adamantina,ADAMANTINA,SP,-21.682,-51.0737
3500204,Adolfo,ADOLFO,SP,-21.2325,-49.6451
3500303,Aguaí,AGUAI,SP,-22.0572,-46.9735
3500402,Águas da Prata,AGUAS DA PRATA,SP,-21.9319,-46.7176
3500501,Águas de Lindóia,AGUAS DE LINDOIA,SP,-22.4733,-46.6314
3500550,Águas de Santa Bárbara,AGUAS DE SANTA BARBARA,SP,-22.8812,-49.2421
3500600,Águas de São Pedro,AGUAS DE SAO PEDRO,SP,-22.5977,-47.8734
3500709,Agudos,AGUDOS,SP,-22.4694,-48.9863
3500758,Alambari,ALAMBARI,SP,-23.5503,-47.898
3500808,Alfredo Marcondes,ALFREDO MARCONDES,SP,-21.9527,-51.414
3500907,Altair,ALTAIR,SP,-20.5242,-49.0571
3501004,Altinópolis,ALTINOPOLIS,SP,-21.0214,-47.3712
3501103,Alto Alegre,ALTO ALEGRE,SP,-21.5811,-50.168
3501152,Alumínio,ALUMINIO,SP,-23.5306,-47.2546
3501202,Álvares Florence,ALVARES FLORENCE,SP,-20.3203,-49.9141
3501301,Álvares Machado,ALVARES MACHADO,SP,-22.0764,-51.4722
3501400,Álvaro de Carvalho,ALVARO DE CARVALHO,SP,-22.0841,-49.719
3501509,Alvinlândia,ALVINLANDIA,SP,-22.4435,-49.7623
3501608,Americana,AMERICANA,SP,-22.7374,-47.3331
3501707,Américo Brasiliense,AMERICO BRASILIENSE,SP,-21.7288,-48.1147
3501806,Américo de Campos,AMERICO DE CAMPOS,SP,-20.2985,-49.7359
3501905,Amparo,AMPARO,SP,-22.7088,-46.772
3502002,Analândia,ANALANDIA,SP,-22.1289,-47.6619
3502101,Andradina,ANDRADINA,SP,-20.8948,-51.3786
3502200,Angatuba,ANGATUBA,SP,-23.4917,-48.4139
3502309,Anhembi,ANHEMBI,SP,-22.793,-48.1336
3502408,Anhumas,ANHUMAS,SP,-22.2934,-51.3895
3502507,Aparecida,APARECIDA,SP,-22.8495,-45.2325
3502606,Aparecida d'Oeste,APARECIDA D OESTE,SP,-20.4487,-50.8835
3502705,Apiaí,APIAI,SP,-24.5108,-48.8443
3502754,Araçariguama,ARACARIGUAMA,SP,-23.4366,-47.0608
3502804,Araçatuba,ARACATUBA,SP,-21.2076,-50.4401
3502903,Araçoiaba da Serra,ARACOIABA DA SERRA,SP,-23.5029,-47.6166
3503000,Aramina,ARAMINA,SP,-20.0882,-47.7873
3503109,Arandu,ARANDU,SP,-23.1386,-49.0487
3503158,Arapeí,ARAPEI,SP,-22.6717,-44.4441
3503208,Araraquara,ARARAQUARA,SP,-21.7845,-48.178
3503307,Araras,ARARAS,SP,-22.3572,-47.3842
3503356,Arco-Íris,ARCO IRIS,SP,-21.7728,-50.466
3503406,Arealva,AREALVA,SP,-22.031,-48.9135
3503505,Areias,AREIAS,SP,-22.5786,-44.6992
3503604,Areiópolis,AREIOPOLIS,SP,-22.6672,-48.6681
3503703,Ariranha,ARIRANHA,SP,-21.1872,-48.7904
3503802,Artur Nogueira,ARTUR NOGUEIRA,SP,-22.5727,-47.1727
3503901,Arujá,ARUJA,SP,-23.3965,-46.32
3503950,Aspásia,ASPASIA,SP,-20.16,-50.728
3504008,Assis,ASSIS,SP,-22.66,-50.4183
3504107,Atibaia,ATIBAIA,SP,-23.1171,-46.5563
3504206,Auriflama,AURIFLAMA,SP,-20.6836,-50.5572
3504305,Avaí,AVAI,SP,-22.1514,-49.3356
3504404,Avanhandava,AVANHANDAVA,SP,-21.4584,-49.9509
3504503,Avaré,AVARE,SP,-23.1067,-48.9251
3504602,Bady Bassitt,BADY BASSITT,SP,-20.9197,-49.4385
3504701,Balbinos,BALBINOS,SP,-21.8963,-49.3619
3504800,Bálsamo,BALSAMO,SP,-20.7348,-49.5865
3504909,Bananal,BANANAL,SP,-22.6819,-44.3281
3505005,Barão de Antonina,BARAO DE ANTONINA,SP,-23.6284,-49.5634
3505104,Barbosa,BARBOSA,SP,-21.2657,-49.9518
3505203,Bariri,BARIRI,SP,-22.073,-48.7438
3505302,Barra Bonita,BARRA BONITA,SP,-22.4909,-48.5583
3505351,Barra do Chapéu,BARRA DO CHAPEU,SP,-24.4722,-49.0238
3505401,Barra do Turvo,BARRA DO TURVO,SP,-24.759,-48.5013
3505500,Barretos,BARRETOS,SP,-20.5531,-48.5698
3505609,Barrinha,BARRINHA,SP,-21.1864,-48.1636
3505708,Barueri,BARUERI,SP,-23.5057,-46.879
3505807,Bastos,BASTOS,SP,-21.921,-50.7357
3505906,Batatais,BATATAIS,SP,-20.8929,-47.5921
3506003,Bauru,BAURU,SP,-22.3246,-49.0871
3506102,Bebedouro,BEBEDOURO,SP,-20.9491,-48.4791
3506201,Bento de Abreu,BENTO DE ABREU,SP,-21.2686,-50.814
3506300,Bernardino de Campos,BERNARDINO DE CAMPOS,SP,-23.0164,-49.4679
3506359,Bertioga,BERTIOGA,SP,-23.8486,-46.1396
3506409,Bilac,BILAC,SP,-21.404,-50.4746
3506508,Birigui,BIRIGUI,SP,-21.291,-50.3432
3506607,Biritiba-Mirim,BIRITIBA MIRIM,SP,-23.5698,-46.0407
3506706,Boa Esperança do Sul,BOA ESPERANCA DO SUL,SP,-21.9918,-48.3906
3506805,Bocaina,BOCAINA,SP,-22.1365,-48.523
3506904,Bofete,BOFETE,SP,-23.1055,-48.2582
3507001,Boituva,BOITUVA,SP,-23.2855,-47.6786
3507100,Bom Jesus dos Perdões,BOM JESUS DOS PERDOES,SP,-23.1356,-46.4675
3507159,Bom Sucesso de Itararé,BOM SUCESSO DE ITARARE,SP,-24.3155,-49.1451
3507209,Borá,BORA,SP,-22.2696,-50.5409
3507308,Boracéia,BORACEIA,SP,-22.1926,-48.7808
3507407,Borborema,BORBOREMA,SP,-21.6214,-49.0741
3507456,Borebi,BOREBI,SP,-22.5728,-48.9707
3507506,Botucatu,BOTUCATU,SP,-22.8837,-48.4437
3507605,Bragança Paulista,BRAGANCA PAULISTA,SP,-22.9527,-46.5419
3507704,Braúna,BRAUNA,SP,-21.499,-50.3175
3507753,Brejo Alegre,BREJO ALEGRE,SP,-21.1651,-50.1861
3507803,Brodowski,BRODOWSKI,SP,-20.9845,-47.6572
3507902,Brotas,BROTAS,SP,-22.2795,-48.1251
3508009,Buri,BURI,SP,-23.7977,-48.5958
3508108,Buritama,BURITAMA,SP,-21.0661,-50.1475
3508207,Buritizal,BURITIZAL,SP,-20.1911,-47.7096
3508306,Cabrália Paulista,CABRALIA PAULISTA,SP,-22.4576,-49.3393
3508405,Cabreúva,CABREUVA,SP,-23.3053,-47.1362
3508504,Caçapava,CACAPAVA,SP,-23.0992,-45.7076
3508603,Cachoeira Paulista,CACHOEIRA PAULISTA,SP,-22.6665,-45.0154
3508702,Caconde,CACONDE,SP,-21.528,-46.6437
3508801,Cafelândia,CAFELANDIA,SP,-21.8031,-49.6092
3508900,Caiabu,CAIABU,SP,-22.0127,-51.2394
3509007,Caieiras,CAIEIRAS,SP,-23.3607,-46.7397
3509106,Caiuá,CAIUA,SP,-21.8322,-51.9969
3509205,Cajamar,CAJAMAR,SP,-23.355,-46.8781
3509254,Cajati,CAJATI,SP,-24.7324,-48.1223
3509304,Cajobi,CAJOBI,SP,-20.8773,-48.8063
3509403,Cajuru,CAJURU,SP,-21.2749,-47.303
3509452,Campina do Monte Alegre,CAMPINA DO MONTE ALEGRE,SP,-23.5895,-48.4758
3509502,Campinas,CAMPINAS,SP,-22.9053,-47.0659
3509601,Campo Limpo Paulista,CAMPO LIMPO PAULISTA,SP,-23.2078,-46.7889
3509700,Campos do Jordão,CAMPOS DO JORDAO,SP,-22.7296,-45.5833
3509809,Campos Novos Paulista,CAMPOS NOVOS PAULISTA,SP,-22.602,-49.9987
3509908,Cananéia,CANANEIA,SP,-25.0144,-47.9341
3509957,Canas,CANAS,SP,-22.7003,-45.0521
3510005,Cândido Mota,CANDIDO MOTA,SP,-22.7471,-50.3873
3510104,Cândido Rodrigues,CANDIDO RODRIGUES,SP,-21.3275,-48.6327
3510153,Canitar,CANITAR,SP,-23.004,-49.7839
3510203,Capão Bonito,CAPAO BONITO,SP,-24.0113,-48.3482
3510302,Capela do Alto,CAPELA DO ALTO,SP,-23.4685,-47.7388
3510401,Capivari,CAPIVARI,SP,-22.9951,-47.5071
3510500,Caraguatatuba,CARAGUATATUBA,SP,-23.6125,-45.4125
3510609,Carapicuíba,CARAPICUIBA,SP,-23.5235,-46.8407
3510708,Cardoso,CARDOSO,SP,-20.08,-49.9183
3510807,Casa Branca,CASA BRANCA,SP,-21.7708,-47.0852
3510906,Cássia dos Coqueiros,CASSIA DOS COQUEIROS,SP,-21.2801,-47.1643
3511003,Castilho,CASTILHO,SP,-20.8689,-51.4884
3511102,Catanduva,CATANDUVA,SP,-21.1314,-48.977
3511201,Catiguá,CATIGUA,SP,-21.0519,-49.0616
3511300,Cedral,CEDRAL,SP,-20.9009,-49.2664
3511409,Cerqueira César,CERQUEIRA CESAR,SP,-23.038,-49.1655
3511508,Cerquilho,CERQUILHO,SP,-23.1665,-47.7459
3511607,Cesário Lange,CESARIO LANGE,SP,-23.226,-47.9545
3511706,Charqueada,CHARQUEADA,SP,-22.5096,-47.7755
3511904,Clementina,CLEMENTINA,SP,-21.5604,-50.4525
3512001,Colina,COLINA,SP,-20.7114,-48.5387
3512100,Colômbia,COLOMBIA,SP,-20.1768,-48.6865
3512209,Conchal,CONCHAL,SP,-22.3375,-47.1729
3512308,Conchas,CONCHAS,SP,-23.0154,-48.0134
3512407,Cordeirópolis,CORDEIROPOLIS,SP,-22.4778,-47.4519
3512506,Coroados,COROADOS,SP,-21.3521,-50.2859
3512605,Coronel Macedo,CORONEL MACEDO,SP,-23.6261,-49.31
3512704,Corumbataí,CORUMBATAI,SP,-22.2213,-47.6215
3512803,Cosmópolis,COSMOPOLIS,SP,-22.6419,-47.1926
3512902,Cosmorama,COSMORAMA,SP,-20.4755,-49.7827
3513009,Cotia,COTIA,SP,-23.6022,-46.919
3513108,Cravinhos,CRAVINHOS,SP,-21.338,-47.7324
3513207,Cristais Paulista,CRISTAIS PAULISTA,SP,-20.4036,-47.4209
3513306,Cruzália,CRUZALIA,SP,-22.7373,-50.7909
3513405,Cruzeiro,CRUZEIRO,SP,-22.5728,-44.969
3513504,Cubatão,CUBATAO,SP,-23.8911,-46.424
3513603,Cunha,CUNHA,SP,-23.0731,-44.9576
3513702,Descalvado,DESCALVADO,SP,-21.9002,-47.6181
3513801,Diadema,DIADEMA,SP,-23.6813,-46.6205
3513850,Dirce Reis,DIRCE REIS,SP,-20.4642,-50.6073
3513900,Divinolândia,DIVINOLANDIA,SP,-21.6637,-46.7361
3514007,Dobrada,DOBRADA,SP,-21.5155,-48.3935
3514106,Dois Córregos,DOIS CORREGOS,SP,-22.3673,-48.3819
3514205,Dolcinópolis,DOLCINOPOLIS,SP,-20.124,-50.5149
3514304,Dourado,DOURADO,SP,-22.1044,-48.3178
3514403,Dracena,DRACENA,SP,-21.4843,-51.535
3514502,Duartina,DUARTINA,SP,-22.4146,-49.4084
3514601,Dumont,DUMONT,SP,-21.2324,-47.9756
3514700,Echaporã,ECHAPORA,SP,-22.4326,-50.2038
3514809,Eldorado,ELDORADO,SP,-24.5281,-48.1141
3514908,Elias Fausto,ELIAS FAUSTO,SP,-23.0428,-47.3682
3514924,Elisiário,ELISIARIO,SP,-21.1678,-49.1146
3514957,Embaúba,EMBAUBA,SP,-20.9796,-48.8325
3515004,Embu das Artes,EMBU DAS ARTES,SP,-23.6437,-46.8579
3515103,Embu-Guaçu,EMBU GUACU,SP,-23.8297,-46.8136
3515129,Emilianópolis,EMILIANOPOLIS,SP,-21.8314,-51.4832
3515152,Engenheiro Coelho,ENGENHEIRO COELHO,SP,-22.4836,-47.211
3515186,Espírito Santo do Pinhal,ESPIRITO SANTO DO PINHAL,SP,-22.1909,-46.7477
3515194,Espírito Santo do Turvo,ESPIRITO SANTO DO TURVO,SP,-22.6925,-49.4341
3515202,Estrela d'Oeste,ESTRELA D OESTE,SP,-20.2875,-50.4049
3515301,Estrela do Norte,ESTRELA DO NORTE,SP,-22.4859,-51.6632
3515350,Euclides da Cunha Paulista,EUCLIDES DA CUNHA PAULISTA,SP,-22.5545,-52.5928
3515400,Fartura,FARTURA,SP,-23.3916,-49.5124
3515509,Fernandópolis,FERNANDOPOLIS,SP,-20.2806,-50.2471
3515608,Fernando Prestes,FERNANDO PRESTES,SP,-21.2661,-48.6874
3515657,Fernão,FERNAO,SP,-22.3607,-49.5187
3515707,Ferraz de Vasconcelos,FERRAZ DE VASCONCELOS,SP,-23.5411,-46.371
3515806,Flora Rica,FLORA RICA,SP,-21.6727,-51.3821
3515905,Floreal,FLOREAL,SP,-20.6752,-50.1513
3516002,Flórida Paulista,FLORIDA PAULISTA,SP,-21.6127,-51.1724
3516101,Florínia,FLORINIA,SP,-22.868,-50.6814
3516200,Franca,FRANCA,SP,-20.5352,-47.4039
3516309,Francisco Morato,FRANCISCO MORATO,SP,-23.2792,-46.7448
3516408,Franco da Rocha,FRANCO DA ROCHA,SP,-23.3229,-46.729
3516507,Gabriel Monteiro,GABRIEL MONTEIRO,SP,-21.5294,-50.5573
3516606,Gália,GALIA,SP,-22.2918,-49.5504
3516705,Garça,GARCA,SP,-22.2125,-49.6546
3516804,Gastão Vidigal,GASTAO VIDIGAL,SP,-20.7948,-50.1912
3516853,Gavião Peixoto,GAVIAO PEIXOTO,SP,-21.8367,-48.4957
3516903,General Salgado,GENERAL SALGADO,SP,-20.6485,-50.364
3517000,Getulina,GETULINA,SP,-21.7961,-49.9312
3517109,Glicério,GLICERIO,SP,-21.3812,-50.2123
3517208,Guaiçara,GUAICARA,SP,-21.6195,-49.8013
3517307,Guaimbê,GUAIMBE,SP,-21.9091,-49.8986
3517406,Guaíra,GUAIRA,SP,-20.3196,-48.312
3517505,Guapiaçu,GUAPIACU,SP,-20.7959,-49.2172
3517604,Guapiara,GUAPIARA,SP,-24.1892,-48.5295
3517703,Guará,GUARA,SP,-20.4302,-47.8236
3517802,Guaraçaí,GUARACAI,SP,-21.0292,-51.2119
3517901,Guaraci,GUARACI,SP,-20.4977,-48.9391
3518008,Guarani d'Oeste,GUARANI D OESTE,SP,-20.0746,-50.3411
3518107,Guarantã,GUARANTA,SP,-21.8942,-49.5914
3518206,Guararapes,GUARARAPES,SP,-21.2544,-50.6453
3518305,Guararema,GUARAREMA,SP,-23.4112,-46.0369
3518404,Guaratinguetá,GUARATINGUETA,SP,-22.8075,-45.1938
3518503,Guareí,GUAREI,SP,-23.3714,-48.1837
3518602,Guariba,GUARIBA,SP,-21.3594,-48.2316
3518701,Guarujá,GUARUJA,SP,-23.9888,-46.258
3518800,Guarulhos,GUARULHOS,SP,-23.4538,-46.5333
3518859,Guatapará,GUATAPARA,SP,-21.4944,-48.0356
3518909,Guzolândia,GUZOLANDIA,SP,-20.6467,-50.6645
3519006,Herculândia,HERCULANDIA,SP,-22.0038,-50.3907
3519055,Holambra,HOLAMBRA,SP,-22.6405,-47.0487
3519071,Hortolândia,HORTOLANDIA,SP,-22.8529,-47.2143
3519105,Iacanga,IACANGA,SP,-21.8896,-49.031
3519204,Iacri,IACRI,SP,-21.8572,-50.6932
3519253,Iaras,IARAS,SP,-22.8682,-49.1634
3519303,Ibaté,IBATE,SP,-21.9584,-47.9882
3519402,Ibirá,IBIRA,SP,-21.083,-49.2448
3519501,Ibirarema,IBIRAREMA,SP,-22.8185,-50.0739
3519600,Ibitinga,IBITINGA,SP,-21.7562,-48.8319
3519709,Ibiúna,IBIUNA,SP,-23.6596,-47.223
3519808,Icém,ICEM,SP,-20.3391,-49.1915
3519907,Iepê,IEPE,SP,-22.6602,-51.0779
3520004,Igaraçu do Tietê,IGARACU DO TIETE,SP,-22.509,-48.5597
3520103,Igarapava,IGARAPAVA,SP,-20.0407,-47.7466
3520202,Igaratá,IGARATA,SP,-23.2037,-46.157
3520301,Iguape,IGUAPE,SP,-24.699,-47.5537
3520400,Ilhabela,ILHABELA,SP,-23.7785,-45.3552
3520426,Ilha Comprida,ILHA COMPRIDA,SP,-24.7307,-47.5383
3520442,Ilha Solteira,ILHA SOLTEIRA,SP,-20.4326,-51.3426
3520509,Indaiatuba,INDAIATUBA,SP,-23.0816,-47.2101
3520608,Indiana,INDIANA,SP,-22.1738,-51.2555
3520707,Indiaporã,INDIAPORA,SP,-19.979,-50.2909
3520806,Inúbia Paulista,INUBIA PAULISTA,SP,-21.7695,-50.9633
3520905,Ipaussu,IPAUSSU,SP,-23.0575,-49.6279
3521002,Iperó,IPERO,SP,-23.3513,-47.6927
3521101,Ipeúna,IPEUNA,SP,-22.4355,-47.7151
3521150,Ipiguá,IPIGUA,SP,-20.6557,-49.3842
3521200,Iporanga,IPORANGA,SP,-24.5847,-48.5971
3521309,Ipuã,IPUA,SP,-20.4438,-48.0129
3521408,Iracemápolis,IRACEMAPOLIS,SP,-22.5832,-47.523
3521507,Irapuã,IRAPUA,SP,-21.2768,-49.4164
3521606,Irapuru,IRAPURU,SP,-21.5684,-51.3472
3521705,Itaberá,ITABERA,SP,-23.8638,-49.14
3521804,Itaí,ITAI,SP,-23.4213,-49.092
3521903,Itajobi,ITAJOBI,SP,-21.3123,-49.0629
3522000,Itaju,ITAJU,SP,-21.9857,-48.8116
3522109,Itanhaém,ITANHAEM,SP,-24.1736,-46.788
3522158,Itaóca,ITAOCA,SP,-24.6393,-48.8413
3522208,Itapecerica da Serra,ITAPECERICA DA SERRA,SP,-23.7161,-46.8572
3522307,Itapetininga,ITAPETININGA,SP,-23.5886,-48.0483
3522406,Itapeva,ITAPEVA,SP,-23.9788,-48.8764
3522505,Itapevi,ITAPEVI,SP,-23.5488,-46.9327
3522604,Itapira,ITAPIRA,SP,-22.4357,-46.8224
3522653,Itapirapuã Paulista,ITAPIRAPUA PAULISTA,SP,-24.572,-49.1661
3522703,Itápolis,ITAPOLIS,SP,-21.5942,-48.8149
3522802,Itaporanga,ITAPORANGA,SP,-23.7043,-49.4819
3522901,Itapuí,ITAPUI,SP,-22.2324,-48.7197
3523008,Itapura,ITAPURA,SP,-20.6419,-51.5063
3523107,Itaquaquecetuba,ITAQUAQUECETUBA,SP,-23.4835,-46.3457
3523206,Itararé,ITARARE,SP,-24.1085,-49.3352
3523305,Itariri,ITARIRI,SP,-24.2834,-47.1736
3523404,Itatiba,ITATIBA,SP,-23.0035,-46.8464
3523503,Itatinga,ITATINGA,SP,-23.1047,-48.6157
3523602,Itirapina,ITIRAPINA,SP,-22.2562,-47.8166
3523701,Itirapuã,ITIRAPUA,SP,-20.6416,-47.2194
3523800,Itobi,ITOBI,SP,-21.7309,-46.9743
3523909,Itu,ITU,SP,-23.2544,-47.2927
3524006,Itupeva,ITUPEVA,SP,-23.1526,-47.0593
3524105,Ituverava,ITUVERAVA,SP,-20.3355,-47.7902
3524204,Jaborandi,JABORANDI,SP,-20.6884,-48.4112
3524303,Jaboticabal,JABOTICABAL,SP,-21.252,-48.3252
3524402,Jacareí,JACAREI,SP,-23.2983,-45.9658
3524501,Jaci,JACI,SP,-20.8805,-49.5797
3524600,Jacupiranga,JACUPIRANGA,SP,-24.6963,-48.0064
3524709,Jaguariúna,JAGUARIUNA,SP,-22.7037,-46.9851
3524808,Jales,JALES,SP,-20.2672,-50.5494
3524907,Jambeiro,JAMBEIRO,SP,-23.2522,-45.6942
3525003,Jandira,JANDIRA,SP,-23.5275,-46.9023
3525102,Jardinópolis,JARDINOPOLIS,SP,-21.0176,-47.7606
3525201,Jarinu,JARINU,SP,-23.1039,-46.728
3525300,Jaú,JAU,SP,-22.2936,-48.5592
3525409,Jeriquara,JERIQUARA,SP,-20.3116,-47.5918
3525508,Joanópolis,JOANOPOLIS,SP,-22.927,-46.2741
3525607,João Ramalho,JOAO RAMALHO,SP,-22.2473,-50.7694
3525706,José Bonifácio,JOSE BONIFACIO,SP,-21.0551,-49.6892
3525805,Júlio Mesquita,JULIO MESQUITA,SP,-22.0112,-49.7873
3525854,Jumirim,JUMIRIM,SP,-23.0884,-47.7868
3525904,Jundiaí,JUNDIAI,SP,-23.1852,-46.8974
3526001,Junqueirópolis,JUNQUEIROPOLIS,SP,-21.5103,-51.4342
3526100,Juquiá,JUQUIA,SP,-24.3101,-47.6426
3526209,Juquitiba,JUQUITIBA,SP,-23.9244,-47.0653
3526308,Lagoinha,LAGOINHA,SP,-23.0846,-45.1944
3526407,Laranjal Paulista,LARANJAL PAULISTA,SP,-23.0506,-47.8375
3526506,Lavínia,LAVINIA,SP,-21.1639,-51.0412
3526605,Lavrinhas,LAVRINHAS,SP,-22.57,-44.9024
3526704,Leme,LEME,SP,-22.1809,-47.3841
3526803,Lençóis Paulista,LENCOIS PAULISTA,SP,-22.6027,-48.8037
3526902,Limeira,LIMEIRA,SP,-22.566,-47.397
3527009,Lindóia,LINDOIA,SP,-22.5226,-46.65
3527108,Lins,LINS,SP,-21.6718,-49.7526
3527207,Lorena,LORENA,SP,-22.7334,-45.1197
3527256,Lourdes,LOURDES,SP,-20.966,-50.2263
3527306,Louveira,LOUVEIRA,SP,-23.0856,-46.9484
3527405,Lucélia,LUCELIA,SP,-21.7182,-51.0215
3527504,Lucianópolis,LUCIANOPOLIS,SP,-22.4294,-49.522
3527603,Luís Antônio,LUIS ANTONIO,SP,-21.55,-47.7801
3527702,Luiziânia,LUIZIANIA,SP,-21.6737,-50.3294
3527801,Lupércio,LUPERCIO,SP,-22.4146,-49.818
3527900,Lutécia,LUTECIA,SP,-22.3384,-50.394
3528007,Macatuba,MACATUBA,SP,-22.5002,-48.7102
3528106,Macaubal,MACAUBAL,SP,-20.8022,-49.9687
3528205,Macedônia,MACEDONIA,SP,-20.1444,-50.1973
3528304,Magda,MAGDA,SP,-20.6445,-50.2305
3528403,Mairinque,MAIRINQUE,SP,-23.5398,-47.185
3528502,Mairiporã,MAIRIPORA,SP,-23.3171,-46.5897
3528601,Manduri,MANDURI,SP,-23.0056,-49.3202
3528700,Marabá Paulista,MARABA PAULISTA,SP,-22.1068,-51.9617
3528809,Maracaí,MARACAI,SP,-22.6149,-50.6713
3528858,Marapoama,MARAPOAMA,SP,-21.2587,-49.13
3528908,Mariápolis,MARIAPOLIS,SP,-21.7959,-51.1824
3529005,Marília,MARILIA,SP,-22.2171,-49.9501
3529104,Marinópolis,MARINOPOLIS,SP,-20.4389,-50.8254
3529203,Martinópolis,MARTINOPOLIS,SP,-22.1462,-51.1709
3529302,Matão,MATAO,SP,-21.6025,-48.364
3529401,Mauá,MAUA,SP,-23.6677,-46.4613
3529500,Mendonça,MENDONCA,SP,-21.1757,-49.5791
3529609,Meridiano,MERIDIANO,SP,-20.3579,-50.1811
3529658,Mesópolis,MESOPOLIS,SP,-19.9684,-50.6326
3529708,Miguelópolis,MIGUELOPOLIS,SP,-20.1796,-48.031
3529807,Mineiros do Tietê,MINEIROS DO TIETE,SP,-22.412,-48.451
3529906,Miracatu,MIRACATU,SP,-24.2766,-47.4625
3530003,Mira Estrela,MIRA ESTRELA,SP,-19.9789,-50.139
3530102,Mirandópolis,MIRANDOPOLIS,SP,-21.1313,-51.1035
3530201,Mirante do Paranapanema,MIRANTE DO PARANAPANEMA,SP,-22.2904,-51.9084
3530300,Mirassol,MIRASSOL,SP,-20.8169,-49.5206
3530409,Mirassolândia,MIRASSOLANDIA,SP,-20.6179,-49.4617
3530508,Mococa,MOCOCA,SP,-21.4647,-47.0024
3530607,Mogi das Cruzes,MOGI DAS CRUZES,SP,-23.5208,-46.1854
3530706,Mogi Guaçu,MOGI GUACU,SP,-22.3675,-46.9428
3530805,Mogi Mirim,MOGI MIRIM,SP,-22.4332,-46.9532
3530904,Mombuca,MOMBUCA,SP,-22.9285,-47.559
3531001,Monções,MONCOES,SP,-20.8509,-50.0975
3531100,Mongaguá,MONGAGUA,SP,-24.0809,-46.6265
3531209,Monte Alegre do Sul,MONTE ALEGRE DO SUL,SP,-22.6817,-46.681
3531308,Monte Alto,MONTE ALTO,SP,-21.2655,-48.4971
3531407,Monte Aprazível,MONTE APRAZIVEL,SP,-20.768,-49.7184
3531506,Monte Azul Paulista,MONTE AZUL PAULISTA,SP,-20.9065,-48.6387
3531605,Monte Castelo,MONTE CASTELO,SP,-21.2981,-51.5679
3531704,Monteiro Lobato,MONTEIRO LOBATO,SP,-22.9544,-45.8407
3531803,Monte Mor,MONTE MOR,SP,-22.945,-47.3122
3531902,Morro Agudo,MORRO AGUDO,SP,-20.7288,-48.0581
3532009,Morungaba,MORUNGABA,SP,-22.8811,-46.7896
3532058,Motuca,MOTUCA,SP,-21.5103,-48.1538
3532108,Murutinga do Sul,MURUTINGA DO SUL,SP,-20.9908,-51.2774
3532157,Nantes,NANTES,SP,-22.6156,-51.24
3532207,Narandiba,NARANDIBA,SP,-22.4057,-51.5274
3532306,Natividade da Serra,NATIVIDADE DA SERRA,SP,-23.3707,-45.4468
3532405,Nazaré Paulista,NAZARE PAULISTA,SP,-23.1747,-46.3983
3532504,Neves Paulista,NEVES PAULISTA,SP,-20.843,-49.6358
3532603,Nhandeara,NHANDEARA,SP,-20.6945,-50.0436
3532702,Nipoã,NIPOA,SP,-20.9114,-49.7833
3532801,Nova Aliança,NOVA ALIANCA,SP,-21.0156,-49.4986
3532827,Nova Campina,NOVA CAMPINA,SP,-24.1224,-48.9022
3532843,Nova Canaã Paulista,NOVA CANAA PAULISTA,SP,-20.3836,-50.9483
3532868,Nova Castilho,NOVA CASTILHO,SP,-20.7615,-50.3477
3532900,Nova Europa,NOVA EUROPA,SP,-21.7765,-48.5705
3533007,Nova Granada,NOVA GRANADA,SP,-20.5321,-49.3123
3533106,Nova Guataporanga,NOVA GUATAPORANGA,SP,-21.332,-51.6447
3533205,Nova Independência,NOVA INDEPENDENCIA,SP,-21.1026,-51.4905
3533254,Novais,NOVAIS,SP,-20.9893,-48.9141
3533304,Nova Luzitânia,NOVA LUZITANIA,SP,-20.856,-50.2617
3533403,Nova Odessa,NOVA ODESSA,SP,-22.7832,-47.2941
3533502,Novo Horizonte,NOVO HORIZONTE,SP,-21.4651,-49.2234
3533601,Nuporanga,NUPORANGA,SP,-20.7296,-47.7429
3533700,Ocauçu,OCAUCU,SP,-22.438,-49.922
3533809,Óleo,OLEO,SP,-22.9435,-49.3419
3533908,Olímpia,OLIMPIA,SP,-20.7366,-48.9106
3534005,Onda Verde,ONDA VERDE,SP,-20.6042,-49.2929
3534104,Oriente,ORIENTE,SP,-22.1549,-50.0971
3534203,Orindiúva,ORINDIUVA,SP,-20.1861,-49.3464
3534302,Orlândia,ORLANDIA,SP,-20.7169,-47.8852
3534401,Osasco,OSASCO,SP,-23.5324,-46.7916
3534500,Oscar Bressane,OSCAR BRESSANE,SP,-22.3149,-50.2811
3534609,Osvaldo Cruz,OSVALDO CRUZ,SP,-21.7968,-50.8793
3534708,Ourinhos,OURINHOS,SP,-22.9797,-49.8697
3534757,Ouroeste,OUROESTE,SP,-20.0061,-50.3768
3534807,Ouro Verde,OURO VERDE,SP,-21.4872,-51.7024
3534906,Pacaembu,PACAEMBU,SP,-21.5627,-51.2654
3535002,Palestina,PALESTINA,SP,-20.39,-49.4309
3535101,Palmares Paulista,PALMARES PAULISTA,SP,-21.0854,-48.8037
3535200,Palmeira d'Oeste,PALMEIRA D OESTE,SP,-20.4148,-50.7632
3535309,Palmital,PALMITAL,SP,-22.7858,-50.218
3535408,Panorama,PANORAMA,SP,-21.354,-51.8562
3535507,Paraguaçu Paulista,PARAGUACU PAULISTA,SP,-22.4114,-50.5732
3535606,Paraibuna,PARAIBUNA,SP,-23.3872,-45.6639
3535705,Paraíso,PARAISO,SP,-21.0159,-48.7761
3535804,Paranapanema,PARANAPANEMA,SP,-23.3862,-48.7214
3535903,Paranapuã,PARANAPUA,SP,-20.1048,-50.5886
3536000,Parapuã,PARAPUA,SP,-21.7792,-50.7949
3536109,Pardinho,PARDINHO,SP,-23.0841,-48.3679
3536208,Pariquera-Açu,PARIQUERA ACU,SP,-24.7147,-47.8742
3536257,Parisi,PARISI,SP,-20.3034,-50.0163
3536307,Patrocínio Paulista,PATROCINIO PAULISTA,SP,-20.6384,-47.2801
3536406,Paulicéia,PAULICEIA,SP,-21.3153,-51.8321
3536505,Paulínia,PAULINIA,SP,-22.7542,-47.1488
3536570,Paulistânia,PAULISTANIA,SP,-22.5768,-49.4008
3536604,Paulo de Faria,PAULO DE FARIA,SP,-20.0296,-49.4
3536703,Pederneiras,PEDERNEIRAS,SP,-22.3511,-48.7781
3536802,Pedra Bela,PEDRA BELA,SP,-22.7902,-46.4455
3536901,Pedranópolis,PEDRANOPOLIS,SP,-20.2474,-50.1129
3537008,Pedregulho,PEDREGULHO,SP,-20.2535,-47.4775
3537107,Pedreira,PEDREIRA,SP,-22.7413,-46.8948
3537156,Pedrinhas Paulista,PEDRINHAS PAULISTA,SP,-22.8174,-50.7933
3537206,Pedro de Toledo,PEDRO DE TOLEDO,SP,-24.2764,-47.2354
3537305,Penápolis,PENAPOLIS,SP,-21.4148,-50.0769
3537404,Pereira Barreto,PEREIRA BARRETO,SP,-20.6368,-51.1123
3537503,Pereiras,PEREIRAS,SP,-23.0804,-47.972
3537602,Peruíbe,PERUIBE,SP,-24.312,-47.0012
3537701,Piacatu,PIACATU,SP,-21.5921,-50.6003
3537800,Piedade,PIEDADE,SP,-23.7139,-47.4256
3537909,Pilar do Sul,PILAR DO SUL,SP,-23.8077,-47.7222
3538006,Pindamonhangaba,PINDAMONHANGABA,SP,-22.9246,-45.4613
3538105,Pindorama,PINDORAMA,SP,-21.1853,-48.9086
3538204,Pinhalzinho,PINHALZINHO,SP,-22.7811,-46.5897
3538303,Piquerobi,PIQUEROBI,SP,-21.8747,-51.7282
3538501,Piquete,PIQUETE,SP,-22.6069,-45.1869
3538600,Piracaia,PIRACAIA,SP,-23.0525,-46.3594
3538709,Piracicaba,PIRACICABA,SP,-22.7338,-47.6476
3538808,Piraju,PIRAJU,SP,-23.1981,-49.3803
3538907,Pirajuí,PIRAJUI,SP,-21.999,-49.4608
3539004,Pirangi,PIRANGI,SP,-21.0886,-48.6607
3539103,Pirapora do Bom Jesus,PIRAPORA DO BOM JESUS,SP,-23.3965,-46.9991
3539202,Pirapozinho,PIRAPOZINHO,SP,-22.2711,-51.4976
3539301,Pirassununga,PIRASSUNUNGA,SP,-21.996,-47.4257
3539400,Piratininga,PIRATININGA,SP,-22.4142,-49.1339
3539509,Pitangueiras,PITANGUEIRAS,SP,-21.0132,-48.221
3539608,Planalto,PLANALTO,SP,-21.0342,-49.933
3539707,Platina,PLATINA,SP,-22.6371,-50.2104
3539806,Poá,POA,SP,-23.5333,-46.3473
3539905,Poloni,POLONI,SP,-20.7829,-49.8258
3540002,Pompéia,POMPEIA,SP,-22.107,-50.176
3540101,Pongaí,PONGAI,SP,-21.7396,-49.3604
3540200,Pontal,PONTAL,SP,-21.0216,-48.0423
3540259,Pontalinda,PONTALINDA,SP,-20.4396,-50.5258
3540309,Pontes Gestal,PONTES GESTAL,SP,-20.1727,-49.7064
3540408,Populina,POPULINA,SP,-19.9453,-50.538
3540507,Porangaba,PORANGABA,SP,-23.1761,-48.1195
3540606,Porto Feliz,PORTO FELIZ,SP,-23.2093,-47.5251
3540705,Porto Ferreira,PORTO FERREIRA,SP,-21.8498,-47.487
3540754,Potim,POTIM,SP,-22.8343,-45.2552
3540804,Potirendaba,POTIRENDABA,SP,-21.0428,-49.3815
3540853,Pracinha,PRACINHA,SP,-21.8496,-51.0868
3540903,Pradópolis,PRADOPOLIS,SP,-21.3626,-48.0679
3541000,Praia Grande,PRAIA GRANDE,SP,-24.0084,-46.4121
3541059,Pratânia,PRATANIA,SP,-22.8112,-48.6636
3541109,Presidente Alves,PRESIDENTE ALVES,SP,-22.0999,-49.4381
3541208,Presidente Bernardes,PRESIDENTE BERNARDES,SP,-22.0082,-51.5565
3541307,Presidente Epitácio,PRESIDENTE EPITACIO,SP,-21.7651,-52.1111
3541406,Presidente Prudente,PRESIDENTE PRUDENTE,SP,-22.1207,-51.3925
3541505,Presidente Venceslau,PRESIDENTE VENCESLAU,SP,-21.8732,-51.8447
3541604,Promissão,PROMISSAO,SP,-21.5356,-49.8599
3541653,Quadra,QUADRA,SP,-23.2993,-48.0547
3541703,Quatá,QUATA,SP,-22.2456,-50.6966
3541802,Queiroz,QUEIROZ,SP,-21.7969,-50.2415
3541901,Queluz,QUELUZ,SP,-22.5312,-44.7781
3542008,Quintana,QUINTANA,SP,-22.0692,-50.307
3542107,Rafard,RAFARD,SP,-23.0105,-47.5318
3542206,Rancharia,RANCHARIA,SP,-22.2269,-50.893
3542305,Redenção da Serra,REDENCAO DA SERRA,SP,-23.2638,-45.5422
3542404,Regente Feijó,REGENTE FEIJO,SP,-22.2181,-51.3055
3542503,Reginópolis,REGINOPOLIS,SP,-21.8914,-49.2268
3542602,Registro,REGISTRO,SP,-24.4979,-47.8449
3542701,Restinga,RESTINGA,SP,-20.6056,-47.4833
3542800,Ribeira,RIBEIRA,SP,-24.6517,-49.0044
3542909,Ribeirão Bonito,RIBEIRAO BONITO,SP,-22.0685,-48.182
3543006,Ribeirão Branco,RIBEIRAO BRANCO,SP,-24.2206,-48.7635
3543105,Ribeirão Corrente,RIBEIRAO CORRENTE,SP,-20.4579,-47.5904
3543204,Ribeirão do Sul,RIBEIRAO DO SUL,SP,-22.789,-49.933
3543238,Ribeirão dos Índios,RIBEIRAO DOS INDIOS,SP,-21.8382,-51.6103
3543253,Ribeirão Grande,RIBEIRAO GRANDE,SP,-24.1011,-48.3679
3543303,Ribeirão Pires,RIBEIRAO PIRES,SP,-23.7067,-46.4058
3543402,Ribeirão Preto,RIBEIRAO PRETO,SP,-21.1699,-47.8099
3543501,Riversul,RIVERSUL,SP,-23.829,-49.429
3543600,Rifaina,RIFAINA,SP,-20.0803,-47.4291
3543709,Rincão,RINCAO,SP,-21.5894,-48.0728
3543808,Rinópolis,RINOPOLIS,SP,-21.7284,-50.7239
3543907,Rio Claro,RIO CLARO,SP,-22.3984,-47.5546
3544004,Rio das Pedras,RIO DAS PEDRAS,SP,-22.8417,-47.6047
3544103,Rio Grande da Serra,RIO GRANDE DA SERRA,SP,-23.7437,-46.3971
3544202,Riolândia,RIOLANDIA,SP,-19.9868,-49.6836
3544251,Rosana,ROSANA,SP,-22.5782,-53.0603
3544301,Roseira,ROSEIRA,SP,-22.8938,-45.307
3544400,Rubiácea,RUBIACEA,SP,-21.3006,-50.7296
3544509,Rubinéia,RUBINEIA,SP,-20.1759,-51.007
3544608,Sabino,SABINO,SP,-21.4593,-49.5755
3544707,Sagres,SAGRES,SP,-21.8823,-50.9594
3544806,Sales,SALES,SP,-21.3427,-49.4897
3544905,Sales Oliveira,SALES OLIVEIRA,SP,-20.7696,-47.8369
3545001,Salesópolis,SALESOPOLIS,SP,-23.5288,-45.8465
3545100,Salmourão,SALMOURAO,SP,-21.6267,-50.8614
3545159,Saltinho,SALTINHO,SP,-22.8442,-47.6754
3545209,Salto,SALTO,SP,-23.1996,-47.2931
3545308,Salto de Pirapora,SALTO DE PIRAPORA,SP,-23.6474,-47.5743
3545407,Salto Grande,SALTO GRANDE,SP,-22.8894,-49.9831
3545506,Sandovalina,SANDOVALINA,SP,-22.4551,-51.7648
3545605,Santa Adélia,SANTA ADELIA,SP,-21.2427,-48.8063
3545704,Santa Albertina,SANTA ALBERTINA,SP,-20.0311,-50.7297
3545803,Santa Bárbara d'Oeste,SANTA BARBARA D OESTE,SP,-22.7553,-47.4143
3546009,Santa Branca,SANTA BRANCA,SP,-23.3933,-45.8875
3546108,Santa Clara d'Oeste,SANTA CLARA D OESTE,SP,-20.09,-50.9491
3546207,Santa Cruz da Conceição,SANTA CRUZ DA CONCEICAO,SP,-22.1405,-47.4512
3546256,Santa Cruz da Esperança,SANTA CRUZ DA ESPERANCA,SP,-21.2951,-47.4304
3546306,Santa Cruz das Palmeiras,SANTA CRUZ DAS PALMEIRAS,SP,-21.8235,-47.248
3546405,Santa Cruz do Rio Pardo,SANTA CRUZ DO RIO PARDO,SP,-22.8988,-49.6354
3546504,Santa Ernestina,SANTA ERNESTINA,SP,-21.4618,-48.3953
3546603,Santa Fé do Sul,SANTA FE DO SUL,SP,-20.2083,-50.932
3546702,Santa Gertrudes,SANTA GERTRUDES,SP,-22.4572,-47.5272
3546801,Santa Isabel,SANTA ISABEL,SP,-23.3172,-46.2237
3546900,Santa Lúcia,SANTA LUCIA,SP,-21.685,-48.0885
3547007,Santa Maria da Serra,SANTA MARIA DA SERRA,SP,-22.5661,-48.1593
3547106,Santa Mercedes,SANTA MERCEDES,SP,-21.3495,-51.7564
3547205,Santana da Ponte Pensa,SANTANA DA PONTE PENSA,SP,-20.2523,-50.8014
3547304,Santana de Parnaíba,SANTANA DE PARNAIBA,SP,-23.4439,-46.9178
3547403,Santa Rita d'Oeste,SANTA RITA D OESTE,SP,-20.1414,-50.8358
3547502,Santa Rita do Passa Quatro,SANTA RITA DO PASSA QUATRO,SP,-21.7083,-47.478
3547601,Santa Rosa de Viterbo,SANTA ROSA DE VITERBO,SP,-21.4776,-47.3622
3547650,Santa Salete,SANTA SALETE,SP,-20.2429,-50.6887
3547700,Santo Anastácio,SANTO ANASTACIO,SP,-21.9747,-51.6527
3547809,Santo André,SANTO ANDRE,SP,-23.6737,-46.5432
3547908,Santo Antônio da Alegria,SANTO ANTONIO DA ALEGRIA,SP,-21.0864,-47.1464
3548005,Santo Antônio de Posse,SANTO ANTONIO DE POSSE,SP,-22.6029,-46.9192
3548054,Santo Antônio do Aracanguá,SANTO ANTONIO DO ARACANGUA,SP,-20.9331,-50.498
3548104,Santo Antônio do Jardim,SANTO ANTONIO DO JARDIM,SP,-22.1121,-46.6845
3548203,Santo Antônio do Pinhal,SANTO ANTONIO DO PINHAL,SP,-22.827,-45.663
3548302,Santo Expedito,SANTO EXPEDITO,SP,-21.8467,-51.3929
3548401,Santópolis do Aguapeí,SANTOPOLIS DO AGUAPEI,SP,-21.6376,-50.5044
3548500,Santos,SANTOS,SP,-23.9535,-46.335
3548609,São Bento do Sapucaí,SAO BENTO DO SAPUCAI,SP,-22.6837,-45.7287
3548708,São Bernardo do Campo,SAO BERNARDO DO CAMPO,SP,-23.6914,-46.5646
3548807,São Caetano do Sul,SAO CAETANO DO SUL,SP,-23.6229,-46.5548
3548906,São Carlos,SAO CARLOS,SP,-22.0174,-47.886
3549003,São Francisco,SAO FRANCISCO,SP,-20.3623,-50.6952
3549102,São João da Boa Vista,SAO JOAO DA BOA VISTA,SP,-21.9707,-46.7944
3549201,São João das Duas Pontes,SAO JOAO DAS DUAS PONTES,SP,-20.3879,-50.3792
3549250,São João de Iracema,SAO JOAO DE IRACEMA,SP,-20.5111,-50.3561
3549300,São João do Pau d'Alho,SAO JOAO DO PAU D ALHO,SP,-21.2662,-51.6672
3549409,São Joaquim da Barra,SAO JOAQUIM DA BARRA,SP,-20.5812,-47.8593
3549508,São José da Bela Vista,SAO JOSE DA BELA VISTA,SP,-20.5935,-47.6424
3549607,São José do Barreiro,SAO JOSE DO BARREIRO,SP,-22.6414,-44.5774
3549706,São José do Rio Pardo,SAO JOSE DO RIO PARDO,SP,-21.5953,-46.8873
3549805,São José do Rio Preto,SAO JOSE DO RIO PRETO,SP,-20.8113,-49.3758
3549904,São José dos Campos,SAO JOSE DOS CAMPOS,SP,-23.1896,-45.8841
3549953,São Lourenço da Serra,SAO LOURENCO DA SERRA,SP,-23.8491,-46.9432
3550001,São Luiz do Paraitinga,SAO LUIZ DO PARAITINGA,SP,-23.222,-45.3109
3550100,São Manuel,SAO MANUEL,SP,-22.7321,-48.5723
3550209,São Miguel Arcanjo,SAO MIGUEL ARCANJO,SP,-23.8782,-47.9935
3550308,São Paulo,SAO PAULO,SP,-23.5329,-46.6395
3550407,São Pedro,SAO PEDRO,SP,-22.5483,-47.9096
3550506,São Pedro do Turvo,SAO PEDRO DO TURVO,SP,-22.7453,-49.7428
3550605,São Roque,SAO ROQUE,SP,-23.5226,-47.1357
3550704,São Sebastião,SAO SEBASTIAO,SP,-23.7951,-45.4143
3550803,São Sebastião da Grama,SAO SEBASTIAO DA GRAMA,SP,-21.7041,-46.8208
3550902,São Simão,SAO SIMAO,SP,-21.4732,-47.5518
3551009,São Vicente,SAO VICENTE,SP,-23.9574,-46.3883
3551108,Sarapuí,SARAPUI,SP,-23.6397,-47.8249
3551207,Sarutaiá,SARUTAIA,SP,-23.2721,-49.4763
3551306,Sebastianópolis do Sul,SEBASTIANOPOLIS DO SUL,SP,-20.6523,-49.925
3551405,Serra Azul,SERRA AZUL,SP,-21.3074,-47.5602
3551504,Serrana,SERRANA,SP,-21.2043,-47.5952
3551603,Serra Negra,SERRA NEGRA,SP,-22.6139,-46.7033
3551702,Sertãozinho,SERTAOZINHO,SP,-21.1316,-47.9875
3551801,Sete Barras,SETE BARRAS,SP,-24.382,-47.9279
3551900,Severínia,SEVERINIA,SP,-20.8108,-48.8054
3552007,Silveiras,SILVEIRAS,SP,-22.6638,-44.8522
3552106,Socorro,SOCORRO,SP,-22.5903,-46.5251
3552205,Sorocaba,SOROCABA,SP,-23.4969,-47.4451
3552304,Sud Mennucci,SUD MENNUCCI,SP,-20.6872,-50.9238
3552403,Sumaré,SUMARE,SP,-22.8204,-47.2728
3552502,Suzano,SUZANO,SP,-23.5448,-46.3112
3552551,Suzanápolis,SUZANAPOLIS,SP,-20.4981,-51.0268
3552601,Tabapuã,TABAPUA,SP,-20.9602,-49.0307
3552700,Tabatinga,TABATINGA,SP,-21.7239,-48.6896
3552809,Taboão da Serra,TABOAO DA SERRA,SP,-23.6019,-46.7526
3552908,Taciba,TACIBA,SP,-22.3866,-51.2882
3553005,Taguaí,TAGUAI,SP,-23.4452,-49.4024
3553104,Taiaçu,TAIACU,SP,-21.1431,-48.5112
3553203,Taiúva,TAIUVA,SP,-21.1223,-48.4528
3553302,Tambaú,TAMBAU,SP,-21.7029,-47.2703
3553401,Tanabi,TANABI,SP,-20.6228,-49.6563
3553500,Tapiraí,TAPIRAI,SP,-23.9612,-47.5062
3553609,Tapiratiba,TAPIRATIBA,SP,-21.4713,-46.7448
3553658,Taquaral,TAQUARAL,SP,-21.0737,-48.4126
3553708,Taquaritinga,TAQUARITINGA,SP,-21.4049,-48.5103
3553807,Taquarituba,TAQUARITUBA,SP,-23.5307,-49.241
3553856,Taquarivaí,TAQUARIVAI,SP,-23.9211,-48.6948
3553906,Tarabai,TARABAI,SP,-22.3016,-51.5621
3553955,Tarumã,TARUMA,SP,-22.7429,-50.5786
3554003,Tatuí,TATUI,SP,-23.3487,-47.8461
3554102,Taubaté,TAUBATE,SP,-23.0104,-45.5593
3554201,Tejupá,TEJUPA,SP,-23.3425,-49.3722
3554300,Teodoro Sampaio,TEODORO SAMPAIO,SP,-22.5299,-52.1682
3554409,Terra Roxa,TERRA ROXA,SP,-20.787,-48.3314
3554508,Tietê,TIETE,SP,-23.1101,-47.7164
3554607,Timburi,TIMBURI,SP,-23.2057,-49.6096
3554656,Torre de Pedra,TORRE DE PEDRA,SP,-23.2462,-48.1955
3554706,Torrinha,TORRINHA,SP,-22.4237,-48.1731
3554755,Trabiju,TRABIJU,SP,-22.0388,-48.3342
3554805,Tremembé,TREMEMBE,SP,-22.9571,-45.5475
3554904,Três Fronteiras,TRES FRONTEIRAS,SP,-20.2344,-50.8905
3554953,Tuiuti,TUIUTI,SP,-22.8193,-46.6937
3555000,Tupã,TUPA,SP,-21.9335,-50.5191
3555109,Tupi Paulista,TUPI PAULISTA,SP,-21.3825,-51.575
3555208,Turiúba,TURIUBA,SP,-20.9428,-50.1135
3555307,Turmalina,TURMALINA,SP,-20.0486,-50.4792
3555356,Ubarana,UBARANA,SP,-21.165,-49.7198
3555406,Ubatuba,UBATUBA,SP,-23.4332,-45.0834
3555505,Ubirajara,UBIRAJARA,SP,-22.5272,-49.6613
3555604,Uchoa,UCHOA,SP,-20.9511,-49.1713
3555703,União Paulista,UNIAO PAULISTA,SP,-20.8862,-49.9025
3555802,Urânia,URANIA,SP,-20.2455,-50.6455
3555901,Uru,URU,SP,-21.7866,-49.2848
3556008,Urupês,URUPES,SP,-21.2032,-49.2931
3556107,Valentim Gentil,VALENTIM GENTIL,SP,-20.4217,-50.0889
3556206,Valinhos,VALINHOS,SP,-22.9698,-46.9974
3556305,Valparaíso,VALPARAISO,SP,-21.2229,-50.8699
3556354,Vargem,VARGEM,SP,-22.887,-46.4124
3556404,Vargem Grande do Sul,VARGEM GRANDE DO SUL,SP,-21.8322,-46.8913
3556453,Vargem Grande Paulista,VARGEM GRANDE PAULISTA,SP,-23.5993,-47.022
3556503,Várzea Paulista,VARZEA PAULISTA,SP,-23.2136,-46.8234
3556602,Vera Cruz,VERA CRUZ,SP,-22.2183,-49.8207
3556701,Vinhedo,VINHEDO,SP,-23.0302,-46.9833
3556800,Viradouro,VIRADOURO,SP,-20.8734,-48.293
3556909,Vista Alegre do Alto,VISTA ALEGRE DO ALTO,SP,-21.1692,-48.6284
3556958,Vitória Brasil,VITORIA BRASIL,SP,-20.1956,-50.4875
3557006,Votorantim,VOTORANTIM,SP,-23.5446,-47.4388
3557105,Votuporanga,VOTUPORANGA,SP,-20.4237,-49.9781
3557154,Zacarias,ZACARIAS,SP,-21.0506,-50.0552
3557204,Chavantes,CHAVANTES,SP,-23.0366,-49.7096
3557303,Estiva Gerbi,ESTIVA GERBI,SP,-22.2713,-46.9481
4100103,Abatiá,ABATIA,PR,-23.3049,-50.3133
4100202,Adrianópolis,ADRIANOPOLIS,PR,-24.6606,-48.9922
4100301,Agudos do Sul,AGUDOS DO SUL,PR,-25.9899,-49.3343
4100400,Almirante Tamandaré,ALMIRANTE TAMANDARE,PR,-25.3188,-49.3037
4100459,Altamira do Paraná,ALTAMIRA DO PARANA,PR,-24.7983,-52.7128
4100509,Altônia,ALTONIA,PR,-23.8759,-53.8958
4100608,Alto Paraná,ALTO PARANA,PR,-23.1312,-52.3189
4100707,Alto Piquiri,ALTO PIQUIRI,PR,-24.0224,-53.44
4100806,Alvorada do Sul,ALVORADA DO SUL,PR,-22.7813,-51.2297
4100905,Amaporã,AMAPORA,PR,-23.0943,-52.7866
4101002,Ampére,AMPERE,PR,-25.9168,-53.4686
4101051,Anahy,ANAHY,PR,-24.6449,-53.1332
4101101,Andirá,ANDIRA,PR,-23.0533,-50.2304
4101150,Ângulo,ANGULO,PR,-23.1946,-51.9154
4101200,Antonina,ANTONINA,PR,-25.4386,-48.7191
4101309,Antônio Olinto,ANTONIO OLINTO,PR,-25.9804,-50.1972
4101408,Apucarana,APUCARANA,PR,-23.55,-51.4635
4101507,Arapongas,ARAPONGAS,PR,-23.4153,-51.4259
4101606,Arapoti,ARAPOTI,PR,-24.1548,-49.8285
4101655,Arapuã,ARAPUA,PR,-24.3132,-51.7856
4101705,Araruna,ARARUNA,PR,-23.9315,-52.5021
4101804,Araucária,ARAUCARIA,PR,-25.5859,-49.4047
4101853,Ariranha do Ivaí,ARIRANHA DO IVAI,PR,-24.3857,-51.5839
4101903,Assaí,ASSAI,PR,-23.3697,-50.8459
4102000,Assis Chateaubriand,ASSIS CHATEAUBRIAND,PR,-24.4168,-53.5213
4102109,Astorga,ASTORGA,PR,-23.2318,-51.6668
4102208,Atalaia,ATALAIA,PR,-23.1517,-52.0551
4102307,Balsa Nova,BALSA NOVA,PR,-25.5804,-49.6291
4102406,Bandeirantes,BANDEIRANTES,PR,-23.1078,-50.3704
4102505,Barbosa Ferraz,BARBOSA FERRAZ,PR,-24.0334,-52.004
4102604,Barracão,BARRACAO,PR,-26.2502,-53.6324
4102703,Barra do Jacaré,BARRA DO JACARE,PR,-23.116,-50.1842
4102752,Bela Vista da Caroba,BELA VISTA DA CAROBA,PR,-25.8842,-53.6725
4102802,Bela Vista do Paraíso,BELA VISTA DO PARAISO,PR,-22.9937,-51.1927
4102901,Bituruna,BITURUNA,PR,-26.1607,-51.5518
4103008,Boa Esperança,BOA ESPERANCA,PR,-24.2467,-52.7876
4103024,Boa Esperança do Iguaçu,BOA ESPERANCA DO IGUACU,PR,-25.6324,-53.2108
4103040,Boa Ventura de São Roque,BOA VENTURA DE SAO ROQUE,PR,-24.8688,-51.6276
4103057,Boa Vista da Aparecida,BOA VISTA DA APARECIDA,PR,-25.4308,-53.4117
4103107,Bocaiúva do Sul,BOCAIUVA DO SUL,PR,-25.2066,-49.1141
4103156,Bom Jesus do Sul,BOM JESUS DO SUL,PR,-26.1958,-53.5955
4103206,Bom Sucesso,BOM SUCESSO,PR,-23.7063,-51.7671
4103222,Bom Sucesso do Sul,BOM SUCESSO DO SUL,PR,-26.0731,-52.8353
4103305,Borrazópolis,BORRAZOPOLIS,PR,-23.9366,-51.5875
4103354,Braganey,BRAGANEY,PR,-24.8173,-53.1218
4103370,Brasilândia do Sul,BRASILANDIA DO SUL,PR,-24.1978,-53.5275
4103404,Cafeara,CAFEARA,PR,-22.789,-51.7142
4103453,Cafelândia,CAFELANDIA,PR,-24.6189,-53.3207
4103479,Cafezal do Sul,CAFEZAL DO SUL,PR,-23.9005,-53.5124
4103503,Califórnia,CALIFORNIA,PR,-23.6566,-51.3574
4103602,Cambará,CAMBARA,PR,-23.0423,-50.0753
4103701,Cambé,CAMBE,PR,-23.2766,-51.2798
4103800,Cambira,CAMBIRA,PR,-23.589,-51.5792
4103909,Campina da Lagoa,CAMPINA DA LAGOA,PR,-24.5893,-52.7976
4103958,Campina do Simão,CAMPINA DO SIMAO,PR,-25.0802,-51.8237
4104006,Campina Grande do Sul,CAMPINA GRANDE DO SUL,PR,-25.3044,-49.0551
4104055,Campo Bonito,CAMPO BONITO,PR,-25.0294,-52.9939
4104105,Campo do Tenente,CAMPO DO TENENTE,PR,-25.98,-49.6844
4104204,Campo Largo,CAMPO LARGO,PR,-25.4525,-49.529
4104253,Campo Magro,CAMPO MAGRO,PR,-25.3687,-49.4501
4104303,Campo Mourão,CAMPO MOURAO,PR,-24.0463,-52.378
4104402,Cândido de Abreu,CANDIDO DE ABREU,PR,-24.5649,-51.3372
4104428,Candói,CANDOI,PR,-25.5758,-52.0409
4104451,Cantagalo,CANTAGALO,PR,-25.3734,-52.1198
4104501,Capanema,CAPANEMA,PR,-25.6691,-53.8055
4104600,Capitão Leônidas Marques,CAPITAO LEONIDAS MARQUES,PR,-25.4816,-53.6112
4104659,Carambeí,CARAMBEI,PR,-24.9152,-50.0986
4104709,Carlópolis,CARLOPOLIS,PR,-23.4269,-49.7235
4104808,Cascavel,CASCAVEL,PR,-24.9573,-53.459
4104907,Castro,CASTRO,PR,-24.7891,-50.0108
4105003,Catanduvas,CATANDUVAS,PR,-25.2044,-53.1548
4105102,Centenário do Sul,CENTENARIO DO SUL,PR,-22.8188,-51.5973
4105201,Cerro Azul,CERRO AZUL,PR,-26.0891,-52.8691
4105300,Céu Azul,CEU AZUL,PR,-25.1489,-53.8415
4105409,Chopinzinho,CHOPINZINHO,PR,-25.8515,-52.5173
4105508,Cianorte,CIANORTE,PR,-23.6599,-52.6054
4105607,Cidade Gaúcha,CIDADE GAUCHA,PR,-23.3772,-52.9436
4105706,Clevelândia,CLEVELANDIA,PR,-26.4043,-52.3508
4105805,Colombo,COLOMBO,PR,-25.2925,-49.2262
4105904,Colorado,COLORADO,PR,-22.8374,-51.9743
4106001,Congonhinhas,CONGONHINHAS,PR,-23.5493,-50.5569
4106100,Conselheiro Mairinck,CONSELHEIRO MAIRINCK,PR,-23.623,-50.1707
4106209,Contenda,CONTENDA,PR,-25.6788,-49.535
4106308,Corbélia,CORBELIA,PR,-24.7971,-53.3006
4106407,Cornélio Procópio,CORNELIO PROCOPIO,PR,-23.1829,-50.6498
4106456,Coronel Domingos Soares,CORONEL DOMINGOS SOARES,PR,-26.2277,-52.0356
4106506,Coronel Vivida,CORONEL VIVIDA,PR,-25.9767,-52.5641
4106555,Corumbataí do Sul,CORUMBATAI DO SUL,PR,-24.101,-52.1177
4106571,Cruzeiro do Iguaçu,CRUZEIRO DO IGUACU,PR,-25.6192,-53.1285
4106605,Cruzeiro do Oeste,CRUZEIRO DO OESTE,PR,-23.7799,-53.0774
4106704,Cruzeiro do Sul,CRUZEIRO DO SUL,PR,-22.9624,-52.1622
4106803,Cruz Machado,CRUZ MACHADO,PR,-26.0166,-51.343
4106852,Cruzmaltina,CRUZMALTINA,PR,-24.0132,-51.4563
4106902,Curitiba,CURITIBA,PR,-25.4195,-49.2646
4107009,Curiúva,CURIUVA,PR,-24.0362,-50.4576
4107108,Diamante do Norte,DIAMANTE DO NORTE,PR,-22.655,-52.8617
4107124,Diamante do Sul,DIAMANTE DO SUL,PR,-25.035,-52.6768
4107157,Diamante D'Oeste,DIAMANTE D OESTE,PR,-24.9419,-54.1052
4107207,Dois Vizinhos,DOIS VIZINHOS,PR,-25.7407,-53.057
4107256,Douradina,DOURADINA,PR,-23.3807,-53.2918
4107306,Doutor Camargo,DOUTOR CAMARGO,PR,-23.5582,-52.2178
4107405,Enéas Marques,ENEAS MARQUES,PR,-25.9445,-53.1659
4107504,Engenheiro Beltrão,ENGENHEIRO BELTRAO,PR,-23.797,-52.2659
4107520,Esperança Nova,ESPERANCA NOVA,PR,-23.7238,-53.811
4107538,Entre Rios do Oeste,ENTRE RIOS DO OESTE,PR,-24.7042,-54.2385
4107546,Espigão Alto do Iguaçu,ESPIGAO ALTO DO IGUACU,PR,-25.4216,-52.8348
4107553,Farol,FAROL,PR,-24.0958,-52.6217
4107603,Faxinal,FAXINAL,PR,-24.0077,-51.3227
4107652,Fazenda Rio Grande,FAZENDA RIO GRANDE,PR,-25.6624,-49.3073
4107702,Fênix,FENIX,PR,-23.9135,-51.9805
4107736,Fernandes Pinheiro,FERNANDES PINHEIRO,PR,-25.4107,-50.5456
4107751,Figueira,FIGUEIRA,PR,-23.8455,-50.4031
4107801,Floraí,FLORAI,PR,-23.3178,-52.3029
4107850,Flor da Serra do Sul,FLOR DA SERRA DO SUL,PR,-26.2523,-53.3092
4107900,Floresta,FLORESTA,PR,-23.6031,-52.0807
4108007,Florestópolis,FLORESTOPOLIS,PR,-22.8623,-51.3882
4108106,Flórida,FLORIDA,PR,-23.0847,-51.9546
4108205,Formosa do Oeste,FORMOSA DO OESTE,PR,-24.2951,-53.3114
4108304,Foz do Iguaçu,FOZ DO IGUACU,PR,-25.5427,-54.5827
4108320,Francisco Alves,FRANCISCO ALVES,PR,-24.0667,-53.8461
4108403,Francisco Beltrão,FRANCISCO BELTRAO,PR,-26.0817,-53.0535
4108452,Foz do Jordão,FOZ DO JORDAO,PR,-25.7371,-52.1188
4108502,General Carneiro,GENERAL CARNEIRO,PR,-26.425,-51.3172
4108551,Godoy Moreira,GODOY MOREIRA,PR,-24.173,-51.9246
4108601,Goioerê,GOIOERE,PR,-24.1835,-53.0248
4108650,Goioxim,GOIOXIM,PR,-25.1927,-51.9911
4108700,Grandes Rios,GRANDES RIOS,PR,-24.1466,-51.5094
4108809,Guaíra,GUAIRA,PR,-24.085,-54.2573
4108908,Guairaçá,GUAIRACA,PR,-22.932,-52.6906
4108957,Guamiranga,GUAMIRANGA,PR,-25.1912,-50.8021
4109005,Guapirama,GUAPIRAMA,PR,-23.5203,-50.0407
4109104,Guaporema,GUAPOREMA,PR,-23.3402,-52.7786
4109203,Guaraci,GUARACI,PR,-22.9694,-51.6504
4109302,Guaraniaçu,GUARANIACU,PR,-25.0968,-52.8755
4109401,Guarapuava,GUARAPUAVA,PR,-25.3902,-51.4623
4109500,Guaraqueçaba,GUARAQUECABA,PR,-25.3071,-48.3204
4109609,Guaratuba,GUARATUBA,PR,-25.8817,-48.5752
4109658,Honório Serpa,HONORIO SERPA,PR,-26.139,-52.3848
4109708,Ibaiti,IBAITI,PR,-23.8478,-50.1932
4109757,Ibema,IBEMA,PR,-25.1193,-53.0072
4109807,Ibiporã,IBIPORA,PR,-23.2659,-51.0522
4109906,Icaraíma,ICARAIMA,PR,-23.3944,-53.615
4110003,Iguaraçu,IGUARACU,PR,-23.1949,-51.8256
4110052,Iguatu,IGUATU,PR,-24.7153,-53.0827
4110078,Imbaú,IMBAU,PR,-24.448,-50.7533
4110102,Imbituva,IMBITUVA,PR,-25.2285,-50.5989
4110201,Inácio Martins,INACIO MARTINS,PR,-25.5704,-51.0769
4110300,Inajá,INAJA,PR,-22.7509,-52.1995
4110409,Indianópolis,INDIANOPOLIS,PR,-23.4762,-52.6989
4110508,Ipiranga,IPIRANGA,PR,-25.0238,-50.5794
4110607,Iporã,IPORA,PR,-24.0083,-53.706
4110656,Iracema do Oeste,IRACEMA DO OESTE,PR,-24.4262,-53.3528
4110706,Irati,IRATI,PR,-25.4697,-50.6493
4110805,Iretama,IRETAMA,PR,-24.4253,-52.1012
4110904,Itaguajé,ITAGUAJE,PR,-22.6183,-51.9674
4110953,Itaipulândia,ITAIPULANDIA,PR,-25.1366,-54.3001
4111001,Itambaracá,ITAMBARACA,PR,-23.0181,-50.4097
4111100,Itambé,ITAMBE,PR,-23.6601,-51.9912
4111209,Itapejara d'Oeste,ITAPEJARA D OESTE,PR,-25.9619,-52.8152
4111258,Itaperuçu,ITAPERUCU,PR,-25.2193,-49.3454
4111308,Itaúna do Sul,ITAUNA DO SUL,PR,-22.7289,-52.8874
4111407,Ivaí,IVAI,PR,-25.0067,-50.857
4111506,Ivaiporã,IVAIPORA,PR,-24.2485,-51.6754
4111555,Ivaté,IVATE,PR,-23.4072,-53.3687
4111605,Ivatuba,IVATUBA,PR,-23.6187,-52.2203
4111704,Jaboti,JABOTI,PR,-23.7435,-50.0729
4111803,Jacarezinho,JACAREZINHO,PR,-23.1591,-49.9739
4111902,Jaguapitã,JAGUAPITA,PR,-23.1104,-51.5342
4112009,Jaguariaíva,JAGUARIAIVA,PR,-24.2439,-49.7066
4112108,Jandaia do Sul,JANDAIA DO SUL,PR,-23.6011,-51.6448
4112207,Janiópolis,JANIOPOLIS,PR,-24.1401,-52.7784
4112306,Japira,JAPIRA,PR,-23.8142,-50.1422
4112405,Japurá,JAPURA,PR,-23.4693,-52.5557
4112504,Jardim Alegre,JARDIM ALEGRE,PR,-24.1809,-51.6902
4112603,Jardim Olinda,JARDIM OLINDA,PR,-22.5523,-52.0503
4112702,Jataizinho,JATAIZINHO,PR,-23.2578,-50.9777
4112751,Jesuítas,JESUITAS,PR,-24.3839,-53.3849
4112801,Joaquim Távora,JOAQUIM TAVORA,PR,-23.4987,-49.909
4112900,Jundiaí do Sul,JUNDIAI DO SUL,PR,-23.4357,-50.2496
4112959,Juranda,JURANDA,PR,-24.4209,-52.8413
4113007,Jussara,JUSSARA,PR,-23.6219,-52.4693
4113106,Kaloré,KALORE,PR,-23.8188,-51.6687
4113205,Lapa,LAPA,PR,-25.7671,-49.7168
4113254,Laranjal,LARANJAL,PR,-24.8862,-52.47
4113304,Laranjeiras do Sul,LARANJEIRAS DO SUL,PR,-25.4077,-52.4109
4113403,Leópolis,LEOPOLIS,PR,-23.0818,-50.7511
4113429,Lidianópolis,LIDIANOPOLIS,PR,-24.11,-51.6506
4113452,Lindoeste,LINDOESTE,PR,-25.2596,-53.5733
4113502,Loanda,LOANDA,PR,-22.9232,-53.1362
4113601,Lobato,LOBATO,PR,-23.0058,-51.9524
4113700,Londrina,LONDRINA,PR,-23.304,-51.1691
4113734,Luiziana,LUIZIANA,PR,-24.2853,-52.269
4113759,Lunardelli,LUNARDELLI,PR,-24.0821,-51.7368
4113809,Lupionópolis,LUPIONOPOLIS,PR,-22.755,-51.6601
4113908,Mallet,MALLET,PR,-25.8806,-50.8173
4114005,Mamborê,MAMBORE,PR,-24.317,-52.5271
4114104,Mandaguaçu,MANDAGUACU,PR,-23.3458,-52.0944
4114203,Mandaguari,MANDAGUARI,PR,-23.5446,-51.671
4114302,Mandirituba,MANDIRITUBA,PR,-25.777,-49.3282
4114351,Manfrinópolis,MANFRINOPOLIS,PR,-26.1441,-53.3113
4114401,Mangueirinha,MANGUEIRINHA,PR,-25.9421,-52.1743
4114500,Manoel Ribas,MANOEL RIBAS,PR,-24.5144,-51.6658
4114609,Marechal Cândido Rondon,MARECHAL CANDIDO RONDON,PR,-24.557,-54.0571
4114708,Maria Helena,MARIA HELENA,PR,-23.6158,-53.2053
4114807,Marialva,MARIALVA,PR,-23.4843,-51.7928
4114906,Marilândia do Sul,MARILANDIA DO SUL,PR,-23.7425,-51.3137
4115002,Marilena,MARILENA,PR,-22.7336,-53.0402
4115101,Mariluz,MARILUZ,PR,-24.0089,-53.1432
4115200,Maringá,MARINGA,PR,-23.4205,-51.9333
4115309,Mariópolis,MARIOPOLIS,PR,-26.355,-52.5532
4115358,Maripá,MARIPA,PR,-24.42,-53.8286
4115408,Marmeleiro,MARMELEIRO,PR,-26.1472,-53.0267
4115457,Marquinho,MARQUINHO,PR,-25.112,-52.2497
4115507,Marumbi,MARUMBI,PR,-23.7058,-51.6404
4115606,Matelândia,MATELANDIA,PR,-25.2496,-53.9935
4115705,Matinhos,MATINHOS,PR,-25.8237,-48.549
4115739,Mato Rico,MATO RICO,PR,-24.6995,-52.1454
4115754,Mauá da Serra,MAUA DA SERRA,PR,-23.8988,-51.2277
4115804,Medianeira,MEDIANEIRA,PR,-25.2977,-54.0943
4115853,Mercedes,MERCEDES,PR,-24.4538,-54.1618
4115903,Mirador,MIRADOR,PR,-23.255,-52.7761
4116000,Miraselva,MIRASELVA,PR,-22.9657,-51.4846
4116059,Missal,MISSAL,PR,-25.0919,-54.2477
4116109,Moreira Sales,MOREIRA SALES,PR,-24.0509,-53.0102
4116208,Morretes,MORRETES,PR,-25.4744,-48.8345
4116307,Munhoz de Melo,MUNHOZ DE MELO,PR,-23.1487,-51.7737
4116406,Nossa Senhora das Graças,NOSSA SENHORA DAS GRACAS,PR,-22.9129,-51.7978
4116505,Nova Aliança do Ivaí,NOVA ALIANCA DO IVAI,PR,-23.1763,-52.6032
4116604,Nova América da Colina,NOVA AMERICA DA COLINA,PR,-23.3308,-50.7168
4116703,Nova Aurora,NOVA AURORA,PR,-24.5289,-53.2575
4116802,Nova Cantu,NOVA CANTU,PR,-24.6723,-52.5661
4116901,Nova Esperança,NOVA ESPERANCA,PR,-23.182,-52.2031
4116950,Nova Esperança do Sudoeste,NOVA ESPERANCA DO SUDOESTE,PR,-25.9004,-53.2618
4117008,Nova Fátima,NOVA FATIMA,PR,-23.4324,-50.5665
4117057,Nova Laranjeiras,NOVA LARANJEIRAS,PR,-25.3054,-52.5447
4117107,Nova Londrina,NOVA LONDRINA,PR,-22.7639,-52.9868
4117206,Nova Olímpia,NOVA OLIMPIA,PR,-23.4703,-53.0898
4117214,Nova Santa Bárbara,NOVA SANTA BARBARA,PR,-23.5865,-50.7598
4117222,Nova Santa Rosa,NOVA SANTA ROSA,PR,-24.4693,-53.9552
4117255,Nova Prata do Iguaçu,NOVA PRATA DO IGUACU,PR,-25.6309,-53.3469
4117271,Nova Tebas,NOVA TEBAS,PR,-24.438,-51.9454
4117297,Novo Itacolomi,NOVO ITACOLOMI,PR,-23.7631,-51.5079
4117305,Ortigueira,ORTIGUEIRA,PR,-24.2058,-50.9185
4117404,Ourizona,OURIZONA,PR,-23.4053,-52.1964
4117453,Ouro Verde do Oeste,OURO VERDE DO OESTE,PR,-24.7933,-53.9043
4117503,Paiçandu,PAICANDU,PR,-23.4555,-52.046
4117602,Palmas,PALMAS,PR,-26.4839,-51.9888
4117701,Palmeira,PALMEIRA,PR,-25.4257,-50.007
4117800,Palmital,PALMITAL,PR,-24.8853,-52.2029
4117909,Palotina,PALOTINA,PR,-24.2868,-53.8404
4118006,Paraíso do Norte,PARAISO DO NORTE,PR,-23.2824,-52.6054
4118105,Paranacity,PARANACITY,PR,-22.9297,-52.1549
4118204,Paranaguá,PARANAGUA,PR,-25.5161,-48.5225
4118303,Paranapoema,PARANAPOEMA,PR,-22.6412,-52.0905
4118402,Paranavaí,PARANAVAI,PR,-23.0816,-52.4617
4118451,Pato Bragado,PATO BRAGADO,PR,-24.6271,-54.2265
4118501,Pato Branco,PATO BRANCO,PR,-26.2292,-52.6706
4118600,Paula Freitas,PAULA FREITAS,PR,-26.2105,-50.931
4118709,Paulo Frontin,PAULO FRONTIN,PR,-26.0466,-50.8304
4118808,Peabiru,PEABIRU,PR,-23.914,-52.3431
4118857,Perobal,PEROBAL,PR,-23.8949,-53.4098
4118907,Pérola,PEROLA,PR,-23.8039,-53.6834
4119004,Pérola d'Oeste,PEROLA D OESTE,PR,-25.8278,-53.7433
4119103,Piên,PIEN,PR,-26.0965,-49.4336
4119152,Pinhais,PINHAIS,PR,-25.4429,-49.1927
4119202,Pinhalão,PINHALAO,PR,-23.7982,-50.0536
4119251,Pinhal de São Bento,PINHAL DE SAO BENTO,PR,-26.0324,-53.482
4119301,Pinhão,PINHAO,PR,-25.6944,-51.6536
4119400,Piraí do Sul,PIRAI DO SUL,PR,-24.5306,-49.9433
4119509,Piraquara,PIRAQUARA,PR,-25.4422,-49.0624
4119608,Pitanga,PITANGA,PR,-24.7588,-51.7596
4119657,Pitangueiras,PITANGUEIRAS,PR,-23.2281,-51.5873
4119707,Planaltina do Paraná,PLANALTINA DO PARANA,PR,-23.0101,-52.9162
4119806,Planalto,PLANALTO,PR,-25.7211,-53.7642
4119905,Ponta Grossa,PONTA GROSSA,PR,-25.0916,-50.1668
4119954,Pontal do Paraná,PONTAL DO PARANA,PR,-25.6735,-48.5111
4120002,Porecatu,PORECATU,PR,-22.7537,-51.3795
4120101,Porto Amazonas,PORTO AMAZONAS,PR,-25.54,-49.8946
4120150,Porto Barreiro,PORTO BARREIRO,PR,-25.5477,-52.4067
4120200,Porto Rico,PORTO RICO,PR,-22.7747,-53.2677
4120309,Porto Vitória,PORTO VITORIA,PR,-26.1674,-51.231
4120333,Prado Ferreira,PRADO FERREIRA,PR,-23.0357,-51.4429
4120358,Pranchita,PRANCHITA,PR,-26.0209,-53.7397
4120408,Presidente Castelo Branco,PRESIDENTE CASTELO BRANCO,PR,-23.2782,-52.1536
4120507,Primeiro de Maio,PRIMEIRO DE MAIO,PR,-22.8517,-51.0293
4120606,Prudentópolis,PRUDENTOPOLIS,PR,-25.2111,-50.9754
4120655,Quarto Centenário,QUARTO CENTENARIO,PR,-24.2775,-53.0759
4120705,Quatiguá,QUATIGUA,PR,-23.5671,-49.916
4120804,Quatro Barras,QUATRO BARRAS,PR,-25.3673,-49.0763
4120853,Quatro Pontes,QUATRO PONTES,PR,-24.5752,-53.9759
4120903,Quedas do Iguaçu,QUEDAS DO IGUACU,PR,-25.4492,-52.9102
4121000,Querência do Norte,QUERENCIA DO NORTE,PR,-23.0838,-53.483
4121109,Quinta do Sol,QUINTA DO SOL,PR,-23.8533,-52.1309
4121208,Quitandinha,QUITANDINHA,PR,-25.8734,-49.4973
4121257,Ramilândia,RAMILANDIA,PR,-25.1195,-54.023
4121307,Rancho Alegre,RANCHO ALEGRE,PR,-23.0676,-50.9145
4121356,Rancho Alegre D'Oeste,RANCHO ALEGRE D OESTE,PR,-24.3065,-52.9552
4121406,Realeza,REALEZA,PR,-25.7711,-53.526
4121505,Rebouças,REBOUCAS,PR,-25.6232,-50.6877
4121604,Renascença,RENASCENCA,PR,-26.1588,-52.9703
4121703,Reserva,RESERVA,PR,-24.6492,-50.8466
4121752,Reserva do Iguaçu,RESERVA DO IGUACU,PR,-25.8319,-52.0272
4121802,Ribeirão Claro,RIBEIRAO CLARO,PR,-23.1941,-49.7597
4121901,Ribeirão do Pinhal,RIBEIRAO DO PINHAL,PR,-23.4091,-50.3601
4122008,Rio Azul,RIO AZUL,PR,-25.7306,-50.7985
4122107,Rio Bom,RIO BOM,PR,-23.7606,-51.4122
4122156,Rio Bonito do Iguaçu,RIO BONITO DO IGUACU,PR,-25.4874,-52.5292
4122172,Rio Branco do Ivaí,RIO BRANCO DO IVAI,PR,-24.3244,-51.3187
4122206,Rio Branco do Sul,RIO BRANCO DO SUL,PR,-25.1892,-49.3115
4122305,Rio Negro,RIO NEGRO,PR,-26.095,-49.7982
4122404,Rolândia,ROLANDIA,PR,-23.3101,-51.3659
4122503,Roncador,RONCADOR,PR,-24.5958,-52.2716
4122602,Rondon,RONDON,PR,-23.412,-52.7659
4122651,Rosário do Ivaí,ROSARIO DO IVAI,PR,-24.2682,-51.272
4122701,Sabáudia,SABAUDIA,PR,-23.3155,-51.555
4122800,Salgado Filho,SALGADO FILHO,PR,-26.1777,-53.3631
4122909,Salto do Itararé,SALTO DO ITARARE,PR,-23.6074,-49.6354
4123006,Salto do Lontra,SALTO DO LONTRA,PR,-25.7813,-53.3135
4123105,Santa Amélia,SANTA AMELIA,PR,-23.2654,-50.4288
4123204,Santa Cecília do Pavão,SANTA CECILIA DO PAVAO,PR,-23.5201,-50.7835
4123303,Santa Cruz de Monte Castelo,SANTA CRUZ DE MONTE CASTELO,PR,-22.9582,-53.2949
4123402,Santa Fé,SANTA FE,PR,-23.04,-51.808
4123501,Santa Helena,SANTA HELENA,PR,-24.8585,-54.336
4123600,Santa Inês,SANTA INES,PR,-22.6376,-51.9024
4123709,Santa Isabel do Ivaí,SANTA ISABEL DO IVAI,PR,-23.0025,-53.1989
4123808,Santa Izabel do Oeste,SANTA IZABEL DO OESTE,PR,-25.8217,-53.4801
4123824,Santa Lúcia,SANTA LUCIA,PR,-25.4104,-53.5638
4123857,Santa Maria do Oeste,SANTA MARIA DO OESTE,PR,-24.9377,-51.8696
4123907,Santa Mariana,SANTA MARIANA,PR,-23.1465,-50.5167
4123956,Santa Mônica,SANTA MONICA,PR,-23.108,-53.1103
4124004,Santana do Itararé,SANTANA DO ITARARE,PR,-23.7587,-49.6293
4124020,Santa Tereza do Oeste,SANTA TEREZA DO OESTE,PR,-25.0543,-53.6274
4124053,Santa Terezinha de Itaipu,SANTA TEREZINHA DE ITAIPU,PR,-25.4391,-54.402
4124103,Santo Antônio da Platina,SANTO ANTONIO DA PLATINA,PR,-23.2959,-50.0815
4124202,Santo Antônio do Caiuá,SANTO ANTONIO DO CAIUA,PR,-22.7351,-52.344
4124301,Santo Antônio do Paraíso,SANTO ANTONIO DO PARAISO,PR,-23.4969,-50.6455
4124400,Santo Antônio do Sudoeste,SANTO ANTONIO DO SUDOESTE,PR,-26.0737,-53.7251
4124509,Santo Inácio,SANTO INACIO,PR,-22.6957,-51.7969
4124608,São Carlos do Ivaí,SAO CARLOS DO IVAI,PR,-23.3158,-52.4761
4124707,São Jerônimo da Serra,SAO JERONIMO DA SERRA,PR,-23.7218,-50.7475
4124806,São João,SAO JOAO,PR,-25.8214,-52.7252
4124905,São João do Caiuá,SAO JOAO DO CAIUA,PR,-22.8535,-52.3411
4125001,São João do Ivaí,SAO JOAO DO IVAI,PR,-23.9833,-51.8215
4125100,São João do Triunfo,SAO JOAO DO TRIUNFO,PR,-25.683,-50.2949
4125209,São Jorge d'Oeste,SAO JORGE D OESTE,PR,-25.7085,-52.9204
4125308,São Jorge do Ivaí,SAO JORGE DO IVAI,PR,-23.4336,-52.2929
4125357,São Jorge do Patrocínio,SAO JORGE DO PATROCINIO,PR,-23.7647,-53.8823
4125407,São José da Boa Vista,SAO JOSE DA BOA VISTA,PR,-23.9122,-49.6577
4125456,São José das Palmeiras,SAO JOSE DAS PALMEIRAS,PR,-24.8369,-54.0572
4125506,São José dos Pinhais,SAO JOSE DOS PINHAIS,PR,-25.5313,-49.2031
4125555,São Manoel do Paraná,SAO MANOEL DO PARANA,PR,-23.3941,-52.6454
4125605,São Mateus do Sul,SAO MATEUS DO SUL,PR,-25.8677,-50.384
4125704,São Miguel do Iguaçu,SAO MIGUEL DO IGUACU,PR,-25.3492,-54.2405
4125753,São Pedro do Iguaçu,SAO PEDRO DO IGUACU,PR,-24.9373,-53.8521
4125803,São Pedro do Ivaí,SAO PEDRO DO IVAI,PR,-23.8634,-51.8568
4125902,São Pedro do Paraná,SAO PEDRO DO PARANA,PR,-22.8239,-53.2241
4126009,São Sebastião da Amoreira,SAO SEBASTIAO DA AMOREIRA,PR,-23.4656,-50.7625
4126108,São Tomé,SAO TOME,PR,-23.5349,-52.5901
4126207,Sapopema,SAPOPEMA,PR,-23.9078,-50.5801
4126256,Sarandi,SARANDI,PR,-23.4441,-51.876
4126272,Saudade do Iguaçu,SAUDADE DO IGUACU,PR,-25.6917,-52.6184
4126306,Sengés,SENGES,PR,-24.1129,-49.4616
4126355,Serranópolis do Iguaçu,SERRANOPOLIS DO IGUACU,PR,-25.3799,-54.0518
4126405,Sertaneja,SERTANEJA,PR,-23.0361,-50.8317
4126504,Sertanópolis,SERTANOPOLIS,PR,-23.0571,-51.0399
4126603,Siqueira Campos,SIQUEIRA CAMPOS,PR,-23.6875,-49.8304
4126652,Sulina,SULINA,PR,-25.7066,-52.7299
4126678,Tamarana,TAMARANA,PR,-23.7204,-51.0991
4126702,Tamboara,TAMBOARA,PR,-23.2036,-52.4743
4126801,Tapejara,TAPEJARA,PR,-23.7315,-52.8735
4126900,Tapira,TAPIRA,PR,-23.3193,-53.0684
4127007,Teixeira Soares,TEIXEIRA SOARES,PR,-25.3701,-50.4571
4127106,Telêmaco Borba,TELEMACO BORBA,PR,-24.3245,-50.6176
4127205,Terra Boa,TERRA BOA,PR,-23.7683,-52.447
4127304,Terra Rica,TERRA RICA,PR,-22.7111,-52.6188
4127403,Terra Roxa,TERRA ROXA,PR,-24.1575,-54.0988
4127502,Tibagi,TIBAGI,PR,-24.5153,-50.4176
4127601,Tijucas do Sul,TIJUCAS DO SUL,PR,-25.9311,-49.195
4127700,Toledo,TOLEDO,PR,-24.7246,-53.7412
4127809,Tomazina,TOMAZINA,PR,-23.7796,-49.9499
4127858,Três Barras do Paraná,TRES BARRAS DO PARANA,PR,-25.4185,-53.1833
4127882,Tunas do Paraná,TUNAS DO PARANA,PR,-24.9731,-49.0879
4127908,Tuneiras do Oeste,TUNEIRAS DO OESTE,PR,-23.8648,-52.8769
4127957,Tupãssi,TUPASSI,PR,-24.5879,-53.5105
4127965,Turvo,TURVO,PR,-25.0437,-51.5282
4128005,Ubiratã,UBIRATA,PR,-24.5393,-52.9865
4128104,Umuarama,UMUARAMA,PR,-23.7656,-53.3201
4128203,União da Vitória,UNIAO DA VITORIA,PR,-26.2273,-51.0873
4128302,Uniflor,UNIFLOR,PR,-23.0868,-52.1573
4128401,Uraí,URAI,PR,-23.2,-50.7939
4128500,Wenceslau Braz,WENCESLAU BRAZ,PR,-23.8742,-49.8032
4128534,Ventania,VENTANIA,PR,-24.2458,-50.2376
4128559,Vera Cruz do Oeste,VERA CRUZ DO OESTE,PR,-25.0577,-53.8771
4128609,Verê,VERE,PR,-25.8772,-52.9051
4128625,Alto Paraíso,ALTO PARAISO,PR,-26.1146,-52.7469
4128633,Doutor Ulysses,DOUTOR ULYSSES,PR,-24.5665,-49.4219
4128658,Virmond,VIRMOND,PR,-25.3829,-52.1987
4128708,Vitorino,VITORINO,PR,-26.2683,-52.7843
4128807,Xambrê,XAMBRE,PR,-23.7364,-53.4884
4200051,Abdon Batista,ABDON BATISTA,SC,-27.6126,-51.0233
4200101,Abelardo Luz,ABELARDO LUZ,SC,-26.5716,-52.3229
4200200,Agrolândia,AGROLANDIA,SC,-27.4087,-49.822
4200309,Agronômica,AGRONOMICA,SC,-27.2662,-49.708
4200408,Água Doce,AGUA DOCE,SC,-26.9985,-51.5528
4200507,Águas de Chapecó,AGUAS DE CHAPECO,SC,-27.0754,-52.9808
4200556,Águas Frias,AGUAS FRIAS,SC,-26.8794,-52.8568
4200606,Águas Mornas,AGUAS MORNAS,SC,-27.6963,-48.8243
4200705,Alfredo Wagner,ALFREDO WAGNER,SC,-27.7001,-49.3273
4200754,Alto Bela Vista,ALTO BELA VISTA,SC,-27.4333,-51.9044
4200804,Anchieta,ANCHIETA,SC,-26.5382,-53.3319
4200903,Angelina,ANGELINA,SC,-27.5704,-48.9879
4201000,Anita Garibaldi,ANITA GARIBALDI,SC,-27.6897,-51.1271
4201109,Anitápolis,ANITAPOLIS,SC,-27.9012,-49.1316
4201208,Antônio Carlos,ANTONIO CARLOS,SC,-27.5191,-48.766
4201257,Apiúna,APIUNA,SC,-27.0375,-49.3885
4201273,Arabutã,ARABUTA,SC,-27.1587,-52.1423
4201307,Araquari,ARAQUARI,SC,-26.3754,-48.7188
4201406,Araranguá,ARARANGUA,SC,-28.9356,-49.4918
4201505,Armazém,ARMAZEM,SC,-28.2448,-49.0215
4201604,Arroio Trinta,ARROIO TRINTA,SC,-26.9257,-51.3407
4201653,Arvoredo,ARVOREDO,SC,-27.0748,-52.4543
4201703,Ascurra,ASCURRA,SC,-26.9548,-49.3783
4201802,Atalanta,ATALANTA,SC,-27.4219,-49.7789
4201901,Aurora,AURORA,SC,-27.3098,-49.6295
4201950,Balneário Arroio do Silva,BALNEARIO ARROIO DO SILVA,SC,-28.9806,-49.4237
4202008,Balneário Camboriú,BALNEARIO CAMBORIU,SC,-26.9926,-48.6352
4202057,Balneário Barra do Sul,BALNEARIO BARRA DO SUL,SC,-26.4597,-48.6123
4202073,Balneário Gaivota,BALNEARIO GAIVOTA,SC,-29.1527,-49.5841
4202081,Bandeirante,BANDEIRANTE,SC,-26.7705,-53.6413
4202099,Barra Bonita,BARRA BONITA,SC,-26.654,-53.44
4202107,Barra Velha,BARRA VELHA,SC,-26.637,-48.6933
4202131,Bela Vista do Toldo,BELA VISTA DO TOLDO,SC,-26.2746,-50.4664
4202156,Belmonte,BELMONTE,SC,-26.843,-53.5758
4202206,Benedito Novo,BENEDITO NOVO,SC,-26.781,-49.3593
4202305,Biguaçu,BIGUACU,SC,-27.496,-48.6598
4202404,Blumenau,BLUMENAU,SC,-26.9155,-49.0709
4202438,Bocaina do Sul,BOCAINA DO SUL,SC,-27.7455,-49.9423
4202453,Bombinhas,BOMBINHAS,SC,-27.1382,-48.5146
4202503,Bom Jardim da Serra,BOM JARDIM DA SERRA,SC,-28.3377,-49.6373
4202537,Bom Jesus,BOM JESUS,SC,-26.7326,-52.3919
4202578,Bom Jesus do Oeste,BOM JESUS DO OESTE,SC,-26.6927,-53.0967
4202602,Bom Retiro,BOM RETIRO,SC,-27.799,-49.487
4202701,Botuverá,BOTUVERA,SC,-27.2007,-49.0689
4202800,Braço do Norte,BRACO DO NORTE,SC,-28.2681,-49.1701
4202859,Braço do Trombudo,BRACO DO TROMBUDO,SC,-27.3586,-49.8821
4202875,Brunópolis,BRUNOPOLIS,SC,-27.3058,-50.8684
4202909,Brusque,BRUSQUE,SC,-27.0977,-48.9107
4203006,Caçador,CACADOR,SC,-26.7757,-51.012
4203105,Caibi,CAIBI,SC,-27.0741,-53.2458
4203154,Calmon,CALMON,SC,-26.5942,-51.095
4203204,Camboriú,CAMBORIU,SC,-27.0241,-48.6503
4203253,Capão Alto,CAPAO ALTO,SC,-27.9389,-50.5098
4203303,Campo Alegre,CAMPO ALEGRE,SC,-26.195,-49.2676
4203402,Campo Belo do Sul,CAMPO BELO DO SUL,SC,-27.8975,-50.7595
4203501,Campo Erê,CAMPO ERE,SC,-26.3931,-53.0856
4203600,Campos Novos,CAMPOS NOVOS,SC,-27.4002,-51.2276
4203709,Canelinha,CANELINHA,SC,-27.2616,-48.7658
4203808,Canoinhas,CANOINHAS,SC,-26.1766,-50.395
4203907,Capinzal,CAPINZAL,SC,-27.3473,-51.6057
4203956,Capivari de Baixo,CAPIVARI DE BAIXO,SC,-28.4498,-48.9631
4204004,Catanduvas,CATANDUVAS,SC,-27.069,-51.6602
4204103,Caxambu do Sul,CAXAMBU DO SUL,SC,-27.1624,-52.8807
4204152,Celso Ramos,CELSO RAMOS,SC,-27.6327,-51.335
4204178,Cerro Negro,CERRO NEGRO,SC,-27.7942,-50.8673
4204194,Chapadão do Lageado,CHAPADAO DO LAGEADO,SC,-27.5905,-49.5539
4204202,Chapecó,CHAPECO,SC,-27.1004,-52.6152
4204251,Cocal do Sul,COCAL DO SUL,SC,-28.5986,-49.3335
4204301,Concórdia,CONCORDIA,SC,-27.2335,-52.026
4204350,Cordilheira Alta,CORDILHEIRA ALTA,SC,-26.9844,-52.6056
4204400,Coronel Freitas,CORONEL FREITAS,SC,-26.9057,-52.7011
4204459,Coronel Martins,CORONEL MARTINS,SC,-26.511,-52.6694
4204509,Corupá,CORUPA,SC,-26.4246,-49.246
4204558,Correia Pinto,CORREIA PINTO,SC,-27.5877,-50.3614
4204608,Criciúma,CRICIUMA,SC,-28.6723,-49.3729
4204707,Cunha Porã,CUNHA PORA,SC,-26.895,-53.1662
4204756,Cunhataí,CUNHATAI,SC,-26.9709,-53.0895
4204806,Curitibanos,CURITIBANOS,SC,-27.2824,-50.5816
4204905,Descanso,DESCANSO,SC,-26.827,-53.5034
4205001,Dionísio Cerqueira,DIONISIO CERQUEIRA,SC,-26.2648,-53.6351
4205100,Dona Emma,DONA EMMA,SC,-26.981,-49.7261
4205159,Doutor Pedrinho,DOUTOR PEDRINHO,SC,-26.7174,-49.4795
4205175,Entre Rios,ENTRE RIOS,SC,-26.7225,-52.5585
4205191,Ermo,ERMO,SC,-28.9869,-49.643
4205209,Erval Velho,ERVAL VELHO,SC,-27.2743,-51.443
4205308,Faxinal dos Guedes,FAXINAL DOS GUEDES,SC,-26.8451,-52.2596
4205357,Flor do Sertão,FLOR DO SERTAO,SC,-26.7811,-53.3505
4205407,Florianópolis,FLORIANOPOLIS,SC,-27.5945,-48.5477
4205431,Formosa do Sul,FORMOSA DO SUL,SC,-26.6453,-52.7946
4205456,Forquilhinha,FORQUILHINHA,SC,-28.7454,-49.4785
4205506,Fraiburgo,FRAIBURGO,SC,-27.0233,-50.92
4205555,Frei Rogério,FREI ROGERIO,SC,-27.175,-50.8076
4205605,Galvão,GALVAO,SC,-26.4549,-52.6875
4205704,Garopaba,GAROPABA,SC,-28.0275,-48.6192
4205803,Garuva,GARUVA,SC,-26.0292,-48.852
4205902,Gaspar,GASPAR,SC,-26.9336,-48.9534
4206009,Governador Celso Ramos,GOVERNADOR CELSO RAMOS,SC,-27.3172,-48.5576
4206108,Grão Pará,GRAO PARA,SC,-28.1809,-49.2252
4206207,Gravatal,GRAVATAL,SC,-28.3208,-49.0427
4206306,Guabiruba,GUABIRUBA,SC,-27.0808,-48.9804
4206405,Guaraciaba,GUARACIABA,SC,-26.6042,-53.5243
4206504,Guaramirim,GUARAMIRIM,SC,-26.4688,-49.0026
4206603,Guarujá do Sul,GUARUJA DO SUL,SC,-26.3858,-53.5296
4206652,Guatambú,GUATAMBU,SC,-27.1341,-52.7887
4206702,Herval d'Oeste,HERVAL D OESTE,SC,-27.1903,-51.4917
4206751,Ibiam,IBIAM,SC,-27.1847,-51.2352
4206801,Ibicaré,IBICARE,SC,-27.0881,-51.3681
4206900,Ibirama,IBIRAMA,SC,-27.0547,-49.5193
4207007,Içara,ICARA,SC,-28.7132,-49.3087
4207106,Ilhota,ILHOTA,SC,-26.9023,-48.8251
4207205,Imaruí,IMARUI,SC,-28.3339,-48.817
4207304,Imbituba,IMBITUBA,SC,-28.2284,-48.6659
4207403,Imbuia,IMBUIA,SC,-27.4908,-49.4218
4207502,Indaial,INDAIAL,SC,-26.8992,-49.2354
4207577,Iomerê,IOMERE,SC,-27.0019,-51.2442
4207601,Ipira,IPIRA,SC,-27.4038,-51.7758
4207650,Iporã do Oeste,IPORA DO OESTE,SC,-26.9854,-53.5355
4207684,Ipuaçu,IPUACU,SC,-26.635,-52.4556
4207700,Ipumirim,IPUMIRIM,SC,-27.0772,-52.1289
4207759,Iraceminha,IRACEMINHA,SC,-26.8215,-53.2767
4207809,Irani,IRANI,SC,-27.0287,-51.9012
4207858,Irati,IRATI,SC,-26.6539,-52.8955
4207908,Irineópolis,IRINEOPOLIS,SC,-26.242,-50.7957
4208005,Itá,ITA,SC,-27.2907,-52.3212
4208104,Itaiópolis,ITAIOPOLIS,SC,-26.339,-49.9092
4208203,Itajaí,ITAJAI,SC,-26.9101,-48.6705
4208302,Itapema,ITAPEMA,SC,-27.0861,-48.616
4208401,Itapiranga,ITAPIRANGA,SC,-27.1659,-53.7166
4208450,Itapoá,ITAPOA,SC,-26.1158,-48.6182
4208500,Ituporanga,ITUPORANGA,SC,-27.4101,-49.5963
4208609,Jaborá,JABORA,SC,-27.1782,-51.7279
4208708,Jacinto Machado,JACINTO MACHADO,SC,-28.9961,-49.7623
4208807,Jaguaruna,JAGUARUNA,SC,-28.6146,-49.0296
4208906,Jaraguá do Sul,JARAGUA DO SUL,SC,-26.4851,-49.0713
4208955,Jardinópolis,JARDINOPOLIS,SC,-26.7191,-52.8625
4209003,Joaçaba,JOACABA,SC,-27.1721,-51.5108
4209102,Joinville,JOINVILLE,SC,-26.3045,-48.8487
4209151,José Boiteux,JOSE BOITEUX,SC,-26.9566,-49.6286
4209177,Jupiá,JUPIA,SC,-26.395,-52.7298
4209201,Lacerdópolis,LACERDOPOLIS,SC,-27.2579,-51.5577
4209300,Lages,LAGES,SC,-27.815,-50.3259
4209409,Laguna,LAGUNA,SC,-28.4843,-48.7772
4209458,Lajeado Grande,LAJEADO GRANDE,SC,-26.8576,-52.5648
4209508,Laurentino,LAURENTINO,SC,-27.2173,-49.7331
4209607,Lauro Muller,LAURO MULLER,SC,-28.3859,-49.4035
4209706,Lebon Régis,LEBON REGIS,SC,-26.928,-50.6921
4209805,Leoberto Leal,LEOBERTO LEAL,SC,-27.5081,-49.2789
4209854,Lindóia do Sul,LINDOIA DO SUL,SC,-27.0545,-52.069
4209904,Lontras,LONTRAS,SC,-27.1684,-49.535
4210001,Luiz Alves,LUIZ ALVES,SC,-26.7151,-48.9322
4210035,Luzerna,LUZERNA,SC,-27.1304,-51.4682
4210050,Macieira,MACIEIRA,SC,-26.8552,-51.3705
4210100,Mafra,MAFRA,SC,-26.1159,-49.8086
4210209,Major Gercino,MAJOR GERCINO,SC,-27.4192,-48.9488
4210308,Major Vieira,MAJOR VIEIRA,SC,-26.3709,-50.3266
4210407,Maracajá,MARACAJA,SC,-28.8463,-49.4605
4210506,Maravilha,MARAVILHA,SC,-26.7665,-53.1737
4210555,Marema,MAREMA,SC,-26.8024,-52.6264
4210605,Massaranduba,MASSARANDUBA,SC,-26.6109,-49.0054
4210704,Matos Costa,MATOS COSTA,SC,-26.4709,-51.1501
4210803,Meleiro,MELEIRO,SC,-28.8244,-49.6378
4210852,Mirim Doce,MIRIM DOCE,SC,-27.197,-50.0786
4210902,Modelo,MODELO,SC,-26.7729,-53.04
4211009,Mondaí,MONDAI,SC,-27.1008,-53.4032
4211058,Monte Carlo,MONTE CARLO,SC,-27.2239,-50.9808
4211108,Monte Castelo,MONTE CASTELO,SC,-26.461,-50.2327
4211207,Morro da Fumaça,MORRO DA FUMACA,SC,-28.6511,-49.2169
4211256,Morro Grande,MORRO GRANDE,SC,-28.8006,-49.7214
4211306,Navegantes,NAVEGANTES,SC,-26.8943,-48.6546
4211405,Nova Erechim,NOVA ERECHIM,SC,-26.8982,-52.9066
4211454,Nova Itaberaba,NOVA ITABERABA,SC,-26.9428,-52.8141
4211504,Nova Trento,NOVA TRENTO,SC,-27.278,-48.9298
4211603,Nova Veneza,NOVA VENEZA,SC,-28.6338,-49.5055
4211652,Novo Horizonte,NOVO HORIZONTE,SC,-26.4442,-52.8281
4211702,Orleans,ORLEANS,SC,-28.3487,-49.2986
4211751,Otacílio Costa,OTACILIO COSTA,SC,-27.4789,-50.1231
4211801,Ouro,OURO,SC,-27.3379,-51.6194
4211850,Ouro Verde,OURO VERDE,SC,-26.692,-52.3108
4211876,Paial,PAIAL,SC,-27.2541,-52.4975
4211892,Painel,PAINEL,SC,-27.9234,-50.0972
4211900,Palhoça,PALHOCA,SC,-27.6455,-48.6697
4212007,Palma Sola,PALMA SOLA,SC,-26.3471,-53.2771
4212056,Palmeira,PALMEIRA,SC,-27.583,-50.1577
4212106,Palmitos,PALMITOS,SC,-27.0702,-53.1586
4212205,Papanduva,PAPANDUVA,SC,-26.3777,-50.1419
4212239,Paraíso,PARAISO,SC,-26.62,-53.6716
4212254,Passo de Torres,PASSO DE TORRES,SC,-29.3099,-49.722
4212270,Passos Maia,PASSOS MAIA,SC,-26.7829,-52.0568
4212304,Paulo Lopes,PAULO LOPES,SC,-27.9607,-48.6864
4212403,Pedras Grandes,PEDRAS GRANDES,SC,-28.4339,-49.1949
4212502,Penha,PENHA,SC,-26.7754,-48.6465
4212601,Peritiba,PERITIBA,SC,-27.3754,-51.9018
4212650,Pescaria Brava,PESCARIA BRAVA,SC,-28.3966,-48.8864
4212700,Petrolândia,PETROLANDIA,SC,-27.5346,-49.6937
4212809,Balneário Piçarras,BALNEARIO PICARRAS,SC,-26.7639,-48.6717
4212908,Pinhalzinho,PINHALZINHO,SC,-26.8495,-52.9913
4213005,Pinheiro Preto,PINHEIRO PRETO,SC,-27.0483,-51.2243
4213104,Piratuba,PIRATUBA,SC,-27.4242,-51.7668
4213153,Planalto Alegre,PLANALTO ALEGRE,SC,-27.0704,-52.867
4213203,Pomerode,POMERODE,SC,-26.7384,-49.1785
4213302,Ponte Alta,PONTE ALTA,SC,-27.4835,-50.3764
4213351,Ponte Alta do Norte,PONTE ALTA DO NORTE,SC,-27.1591,-50.4659
4213401,Ponte Serrada,PONTE SERRADA,SC,-26.8733,-52.0112
4213500,Porto Belo,PORTO BELO,SC,-27.1586,-48.5469
4213609,Porto União,PORTO UNIAO,SC,-26.2451,-51.0759
4213708,Pouso Redondo,POUSO REDONDO,SC,-27.2567,-49.9301
4213807,Praia Grande,PRAIA GRANDE,SC,-29.1918,-49.9525
4213906,Presidente Castello Branco,PRESIDENTE CASTELLO BRANCO,SC,-27.2218,-51.8089
4214003,Presidente Getúlio,PRESIDENTE GETULIO,SC,-27.0474,-49.6246
4214102,Presidente Nereu,PRESIDENTE NEREU,SC,-27.2768,-49.3889
4214151,Princesa,PRINCESA,SC,-26.4441,-53.5994
4214201,Quilombo,QUILOMBO,SC,-26.7264,-52.724
4214300,Rancho Queimado,RANCHO QUEIMADO,SC,-27.6727,-49.0191
4214409,Rio das Antas,RIO DAS ANTAS,SC,-26.8946,-51.0674
4214508,Rio do Campo,RIO DO CAMPO,SC,-26.9452,-50.136
4214607,Rio do Oeste,RIO DO OESTE,SC,-27.1952,-49.7989
4214706,Rio dos Cedros,RIO DOS CEDROS,SC,-26.7398,-49.2718
4214805,Rio do Sul,RIO DO SUL,SC,-27.2156,-49.643
4214904,Rio Fortuna,RIO FORTUNA,SC,-28.1244,-49.1068
4215000,Rio Negrinho,RIO NEGRINHO,SC,-26.2591,-49.5177
4215059,Rio Rufino,RIO RUFINO,SC,-27.8592,-49.7754
4215075,Riqueza,RIQUEZA,SC,-27.0653,-53.3265
4215109,Rodeio,RODEIO,SC,-26.9243,-49.3649
4215208,Romelândia,ROMELANDIA,SC,-26.6809,-53.3172
4215307,Salete,SALETE,SC,-26.9798,-49.9988
4215356,Saltinho,SALTINHO,SC,-26.6049,-53.0578
4215406,Salto Veloso,SALTO VELOSO,SC,-26.903,-51.4043
4215455,Sangão,SANGAO,SC,-28.6326,-49.1322
4215505,Santa Cecília,SANTA CECILIA,SC,-26.9592,-50.4252
4215554,Santa Helena,SANTA HELENA,SC,-26.937,-53.6214
4215604,Santa Rosa de Lima,SANTA ROSA DE LIMA,SC,-28.0331,-49.133
4215653,Santa Rosa do Sul,SANTA ROSA DO SUL,SC,-29.1313,-49.7109
4215679,Santa Terezinha,SANTA TEREZINHA,SC,-26.7813,-50.009
4215687,Santa Terezinha do Progresso,SANTA TEREZINHA DO PROGRESSO,SC,-26.624,-53.1997
4215695,Santiago do Sul,SANTIAGO DO SUL,SC,-26.6388,-52.6799
4215703,Santo Amaro da Imperatriz,SANTO AMARO DA IMPERATRIZ,SC,-27.6852,-48.7813
4215752,São Bernardino,SAO BERNARDINO,SC,-26.4739,-52.9687
4215802,São Bento do Sul,SAO BENTO DO SUL,SC,-26.2495,-49.3831
4215901,São Bonifácio,SAO BONIFACIO,SC,-27.9009,-48.9326
4216008,São Carlos,SAO CARLOS,SC,-27.0798,-53.0037
4216057,São Cristovão do Sul,SAO CRISTOVAO DO SUL,SC,-27.2666,-50.4388
4216107,São Domingos,SAO DOMINGOS,SC,-26.5548,-52.5313
4216206,São Francisco do Sul,SAO FRANCISCO DO SUL,SC,-26.2579,-48.6344
4216255,São João do Oeste,SAO JOAO DO OESTE,SC,-27.0984,-53.5977
4216305,São João Batista,SAO JOAO BATISTA,SC,-27.2772,-48.8474
4216354,São João do Itaperiú,SAO JOAO DO ITAPERIU,SC,-26.6213,-48.7683
4216404,São João do Sul,SAO JOAO DO SUL,SC,-29.2154,-49.8094
4216503,São Joaquim,SAO JOAQUIM,SC,-28.2887,-49.9457
4216602,São José,SAO JOSE,SC,-27.6136,-48.6366
4216701,São José do Cedro,SAO JOSE DO CEDRO,SC,-26.4561,-53.4955
4216800,São José do Cerrito,SAO JOSE DO CERRITO,SC,-27.6602,-50.5733
4216909,São Lourenço do Oeste,SAO LOURENCO DO OESTE,SC,-26.3557,-52.8498
4217006,São Ludgero,SAO LUDGERO,SC,-28.3144,-49.1806
4217105,São Martinho,SAO MARTINHO,SC,-28.1609,-48.9867
4217154,São Miguel da Boa Vista,SAO MIGUEL DA BOA VISTA,SC,-26.687,-53.2511
4217204,São Miguel do Oeste,SAO MIGUEL DO OESTE,SC,-26.7242,-53.5163
4217253,São Pedro de Alcântara,SAO PEDRO DE ALCANTARA,SC,-27.5665,-48.8048
4217303,Saudades,SAUDADES,SC,-26.9317,-53.0021
4217402,Schroeder,SCHROEDER,SC,-26.4116,-49.074
4217501,Seara,SEARA,SC,-27.1564,-52.299
4217550,Serra Alta,SERRA ALTA,SC,-26.7229,-53.0409
4217600,Siderópolis,SIDEROPOLIS,SC,-28.5955,-49.4314
4217709,Sombrio,SOMBRIO,SC,-29.108,-49.6328
4217758,Sul Brasil,SUL BRASIL,SC,-26.7351,-52.964
4217808,Taió,TAIO,SC,-27.121,-49.9942
4217907,Tangará,TANGARA,SC,-27.0996,-51.2473
4217956,Tigrinhos,TIGRINHOS,SC,-26.6876,-53.1545
4218004,Tijucas,TIJUCAS,SC,-27.2354,-48.6322
4218103,Timbé do Sul,TIMBE DO SUL,SC,-28.8287,-49.842
4218202,Timbó,TIMBO,SC,-26.8246,-49.269
4218251,Timbó Grande,TIMBO GRANDE,SC,-26.6127,-50.6607
4218301,Três Barras,TRES BARRAS,SC,-26.1056,-50.3197
4218350,Treviso,TREVISO,SC,-28.5097,-49.4634
4218400,Treze de Maio,TREZE DE MAIO,SC,-28.5537,-49.1565
4218509,Treze Tílias,TREZE TILIAS,SC,-27.0026,-51.4084
4218608,Trombudo Central,TROMBUDO CENTRAL,SC,-27.3033,-49.793
4218707,Tubarão,TUBARAO,SC,-28.4713,-49.0144
4218756,Tunápolis,TUNAPOLIS,SC,-26.9681,-53.6417
4218806,Turvo,TURVO,SC,-28.9272,-49.6831
4218855,União do Oeste,UNIAO DO OESTE,SC,-26.762,-52.8541
4218905,Urubici,URUBICI,SC,-28.0157,-49.5925
4218954,Urupema,URUPEMA,SC,-27.9557,-49.8729
4219002,Urussanga,URUSSANGA,SC,-28.518,-49.3238
4219101,Vargeão,VARGEAO,SC,-26.8621,-52.1549
4219150,Vargem,VARGEM,SC,-27.4867,-50.9724
4219176,Vargem Bonita,VARGEM BONITA,SC,-27.0055,-51.7402
4219200,Vidal Ramos,VIDAL RAMOS,SC,-27.3886,-49.3593
4219309,Videira,VIDEIRA,SC,-27.0086,-51.1543
4219358,Vitor Meireles,VITOR MEIRELES,SC,-26.8782,-49.8328
4219408,Witmarsum,WITMARSUM,SC,-26.9275,-49.7947
4219507,Xanxerê,XANXERE,SC,-26.8747,-52.4036
4219606,Xavantina,XAVANTINA,SC,-27.0667,-52.343
4219705,Xaxim,XAXIM,SC,-26.9596,-52.5374
4219853,Zortéa,ZORTEA,SC,-27.4521,-51.552
4220000,Balneário Rincão,BALNEARIO RINCAO,SC,-28.8314,-49.2352
4300034,Aceguá,ACEGUA,RS,-31.8665,-54.1615
4300059,Água Santa,AGUA SANTA,RS,-28.1672,-52.031
4300109,Agudo,AGUDO,RS,-29.6447,-53.2515
4300208,Ajuricaba,AJURICABA,RS,-28.2342,-53.7757
4300307,Alecrim,ALECRIM,RS,-27.6579,-54.7649
4300406,Alegrete,ALEGRETE,RS,-29.7902,-55.7949
4300455,Alegria,ALEGRIA,RS,-27.8345,-54.0557
4300471,Almirante Tamandaré do Sul,ALMIRANTE TAMANDARE DO SUL,RS,-28.1149,-52.9142
4300505,Alpestre,ALPESTRE,RS,-27.2502,-53.0341
4300554,Alto Alegre,ALTO ALEGRE,RS,-28.7769,-52.9893
4300570,Alto Feliz,ALTO FELIZ,RS,-29.3919,-51.3123
4300604,Alvorada,ALVORADA,RS,-29.9914,-51.0809
4300638,Amaral Ferrador,AMARAL FERRADOR,RS,-30.8756,-52.2509
4300646,Ametista do Sul,AMETISTA DO SUL,RS,-27.3607,-53.183
4300661,André da Rocha,ANDRE DA ROCHA,RS,-28.6283,-51.5797
4300703,Anta Gorda,ANTA GORDA,RS,-28.9698,-52.0102
4300802,Antônio Prado,ANTONIO PRADO,RS,-28.8565,-51.2883
4300851,Arambaré,ARAMBARE,RS,-30.9092,-51.5046
4300877,Araricá,ARARICA,RS,-29.6168,-50.9291
4300901,Aratiba,ARATIBA,RS,-27.3978,-52.2975
4301008,Arroio do Meio,ARROIO DO MEIO,RS,-29.4014,-51.9557
4301057,Arroio do Sal,ARROIO DO SAL,RS,-29.5439,-49.8895
4301073,Arroio do Padre,ARROIO DO PADRE,RS,-31.4389,-52.4246
4301107,Arroio dos Ratos,ARROIO DOS RATOS,RS,-30.0875,-51.7275
4301206,Arroio do Tigre,ARROIO DO TIGRE,RS,-29.3348,-53.0966
4301305,Arroio Grande,ARROIO GRANDE,RS,-32.2327,-53.0862
4301404,Arvorezinha,ARVOREZINHA,RS,-28.8737,-52.1781
4301503,Augusto Pestana,AUGUSTO PESTANA,RS,-28.5172,-53.9883
4301552,Áurea,AUREA,RS,-27.6936,-52.0505
4301602,Bagé,BAGE,RS,-31.3297,-54.0999
4301636,Balneário Pinhal,BALNEARIO PINHAL,RS,-30.2419,-50.2337
4301651,Barão,BARAO,RS,-29.3725,-51.4949
4301701,Barão de Cotegipe,BARAO DE COTEGIPE,RS,-27.6208,-52.3798
4301750,Barão do Triunfo,BARAO DO TRIUNFO,RS,-30.3891,-51.7384
4301800,Barracão,BARRACAO,RS,-27.6739,-51.4585
4301859,Barra do Guarita,BARRA DO GUARITA,RS,-27.1927,-53.7109
4301875,Barra do Quaraí,BARRA DO QUARAI,RS,-30.2029,-57.5497
4301909,Barra do Ribeiro,BARRA DO RIBEIRO,RS,-30.2939,-51.3014
4301925,Barra do Rio Azul,BARRA DO RIO AZUL,RS,-27.4069,-52.4084
4301958,Barra Funda,BARRA FUNDA,RS,-27.9205,-53.0391
4302006,Barros Cassal,BARROS CASSAL,RS,-29.0947,-52.5836
4302055,Benjamin Constant do Sul,BENJAMIN CONSTANT DO SUL,RS,-27.5086,-52.5995
4302105,Bento Gonçalves,BENTO GONCALVES,RS,-29.1662,-51.5165
4302154,Boa Vista das Missões,BOA VISTA DAS MISSOES,RS,-27.6671,-53.3102
4302204,Boa Vista do Buricá,BOA VISTA DO BURICA,RS,-27.6693,-54.1082
4302220,Boa Vista do Cadeado,BOA VISTA DO CADEADO,RS,-28.5791,-53.8108
4302238,Boa Vista do Incra,BOA VISTA DO INCRA,RS,-28.8185,-53.391
4302253,Boa Vista do Sul,BOA VISTA DO SUL,RS,-29.3544,-51.6687
4302303,Bom Jesus,BOM JESUS,RS,-28.6697,-50.4295
4302352,Bom Princípio,BOM PRINCIPIO,RS,-29.4856,-51.3548
4302378,Bom Progresso,BOM PROGRESSO,RS,-27.5399,-53.8716
4302402,Bom Retiro do Sul,BOM RETIRO DO SUL,RS,-29.6071,-51.9456
4302451,Boqueirão do Leão,BOQUEIRAO DO LEAO,RS,-29.3046,-52.4284
4302501,Bossoroca,BOSSOROCA,RS,-28.7291,-54.9035
4302584,Bozano,BOZANO,RS,-28.3659,-53.772
4302600,Braga,BRAGA,RS,-27.6173,-53.7405
4302659,Brochier,BROCHIER,RS,-29.5501,-51.5945
4302709,Butiá,BUTIA,RS,-30.1179,-51.9601
4302808,Caçapava do Sul,CACAPAVA DO SUL,RS,-30.5144,-53.4827
4302907,Cacequi,CACEQUI,RS,-29.8883,-54.822
4303004,Cachoeira do Sul,CACHOEIRA DO SUL,RS,-30.033,-52.8928
4303103,Cachoeirinha,CACHOEIRINHA,RS,-29.9472,-51.1016
4303202,Cacique Doble,CACIQUE DOBLE,RS,-27.767,-51.6597
4303301,Caibaté,CAIBATE,RS,-28.2905,-54.6454
4303400,Caiçara,CAICARA,RS,-27.2791,-53.4257
4303509,Camaquã,CAMAQUA,RS,-30.8489,-51.8043
4303558,Camargo,CAMARGO,RS,-28.588,-52.2003
4303608,Cambará do Sul,CAMBARA DO SUL,RS,-29.0474,-50.1465
4303673,Campestre da Serra,CAMPESTRE DA SERRA,RS,-28.7926,-51.0941
4303707,Campina das Missões,CAMPINA DAS MISSOES,RS,-27.9888,-54.8416
4303806,Campinas do Sul,CAMPINAS DO SUL,RS,-27.7174,-52.6248
4303905,Campo Bom,CAMPO BOM,RS,-29.6747,-51.0606
4304002,Campo Novo,CAMPO NOVO,RS,-27.6792,-53.8052
4304101,Campos Borges,CAMPOS BORGES,RS,-28.8871,-53.0008
4304200,Candelária,CANDELARIA,RS,-29.6684,-52.7895
4304309,Cândido Godói,CANDIDO GODOI,RS,-27.9515,-54.7517
4304358,Candiota,CANDIOTA,RS,-31.5516,-53.6773
4304408,Canela,CANELA,RS,-29.356,-50.8119
4304507,Canguçu,CANGUCU,RS,-31.396,-52.6783
4304606,Canoas,CANOAS,RS,-29.9128,-51.1857
4304614,Canudos do Vale,CANUDOS DO VALE,RS,-29.3271,-52.2374
4304622,Capão Bonito do Sul,CAPAO BONITO DO SUL,RS,-28.1254,-51.3961
4304630,Capão da Canoa,CAPAO DA CANOA,RS,-29.7642,-50.0282
4304655,Capão do Cipó,CAPAO DO CIPO,RS,-28.9312,-54.5558
4304663,Capão do Leão,CAPAO DO LEAO,RS,-31.7565,-52.4889
4304671,Capivari do Sul,CAPIVARI DO SUL,RS,-30.1383,-50.5152
4304689,Capela de Santana,CAPELA DE SANTANA,RS,-29.6961,-51.328
4304697,Capitão,CAPITAO,RS,-29.2674,-51.9853
4304705,Carazinho,CARAZINHO,RS,-28.2958,-52.7933
4304713,Caraá,CARAA,RS,-29.7869,-50.4316
4304804,Carlos Barbosa,CARLOS BARBOSA,RS,-29.2969,-51.5028
4304853,Carlos Gomes,CARLOS GOMES,RS,-27.7167,-51.9121
4304903,Casca,CASCA,RS,-28.5605,-51.9815
4304952,Caseiros,CASEIROS,RS,-28.2582,-51.6861
4305009,Catuípe,CATUIPE,RS,-28.2554,-54.0132
4305108,Caxias do Sul,CAXIAS DO SUL,RS,-29.1629,-51.1792
4305116,Centenário,CENTENARIO,RS,-27.7615,-51.9984
4305124,Cerrito,CERRITO,RS,-31.8419,-52.8004
4305132,Cerro Branco,CERRO BRANCO,RS,-29.657,-52.9406
4305157,Cerro Grande,CERRO GRANDE,RS,-27.6106,-53.1672
4305173,Cerro Grande do Sul,CERRO GRANDE DO SUL,RS,-30.5905,-51.7418
4305207,Cerro Largo,CERRO LARGO,RS,-28.1463,-54.7428
4305306,Chapada,CHAPADA,RS,-28.0559,-53.0665
4305355,Charqueadas,CHARQUEADAS,RS,-29.9625,-51.6289
4305371,Charrua,CHARRUA,RS,-27.9493,-52.015
4305405,Chiapetta,CHIAPETTA,RS,-27.923,-53.9419
4305439,Chuí,CHUI,RS,-33.6866,-53.4594
4305447,Chuvisca,CHUVISCA,RS,-30.7504,-51.9737
4305454,Cidreira,CIDREIRA,RS,-30.1604,-50.2337
4305504,Ciríaco,CIRIACO,RS,-28.3419,-51.8741
4305587,Colinas,COLINAS,RS,-29.3948,-51.8556
4305603,Colorado,COLORADO,RS,-28.5258,-52.9928
4305702,Condor,CONDOR,RS,-28.2075,-53.4905
4305801,Constantina,CONSTANTINA,RS,-27.732,-52.9938
4305835,Coqueiro Baixo,COQUEIRO BAIXO,RS,-29.1802,-52.0942
4305850,Coqueiros do Sul,COQUEIROS DO SUL,RS,-28.1194,-52.7842
4305871,Coronel Barros,CORONEL BARROS,RS,-28.3921,-54.0686
4305900,Coronel Bicaco,CORONEL BICACO,RS,-27.7197,-53.7022
4305934,Coronel Pilar,CORONEL PILAR,RS,-29.2695,-51.6847
4305959,Cotiporã,COTIPORA,RS,-28.9891,-51.6971
4305975,Coxilha,COXILHA,RS,-28.128,-52.3023
4306007,Crissiumal,CRISSIUMAL,RS,-27.4999,-54.0994
4306056,Cristal,CRISTAL,RS,-31.0046,-52.0436
4306072,Cristal do Sul,CRISTAL DO SUL,RS,-27.452,-53.2422
4306106,Cruz Alta,CRUZ ALTA,RS,-28.645,-53.6048
4306130,Cruzaltense,CRUZALTENSE,RS,-27.6672,-52.6522
4306205,Cruzeiro do Sul,CRUZEIRO DO SUL,RS,-29.5148,-51.9928
4306304,David Canabarro,DAVID CANABARRO,RS,-28.3849,-51.8482
4306320,Derrubadas,DERRUBADAS,RS,-27.2642,-53.8645
4306353,Dezesseis de Novembro,DEZESSEIS DE NOVEMBRO,RS,-28.219,-55.0617
4306379,Dilermando de Aguiar,DILERMANDO DE AGUIAR,RS,-29.7054,-54.2122
4306403,Dois Irmãos,DOIS IRMAOS,RS,-29.5836,-51.0898
4306429,Dois Irmãos das Missões,DOIS IRMAOS DAS MISSOES,RS,-27.6621,-53.5304
4306452,Dois Lajeados,DOIS LAJEADOS,RS,-28.983,-51.8396
4306502,Dom Feliciano,DOM FELICIANO,RS,-30.7004,-52.1026
4306551,Dom Pedro de Alcântara,DOM PEDRO DE ALCANTARA,RS,-29.3639,-49.853
4306601,Dom Pedrito,DOM PEDRITO,RS,-30.9756,-54.6694
4306700,Dona Francisca,DONA FRANCISCA,RS,-29.6195,-53.3617
4306734,Doutor Maurício Cardoso,DOUTOR MAURICIO CARDOSO,RS,-27.5103,-54.3577
4306759,Doutor Ricardo,DOUTOR RICARDO,RS,-29.084,-51.9972
4306767,Eldorado do Sul,ELDORADO DO SUL,RS,-30.0847,-51.6187
4306809,Encantado,ENCANTADO,RS,-29.2351,-51.8703
4306908,Encruzilhada do Sul,ENCRUZILHADA DO SUL,RS,-30.543,-52.5204
4306924,Engenho Velho,ENGENHO VELHO,RS,-27.706,-52.9145
4306932,Entre-Ijuís,ENTRE IJUIS,RS,-28.3686,-54.2686
4306957,Entre Rios do Sul,ENTRE RIOS DO SUL,RS,-27.5298,-52.7347
4306973,Erebango,EREBANGO,RS,-27.8544,-52.3005
4307005,Erechim,ERECHIM,RS,-27.6364,-52.2697
4307054,Ernestina,ERNESTINA,RS,-28.4977,-52.5836
4307104,Herval,HERVAL,RS,-32.024,-53.3944
4307203,Erval Grande,ERVAL GRANDE,RS,-27.3926,-52.574
4307302,Erval Seco,ERVAL SECO,RS,-27.5443,-53.5005
4307401,Esmeralda,ESMERALDA,RS,-28.0518,-51.1933
4307450,Esperança do Sul,ESPERANCA DO SUL,RS,-27.3603,-53.9891
4307500,Espumoso,ESPUMOSO,RS,-28.7286,-52.8461
4307559,Estação,ESTACAO,RS,-27.9135,-52.2635
4307609,Estância Velha,ESTANCIA VELHA,RS,-29.6535,-51.1843
4307708,Esteio,ESTEIO,RS,-29.852,-51.1841
4307807,Estrela,ESTRELA,RS,-29.5002,-51.9495
4307815,Estrela Velha,ESTRELA VELHA,RS,-29.1713,-53.1639
4307831,Eugênio de Castro,EUGENIO DE CASTRO,RS,-28.5315,-54.1506
4307864,Fagundes Varela,FAGUNDES VARELA,RS,-28.8794,-51.7014
4307906,Farroupilha,FARROUPILHA,RS,-29.2227,-51.3419
4308003,Faxinal do Soturno,FAXINAL DO SOTURNO,RS,-29.5788,-53.4484
4308052,Faxinalzinho,FAXINALZINHO,RS,-27.4238,-52.6789
4308078,Fazenda Vilanova,FAZENDA VILANOVA,RS,-29.5885,-51.8217
4308102,Feliz,FELIZ,RS,-29.4527,-51.3032
4308201,Flores da Cunha,FLORES DA CUNHA,RS,-29.0261,-51.1875
4308250,Floriano Peixoto,FLORIANO PEIXOTO,RS,-27.8614,-52.0838
4308300,Fontoura Xavier,FONTOURA XAVIER,RS,-28.9817,-52.3445
4308409,Formigueiro,FORMIGUEIRO,RS,-30.0035,-53.4959
4308433,Forquetinha,FORQUETINHA,RS,-29.3828,-52.0981
4308458,Fortaleza dos Valos,FORTALEZA DOS VALOS,RS,-28.7986,-53.2249
4308508,Frederico Westphalen,FREDERICO WESTPHALEN,RS,-27.3586,-53.3958
4308607,Garibaldi,GARIBALDI,RS,-29.259,-51.5352
4308656,Garruchos,GARRUCHOS,RS,-28.1944,-55.6383
4308706,Gaurama,GAURAMA,RS,-27.5856,-52.0915
4308805,General Câmara,GENERAL CAMARA,RS,-29.9032,-51.7612
4308854,Gentil,GENTIL,RS,-28.4316,-52.0337
4308904,Getúlio Vargas,GETULIO VARGAS,RS,-27.8911,-52.2294
4309001,Giruá,GIRUA,RS,-28.0297,-54.3517
4309050,Glorinha,GLORINHA,RS,-29.8798,-50.7734
4309100,Gramado,GRAMADO,RS,-29.3734,-50.8762
4309126,Gramado dos Loureiros,GRAMADO DOS LOUREIROS,RS,-27.4429,-52.9149
4309159,Gramado Xavier,GRAMADO XAVIER,RS,-29.2706,-52.5795
4309209,Gravataí,GRAVATAI,RS,-29.9413,-50.9869
4309258,Guabiju,GUABIJU,RS,-28.5421,-51.6948
4309308,Guaíba,GUAIBA,RS,-30.1086,-51.3233
4309407,Guaporé,GUAPORE,RS,-28.8399,-51.8895
4309506,Guarani das Missões,GUARANI DAS MISSOES,RS,-28.1491,-54.5629
4309555,Harmonia,HARMONIA,RS,-29.5456,-51.4185
4309571,Herveiras,HERVEIRAS,RS,-29.4552,-52.6553
4309605,Horizontina,HORIZONTINA,RS,-27.6282,-54.3053
4309654,Hulha Negra,HULHA NEGRA,RS,-31.4067,-53.8667
4309704,Humaitá,HUMAITA,RS,-27.5691,-53.9695
4309753,Ibarama,IBARAMA,RS,-29.4203,-53.1295
4309803,Ibiaçá,IBIACA,RS,-28.0566,-51.8599
4309902,Ibiraiaras,IBIRAIARAS,RS,-28.3741,-51.6377
4309951,Ibirapuitã,IBIRAPUITA,RS,-28.6247,-52.5158
4310009,Ibirubá,IBIRUBA,RS,-28.6302,-53.0961
4310108,Igrejinha,IGREJINHA,RS,-29.5693,-50.7919
4310207,Ijuí,IJUI,RS,-28.388,-53.92
4310306,Ilópolis,ILOPOLIS,RS,-28.9282,-52.1258
4310330,Imbé,IMBE,RS,-29.9753,-50.1281
4310363,Imigrante,IMIGRANTE,RS,-29.3508,-51.7748
4310405,Independência,INDEPENDENCIA,RS,-27.8354,-54.1886
4310413,Inhacorá,INHACORA,RS,-27.8752,-54.015
4310439,Ipê,IPE,RS,-28.8171,-51.2859
4310462,Ipiranga do Sul,IPIRANGA DO SUL,RS,-27.9404,-52.4271
4310504,Iraí,IRAI,RS,-27.1951,-53.2543
4310538,Itaara,ITAARA,RS,-29.6013,-53.7725
4310553,Itacurubi,ITACURUBI,RS,-28.7913,-55.2447
4310579,Itapuca,ITAPUCA,RS,-28.7768,-52.1693
4310603,Itaqui,ITAQUI,RS,-29.1311,-56.5515
4310652,Itati,ITATI,RS,-29.4974,-50.1016
4310702,Itatiba do Sul,ITATIBA DO SUL,RS,-27.3846,-52.4538
4310751,Ivorá,IVORA,RS,-29.5232,-53.5842
4310801,Ivoti,IVOTI,RS,-29.5995,-51.1533
4310850,Jaboticaba,JABOTICABA,RS,-27.6347,-53.2762
4310876,Jacuizinho,JACUIZINHO,RS,-29.0401,-53.0657
4310900,Jacutinga,JACUTINGA,RS,-27.7291,-52.5372
4311007,Jaguarão,JAGUARAO,RS,-32.5604,-53.377
4311106,Jaguari,JAGUARI,RS,-29.4936,-54.703
4311122,Jaquirana,JAQUIRANA,RS,-28.8811,-50.3637
4311130,Jari,JARI,RS,-29.2922,-54.2237
4311155,Jóia,JOIA,RS,-28.6435,-54.1141
4311205,Júlio de Castilhos,JULIO DE CASTILHOS,RS,-29.2299,-53.6772
4311239,Lagoa Bonita do Sul,LAGOA BONITA DO SUL,RS,-29.4939,-53.017
4311254,Lagoão,LAGOAO,RS,-29.2348,-52.7997
4311270,Lagoa dos Três Cantos,LAGOA DOS TRES CANTOS,RS,-28.5676,-52.8618
4311304,Lagoa Vermelha,LAGOA VERMELHA,RS,-28.2093,-51.5248
4311403,Lajeado,LAJEADO,RS,-29.4591,-51.9644
4311429,Lajeado do Bugre,LAJEADO DO BUGRE,RS,-27.6913,-53.1818
4311502,Lavras do Sul,LAVRAS DO SUL,RS,-30.8071,-53.8931
4311601,Liberato Salzano,LIBERATO SALZANO,RS,-27.601,-53.0753
4311627,Lindolfo Collor,LINDOLFO COLLOR,RS,-29.5859,-51.2141
4311643,Linha Nova,LINHA NOVA,RS,-29.4679,-51.2003
4311700,Machadinho,MACHADINHO,RS,-27.5667,-51.6668
4311718,Maçambará,MACAMBARA,RS,-29.1445,-56.0674
4311734,Mampituba,MAMPITUBA,RS,-29.2136,-49.9311
4311759,Manoel Viana,MANOEL VIANA,RS,-29.5859,-55.4841
4311775,Maquiné,MAQUINE,RS,-29.6798,-50.2079
4311791,Maratá,MARATA,RS,-29.5457,-51.5573
4311809,Marau,MARAU,RS,-28.4498,-52.1986
4311908,Marcelino Ramos,MARCELINO RAMOS,RS,-27.4676,-51.9095
4311981,Mariana Pimentel,MARIANA PIMENTEL,RS,-30.353,-51.5803
4312005,Mariano Moro,MARIANO MORO,RS,-27.3568,-52.1467
4312054,Marques de Souza,MARQUES DE SOUZA,RS,-29.3311,-52.0973
4312104,Mata,MATA,RS,-29.5649,-54.4641
4312138,Mato Castelhano,MATO CASTELHANO,RS,-28.28,-52.1932
4312153,Mato Leitão,MATO LEITAO,RS,-29.5285,-52.1278
4312179,Mato Queimado,MATO QUEIMADO,RS,-28.252,-54.6159
4312203,Maximiliano de Almeida,MAXIMILIANO DE ALMEIDA,RS,-27.6325,-51.802
4312252,Minas do Leão,MINAS DO LEAO,RS,-30.1346,-52.0423
4312302,Miraguaí,MIRAGUAI,RS,-27.497,-53.6891
4312351,Montauri,MONTAURI,RS,-28.6462,-52.0767
4312377,Monte Alegre dos Campos,MONTE ALEGRE DOS CAMPOS,RS,-28.6805,-50.7834
4312385,Monte Belo do Sul,MONTE BELO DO SUL,RS,-29.1607,-51.6333
4312401,Montenegro,MONTENEGRO,RS,-29.6824,-51.4679
4312427,Mormaço,MORMACO,RS,-28.6968,-52.6999
4312443,Morrinhos do Sul,MORRINHOS DO SUL,RS,-29.3578,-49.9328
4312450,Morro Redondo,MORRO REDONDO,RS,-31.5887,-52.6261
4312476,Morro Reuter,MORRO REUTER,RS,-29.5379,-51.0811
4312500,Mostardas,MOSTARDAS,RS,-31.1054,-50.9167
4312609,Muçum,MUCUM,RS,-29.163,-51.8714
4312617,Muitos Capões,MUITOS CAPOES,RS,-28.3132,-51.1836
4312625,Muliterno,MULITERNO,RS,-28.3253,-51.7697
4312658,Não-Me-Toque,NAO ME TOQUE,RS,-28.4548,-52.8182
4312674,Nicolau Vergueiro,NICOLAU VERGUEIRO,RS,-28.5298,-52.4676
4312708,Nonoai,NONOAI,RS,-27.3689,-52.7756
4312757,Nova Alvorada,NOVA ALVORADA,RS,-28.6822,-52.1631
4312807,Nova Araçá,NOVA ARACA,RS,-28.6537,-51.7458
4312906,Nova Bassano,NOVA BASSANO,RS,-28.7291,-51.7072
4312955,Nova Boa Vista,NOVA BOA VISTA,RS,-27.9926,-52.9784
4313003,Nova Bréscia,NOVA BRESCIA,RS,-29.2182,-52.0319
4313011,Nova Candelária,NOVA CANDELARIA,RS,-27.6137,-54.1074
4313037,Nova Esperança do Sul,NOVA ESPERANCA DO SUL,RS,-29.4066,-54.8293
4313060,Nova Hartz,NOVA HARTZ,RS,-29.5808,-50.9051
4313086,Nova Pádua,NOVA PADUA,RS,-29.0275,-51.3098
4313102,Nova Palma,NOVA PALMA,RS,-29.471,-53.4689
4313201,Nova Petrópolis,NOVA PETROPOLIS,RS,-29.3741,-51.1136
4313300,Nova Prata,NOVA PRATA,RS,-28.7799,-51.6113
4313334,Nova Ramada,NOVA RAMADA,RS,-28.0667,-53.6992
4313359,Nova Roma do Sul,NOVA ROMA DO SUL,RS,-28.9882,-51.4095
4313375,Nova Santa Rita,NOVA SANTA RITA,RS,-29.8525,-51.2837
4313391,Novo Cabrais,NOVO CABRAIS,RS,-29.7338,-52.9489
4313409,Novo Hamburgo,NOVO HAMBURGO,RS,-29.6875,-51.1328
4313425,Novo Machado,NOVO MACHADO,RS,-27.5765,-54.5036
4313441,Novo Tiradentes,NOVO TIRADENTES,RS,-27.5649,-53.1837
4313466,Novo Xingu,NOVO XINGU,RS,-27.749,-53.0639
4313490,Novo Barreiro,NOVO BARREIRO,RS,-27.9077,-53.1103
4313508,Osório,OSORIO,RS,-29.8881,-50.2667
4313607,Paim Filho,PAIM FILHO,RS,-27.7075,-51.763
4313656,Palmares do Sul,PALMARES DO SUL,RS,-30.2535,-50.5103
4313706,Palmeira das Missões,PALMEIRA DAS MISSOES,RS,-27.9007,-53.3134
4313805,Palmitinho,PALMITINHO,RS,-27.3596,-53.558
4313904,Panambi,PANAMBI,RS,-28.2833,-53.5023
4313953,Pantano Grande,PANTANO GRANDE,RS,-30.1902,-52.3729
4314001,Paraí,PARAI,RS,-28.5964,-51.7896
4314027,Paraíso do Sul,PARAISO DO SUL,RS,-29.6717,-53.144
4314035,Pareci Novo,PARECI NOVO,RS,-29.6365,-51.3974
4314050,Parobé,PAROBE,RS,-29.6243,-50.8312
4314068,Passa Sete,PASSA SETE,RS,-29.4577,-52.9599
4314076,Passo do Sobrado,PASSO DO SOBRADO,RS,-29.748,-52.2748
4314100,Passo Fundo,PASSO FUNDO,RS,-28.2576,-52.4091
4314134,Paulo Bento,PAULO BENTO,RS,-27.7051,-52.4169
4314159,Paverama,PAVERAMA,RS,-29.5486,-51.7339
4314175,Pedras Altas,PEDRAS ALTAS,RS,-31.7365,-53.5814
4314209,Pedro Osório,PEDRO OSORIO,RS,-31.8642,-52.8184
4314308,Pejuçara,PEJUCARA,RS,-28.4283,-53.6579
4314407,Pelotas,PELOTAS,RS,-31.7649,-52.3371
4314423,Picada Café,PICADA CAFE,RS,-29.4464,-51.1367
4314456,Pinhal,PINHAL,RS,-27.508,-53.2082
4314464,Pinhal da Serra,PINHAL DA SERRA,RS,-27.8751,-51.1673
4314472,Pinhal Grande,PINHAL GRANDE,RS,-29.345,-53.3206
4314498,Pinheirinho do Vale,PINHEIRINHO DO VALE,RS,-27.2109,-53.608
4314506,Pinheiro Machado,PINHEIRO MACHADO,RS,-31.5794,-53.3798
4314548,Pinto Bandeira,PINTO BANDEIRA,RS,-29.0975,-51.4503
4314555,Pirapó,PIRAPO,RS,-28.0439,-55.2001
4314605,Piratini,PIRATINI,RS,-31.4473,-53.0973
4314704,Planalto,PLANALTO,RS,-27.3297,-53.0575
4314753,Poço das Antas,POCO DAS ANTAS,RS,-29.4481,-51.6719
4314779,Pontão,PONTAO,RS,-28.0585,-52.6791
4314787,Ponte Preta,PONTE PRETA,RS,-27.6587,-52.4848
4314803,Portão,PORTAO,RS,-29.7015,-51.2429
4314902,Porto Alegre,PORTO ALEGRE,RS,-30.0318,-51.2065
4315008,Porto Lucena,PORTO LUCENA,RS,-27.8569,-55.01
4315057,Porto Mauá,PORTO MAUA,RS,-27.5796,-54.6657
4315073,Porto Vera Cruz,PORTO VERA CRUZ,RS,-27.7405,-54.8994
4315107,Porto Xavier,PORTO XAVIER,RS,-27.9082,-55.1379
4315131,Pouso Novo,POUSO NOVO,RS,-29.1738,-52.2136
4315149,Presidente Lucena,PRESIDENTE LUCENA,RS,-29.5175,-51.1798
4315156,Progresso,PROGRESSO,RS,-29.2441,-52.3197
4315172,Protásio Alves,PROTASIO ALVES,RS,-28.7572,-51.4757
4315206,Putinga,PUTINGA,RS,-29.0045,-52.1569
4315305,Quaraí,QUARAI,RS,-30.384,-56.4483
4315313,Quatro Irmãos,QUATRO IRMAOS,RS,-27.8257,-52.4424
4315321,Quevedos,QUEVEDOS,RS,-29.3504,-54.0789
4315354,Quinze de Novembro,QUINZE DE NOVEMBRO,RS,-28.7466,-53.1011
4315404,Redentora,REDENTORA,RS,-27.664,-53.6407
4315453,Relvado,RELVADO,RS,-29.1164,-52.0778
4315503,Restinga Sêca,RESTINGA SECA,RS,-29.8188,-53.3807
4315552,Rio dos Índios,RIO DOS INDIOS,RS,-27.2973,-52.8417
4315602,Rio Grande,RIO GRANDE,RS,-32.0349,-52.1071
4315701,Rio Pardo,RIO PARDO,RS,-29.988,-52.3711
4315750,Riozinho,RIOZINHO,RS,-29.639,-50.4488
4315800,Roca Sales,ROCA SALES,RS,-29.2884,-51.8658
4315909,Rodeio Bonito,RODEIO BONITO,RS,-27.4742,-53.1706
4315958,Rolador,ROLADOR,RS,-28.2566,-54.8186
4316006,Rolante,ROLANTE,RS,-29.6462,-50.5819
4316105,Ronda Alta,RONDA ALTA,RS,-27.7758,-52.8056
4316204,Rondinha,RONDINHA,RS,-27.8315,-52.9081
4316303,Roque Gonzales,ROQUE GONZALES,RS,-28.1297,-55.0266
4316402,Rosário do Sul,ROSARIO DO SUL,RS,-30.2515,-54.9221
4316428,Sagrada Família,SAGRADA FAMILIA,RS,-27.7085,-53.1351
4316436,Saldanha Marinho,SALDANHA MARINHO,RS,-28.3941,-53.097
4316451,Salto do Jacuí,SALTO DO JACUI,RS,-29.0951,-53.2133
4316477,Salvador das Missões,SALVADOR DAS MISSOES,RS,-28.1233,-54.8373
4316501,Salvador do Sul,SALVADOR DO SUL,RS,-29.4386,-51.5077
4316600,Sananduva,SANANDUVA,RS,-27.947,-51.8079
4316709,Santa Bárbara do Sul,SANTA BARBARA DO SUL,RS,-28.3653,-53.251
4316733,Santa Cecília do Sul,SANTA CECILIA DO SUL,RS,-28.1609,-51.9279
4316758,Santa Clara do Sul,SANTA CLARA DO SUL,RS,-29.4747,-52.0843
4316808,Santa Cruz do Sul,SANTA CRUZ DO SUL,RS,-29.722,-52.4343
4316907,Santa Maria,SANTA MARIA,RS,-29.6868,-53.8149
4316956,Santa Maria do Herval,SANTA MARIA DO HERVAL,RS,-29.4902,-50.9919
4316972,Santa Margarida do Sul,SANTA MARGARIDA DO SUL,RS,-30.3393,-54.0817
4317004,Santana da Boa Vista,SANTANA DA BOA VISTA,RS,-30.8697,-53.11
4317103,Sant'Ana do Livramento,SANT ANA DO LIVRAMENTO,RS,-30.8773,-55.5392
4317202,Santa Rosa,SANTA ROSA,RS,-27.8702,-54.4796
4317251,Santa Tereza,SANTA TEREZA,RS,-29.1655,-51.7351
4317301,Santa Vitória do Palmar,SANTA VITORIA DO PALMAR,RS,-33.525,-53.3717
4317400,Santiago,SANTIAGO,RS,-29.1897,-54.8666
4317509,Santo Ângelo,SANTO ANGELO,RS,-28.3001,-54.2668
4317558,Santo Antônio do Palma,SANTO ANTONIO DO PALMA,RS,-28.4956,-52.0267
4317608,Santo Antônio da Patrulha,SANTO ANTONIO DA PATRULHA,RS,-29.8268,-50.5175
4317707,Santo Antônio das Missões,SANTO ANTONIO DAS MISSOES,RS,-28.514,-55.2251
4317756,Santo Antônio do Planalto,SANTO ANTONIO DO PLANALTO,RS,-28.403,-52.6992
4317806,Santo Augusto,SANTO AUGUSTO,RS,-27.8526,-53.7776
4317905,Santo Cristo,SANTO CRISTO,RS,-27.8263,-54.662
4317954,Santo Expedito do Sul,SANTO EXPEDITO DO SUL,RS,-27.9074,-51.6434
4318002,São Borja,SAO BORJA,RS,-28.6578,-56.0036
4318051,São Domingos do Sul,SAO DOMINGOS DO SUL,RS,-28.5312,-51.886
4318101,São Francisco de Assis,SAO FRANCISCO DE ASSIS,RS,-29.5547,-55.1253
4318200,São Francisco de Paula,SAO FRANCISCO DE PAULA,RS,-29.4404,-50.5828
4318309,São Gabriel,SAO GABRIEL,RS,-30.3337,-54.3217
4318408,São Jerônimo,SAO JERONIMO,RS,-29.9716,-51.7251
4318424,São João da Urtiga,SAO JOAO DA URTIGA,RS,-27.8195,-51.8257
4318432,São João do Polêsine,SAO JOAO DO POLESINE,RS,-29.6194,-53.4439
4318440,São Jorge,SAO JORGE,RS,-28.4984,-51.7064
4318457,São José das Missões,SAO JOSE DAS MISSOES,RS,-27.7789,-53.1226
4318465,São José do Herval,SAO JOSE DO HERVAL,RS,-29.052,-52.295
4318481,São José do Hortêncio,SAO JOSE DO HORTENCIO,RS,-29.528,-51.245
4318499,São José do Inhacorá,SAO JOSE DO INHACORA,RS,-27.7251,-54.1275
4318507,São José do Norte,SAO JOSE DO NORTE,RS,-32.0151,-52.0331
4318606,São José do Ouro,SAO JOSE DO OURO,RS,-27.7707,-51.5966
4318614,São José do Sul,SAO JOSE DO SUL,RS,-29.5448,-51.4821
4318622,São José dos Ausentes,SAO JOSE DOS AUSENTES,RS,-28.7476,-50.0677
4318705,São Leopoldo,SAO LEOPOLDO,RS,-29.7545,-51.1498
4318804,São Lourenço do Sul,SAO LOURENCO DO SUL,RS,-31.3564,-51.9715
4318903,São Luiz Gonzaga,SAO LUIZ GONZAGA,RS,-28.412,-54.9559
4319000,São Marcos,SAO MARCOS,RS,-28.9677,-51.0696
4319109,São Martinho,SAO MARTINHO,RS,-27.7112,-53.9699
4319125,São Martinho da Serra,SAO MARTINHO DA SERRA,RS,-29.5397,-53.859
4319158,São Miguel das Missões,SAO MIGUEL DAS MISSOES,RS,-28.556,-54.5559
4319208,São Nicolau,SAO NICOLAU,RS,-28.1834,-55.2654
4319307,São Paulo das Missões,SAO PAULO DAS MISSOES,RS,-28.0195,-54.9404
4319356,São Pedro da Serra,SAO PEDRO DA SERRA,RS,-29.4193,-51.5134
4319364,São Pedro das Missões,SAO PEDRO DAS MISSOES,RS,-27.7706,-53.2513
4319372,São Pedro do Butiá,SAO PEDRO DO BUTIA,RS,-28.1243,-54.8926
4319406,São Pedro do Sul,SAO PEDRO DO SUL,RS,-29.6202,-54.1855
4319505,São Sebastião do Caí,SAO SEBASTIAO DO CAI,RS,-29.5885,-51.3749
4319604,São Sepé,SAO SEPE,RS,-30.1643,-53.5603
4319703,São Valentim,SAO VALENTIM,RS,-27.5583,-52.5237
4319711,São Valentim do Sul,SAO VALENTIM DO SUL,RS,-29.0451,-51.7684
4319737,São Valério do Sul,SAO VALERIO DO SUL,RS,-27.7906,-53.9368
4319752,São Vendelino,SAO VENDELINO,RS,-29.3729,-51.3675
4319802,São Vicente do Sul,SAO VICENTE DO SUL,RS,-29.6882,-54.6826
4319901,Sapiranga,SAPIRANGA,RS,-29.6349,-51.0064
4320008,Sapucaia do Sul,SAPUCAIA DO SUL,RS,-29.8276,-51.145
4320107,Sarandi,SARANDI,RS,-27.942,-52.9231
4320206,Seberi,SEBERI,RS,-27.4829,-53.4026
4320230,Sede Nova,SEDE NOVA,RS,-27.6367,-53.9493
4320263,Segredo,SEGREDO,RS,-29.3523,-52.9767
4320305,Selbach,SELBACH,RS,-28.6294,-52.9498
4320321,Senador Salgado Filho,SENADOR SALGADO FILHO,RS,-28.025,-54.5507
4320354,Sentinela do Sul,SENTINELA DO SUL,RS,-30.6107,-51.5862
4320404,Serafina Corrêa,SERAFINA CORREA,RS,-28.7126,-51.9352
4320453,Sério,SERIO,RS,-29.3904,-52.2685
4320503,Sertão,SERTAO,RS,-27.9798,-52.2588
4320552,Sertão Santana,SERTAO SANTANA,RS,-30.4562,-51.6017
4320578,Sete de Setembro,SETE DE SETEMBRO,RS,-28.1362,-54.4637
4320602,Severiano de Almeida,SEVERIANO DE ALMEIDA,RS,-27.4362,-52.1217
4320651,Silveira Martins,SILVEIRA MARTINS,RS,-29.6467,-53.591
4320677,Sinimbu,SINIMBU,RS,-29.5357,-52.5304
4320701,Sobradinho,SOBRADINHO,RS,-29.4194,-53.0326
4320800,Soledade,SOLEDADE,RS,-28.8306,-52.5131
4320859,Tabaí,TABAI,RS,-29.643,-51.6823
4320909,Tapejara,TAPEJARA,RS,-28.0652,-52.0097
4321006,Tapera,TAPERA,RS,-28.6277,-52.8613
4321105,Tapes,TAPES,RS,-30.6683,-51.3991
4321204,Taquara,TAQUARA,RS,-29.6505,-50.7753
4321303,Taquari,TAQUARI,RS,-29.7943,-51.8653
4321329,Taquaruçu do Sul,TAQUARUCU DO SUL,RS,-27.4005,-53.4702
4321352,Tavares,TAVARES,RS,-31.2843,-51.088
4321402,Tenente Portela,TENENTE PORTELA,RS,-27.3711,-53.7585
4321436,Terra de Areia,TERRA DE AREIA,RS,-29.5782,-50.0644
4321451,Teutônia,TEUTONIA,RS,-29.4482,-51.8044
4321469,Tio Hugo,TIO HUGO,RS,-28.5712,-52.5955
4321477,Tiradentes do Sul,TIRADENTES DO SUL,RS,-27.4022,-54.0814
4321493,Toropi,TOROPI,RS,-29.4782,-54.2244
4321501,Torres,TORRES,RS,-29.3334,-49.7333
4321600,Tramandaí,TRAMANDAI,RS,-29.9841,-50.1322
4321626,Travesseiro,TRAVESSEIRO,RS,-29.2977,-52.0532
4321634,Três Arroios,TRES ARROIOS,RS,-27.5003,-52.1448
4321667,Três Cachoeiras,TRES CACHOEIRAS,RS,-29.4487,-49.9275
4321709,Três Coroas,TRES COROAS,RS,-29.5137,-50.7739
4321808,Três de Maio,TRES DE MAIO,RS,-27.78,-54.2357
4321832,Três Forquilhas,TRES FORQUILHAS,RS,-29.5384,-50.0708
4321857,Três Palmeiras,TRES PALMEIRAS,RS,-27.6139,-52.8437
4321907,Três Passos,TRES PASSOS,RS,-27.4555,-53.9296
4321956,Trindade do Sul,TRINDADE DO SUL,RS,-27.5239,-52.8956
4322004,Triunfo,TRIUNFO,RS,-29.9291,-51.7075
4322103,Tucunduva,TUCUNDUVA,RS,-27.6573,-54.4439
4322152,Tunas,TUNAS,RS,-29.1039,-52.9538
4322186,Tupanci do Sul,TUPANCI DO SUL,RS,-27.9241,-51.5383
4322202,Tupanciretã,TUPANCIRETA,RS,-29.0858,-53.8445
4322251,Tupandi,TUPANDI,RS,-29.4772,-51.4174
4322301,Tuparendi,TUPARENDI,RS,-27.7598,-54.4814
4322327,Turuçu,TURUCU,RS,-31.4173,-52.1706
4322343,Ubiretama,UBIRETAMA,RS,-28.0404,-54.686
4322350,União da Serra,UNIAO DA SERRA,RS,-28.7833,-52.0238
4322376,Unistalda,UNISTALDA,RS,-29.04,-55.1517
4322400,Uruguaiana,URUGUAIANA,RS,-29.7614,-57.0853
4322509,Vacaria,VACARIA,RS,-28.5079,-50.9418
4322525,Vale Verde,VALE VERDE,RS,-29.7864,-52.1857
4322533,Vale do Sol,VALE DO SOL,RS,-29.5967,-52.6839
4322541,Vale Real,VALE REAL,RS,-29.3919,-51.2559
4322558,Vanini,VANINI,RS,-28.4758,-51.8447
4322608,Venâncio Aires,VENANCIO AIRES,RS,-29.6143,-52.1932
4322707,Vera Cruz,VERA CRUZ,RS,-29.7184,-52.5152
4322806,Veranópolis,VERANOPOLIS,RS,-28.9312,-51.5516
4322855,Vespasiano Corrêa,VESPASIANO CORREA,RS,-29.0655,-51.8625
4322905,Viadutos,VIADUTOS,RS,-27.5716,-52.0211
4323002,Viamão,VIAMAO,RS,-30.0819,-51.0194
4323101,Vicente Dutra,VICENTE DUTRA,RS,-27.1607,-53.4022
4323200,Victor Graeff,VICTOR GRAEFF,RS,-28.5632,-52.7495
4323309,Vila Flores,VILA FLORES,RS,-28.8598,-51.5504
4323358,Vila Lângaro,VILA LANGARO,RS,-28.1062,-52.1438
4323408,Vila Maria,VILA MARIA,RS,-28.5359,-52.1486
4323457,Vila Nova do Sul,VILA NOVA DO SUL,RS,-30.3461,-53.876
4323507,Vista Alegre,VISTA ALEGRE,RS,-27.3686,-53.4919
4323606,Vista Alegre do Prata,VISTA ALEGRE DO PRATA,RS,-28.8052,-51.7947
4323705,Vista Gaúcha,VISTA GAUCHA,RS,-27.2902,-53.6974
4323754,Vitória das Missões,VITORIA DAS MISSOES,RS,-28.3516,-54.504
4323770,Westfália,WESTFALIA,RS,-29.4263,-51.7645
4323804,Xangri-lá,XANGRI LA,RS,-29.8065,-50.0519
5000203,Água Clara,AGUA CLARA,MS,-20.4452,-52.879
5000252,Alcinópolis,ALCINOPOLIS,MS,-18.3255,-53.7042
5000609,Amambai,AMAMBAI,MS,-23.1058,-55.2253
5000708,Anastácio,ANASTACIO,MS,-20.4823,-55.8104
5000807,Anaurilândia,ANAURILANDIA,MS,-22.1852,-52.7191
5000856,Angélica,ANGELICA,MS,-22.1527,-53.7708
5000906,Antônio João,ANTONIO JOAO,MS,-22.1927,-55.9517
5001003,Aparecida do Taboado,APARECIDA DO TABOADO,MS,-20.0873,-51.0961
5001102,Aquidauana,AQUIDAUANA,MS,-20.4666,-55.7868
5001243,Aral Moreira,ARAL MOREIRA,MS,-22.9385,-55.6334
5001508,Bandeirantes,BANDEIRANTES,MS,-19.9275,-54.3585
5001904,Bataguassu,BATAGUASSU,MS,-21.7159,-52.4221
5002001,Batayporã,BATAYPORA,MS,-22.2944,-53.2705
5002100,Bela Vista,BELA VISTA,MS,-22.1073,-56.5263
5002159,Bodoquena,BODOQUENA,MS,-20.537,-56.7127
5002209,Bonito,BONITO,MS,-21.1261,-56.4836
5002308,Brasilândia,BRASILANDIA,MS,-21.2544,-52.0365
5002407,Caarapó,CAARAPO,MS,-22.6368,-54.8209
5002605,Camapuã,CAMAPUA,MS,-19.5347,-54.0431
5002704,Campo Grande,CAMPO GRANDE,MS,-20.4486,-54.6295
5002803,Caracol,CARACOL,MS,-22.011,-57.0277
5002902,Cassilândia,CASSILANDIA,MS,-19.1179,-51.7313
5002951,Chapadão do Sul,CHAPADAO DO SUL,MS,-18.788,-52.6263
5003108,Corguinho,CORGUINHO,MS,-19.8243,-54.8281
5003157,Coronel Sapucaia,CORONEL SAPUCAIA,MS,-23.2724,-55.5278
5003207,Corumbá,CORUMBA,MS,-19.0077,-57.651
5003256,Costa Rica,COSTA RICA,MS,-18.5432,-53.1287
5003306,Coxim,COXIM,MS,-18.5013,-54.751
5003454,Deodápolis,DEODAPOLIS,MS,-22.2763,-54.1682
5003488,Dois Irmãos do Buriti,DOIS IRMAOS DO BURITI,MS,-20.6848,-55.2915
5003504,Douradina,DOURADINA,MS,-22.0405,-54.6158
5003702,Dourados,DOURADOS,MS,-22.2231,-54.812
5003751,Eldorado,ELDORADO,MS,-23.7868,-54.2838
5003801,Fátima do Sul,FATIMA DO SUL,MS,-22.3789,-54.5131
5003900,Figueirão,FIGUEIRAO,MS,-18.6782,-53.638
5004007,Glória de Dourados,GLORIA DE DOURADOS,MS,-22.4136,-54.2335
5004106,Guia Lopes da Laguna,GUIA LOPES DA LAGUNA,MS,-21.4583,-56.1117
5004304,Iguatemi,IGUATEMI,MS,-23.6736,-54.5637
5004403,Inocência,INOCENCIA,MS,-19.7277,-51.9281
5004502,Itaporã,ITAPORA,MS,-22.08,-54.7934
5004601,Itaquiraí,ITAQUIRAI,MS,-23.4779,-54.187
5004700,Ivinhema,IVINHEMA,MS,-22.3046,-53.8184
5004809,Japorã,JAPORA,MS,-23.8903,-54.4059
5004908,Jaraguari,JARAGUARI,MS,-20.1386,-54.3996
5005004,Jardim,JARDIM,MS,-21.4799,-56.1489
5005103,Jateí,JATEI,MS,-22.4806,-54.3079
5005152,Juti,JUTI,MS,-22.8596,-54.6061
5005202,Ladário,LADARIO,MS,-19.0089,-57.5973
5005251,Laguna Carapã,LAGUNA CARAPA,MS,-22.5448,-55.1502
5005400,Maracaju,MARACAJU,MS,-21.6105,-55.1678
5005608,Miranda,MIRANDA,MS,-20.2355,-56.3746
5005681,Mundo Novo,MUNDO NOVO,MS,-23.9355,-54.281
5005707,Naviraí,NAVIRAI,MS,-23.0618,-54.1995
5005806,Nioaque,NIOAQUE,MS,-21.1419,-55.8296
5006002,Nova Alvorada do Sul,NOVA ALVORADA DO SUL,MS,-21.4657,-54.3825
5006200,Nova Andradina,NOVA ANDRADINA,MS,-22.238,-53.3437
5006259,Novo Horizonte do Sul,NOVO HORIZONTE DO SUL,MS,-22.6693,-53.8601
5006275,Paraíso das Águas,PARAISO DAS AGUAS,MS,-19.0216,-53.0116
5006309,Paranaíba,PARANAIBA,MS,-19.6746,-51.1909
5006358,Paranhos,PARANHOS,MS,-23.8911,-55.429
5006408,Pedro Gomes,PEDRO GOMES,MS,-18.0996,-54.5507
5006606,Ponta Porã,PONTA PORA,MS,-22.5296,-55.7203
5006903,Porto Murtinho,PORTO MURTINHO,MS,-21.6981,-57.8836
5007109,Ribas do Rio Pardo,RIBAS DO RIO PARDO,MS,-20.4445,-53.7588
5007208,Rio Brilhante,RIO BRILHANTE,MS,-21.8033,-54.5427
5007307,Rio Negro,RIO NEGRO,MS,-19.447,-54.9859
5007406,Rio Verde de Mato Grosso,RIO VERDE DE MATO GROSSO,MS,-18.9249,-54.8434
5007505,Rochedo,ROCHEDO,MS,-19.9565,-54.8848
5007554,Santa Rita do Pardo,SANTA RITA DO PARDO,MS,-21.3016,-52.8333
5007695,São Gabriel do Oeste,SAO GABRIEL DO OESTE,MS,-19.3889,-54.5507
5007703,Sete Quedas,SETE QUEDAS,MS,-23.9705,-55.0398
5007802,Selvíria,SELVIRIA,MS,-20.3637,-51.4192
5007901,Sidrolândia,SIDROLANDIA,MS,-20.9302,-54.9692
5007935,Sonora,SONORA,MS,-17.5698,-54.7551
5007950,Tacuru,TACURU,MS,-23.636,-55.0141
5007976,Taquarussu,TAQUARUSSU,MS,-22.4898,-53.3519
5008008,Terenos,TERENOS,MS,-20.4378,-54.8647
5008305,Três Lagoas,TRES LAGOAS,MS,-20.7849,-51.7007
5008404,Vicentina,VICENTINA,MS,-22.4098,-54.4415
5100102,Acorizal,ACORIZAL,MT,-15.194,-56.3632
5100201,Água Boa,AGUA BOA,MT,-14.051,-52.1601
5100250,Alta Floresta,ALTA FLORESTA,MT,-9.86674,-56.0867
5100300,Alto Araguaia,ALTO ARAGUAIA,MT,-17.3153,-53.2181
5100359,Alto Boa Vista,ALTO BOA VISTA,MT,-11.6732,-51.3883
5100409,Alto Garças,ALTO GARCAS,MT,-16.9462,-53.5272
5100508,Alto Paraguai,ALTO PARAGUAI,MT,-14.5137,-56.4776
5100607,Alto Taquari,ALTO TAQUARI,MT,-17.8241,-53.2792
5100805,Apiacás,APIACAS,MT,-9.53981,-57.4587
5101001,Araguaiana,ARAGUAIANA,MT,-15.7291,-51.8341
5101209,Araguainha,ARAGUAINHA,MT,-16.857,-53.0318
5101258,Araputanga,ARAPUTANGA,MT,-15.4641,-58.3425
5101308,Arenápolis,ARENAPOLIS,MT,-14.4472,-56.8437
5101407,Aripuanã,ARIPUANA,MT,-10.1723,-59.4568
5101605,Barão de Melgaço,BARAO DE MELGACO,MT,-16.2067,-55.9623
5101704,Barra do Bugres,BARRA DO BUGRES,MT,-15.0702,-57.1878
5101803,Barra do Garças,BARRA DO GARCAS,MT,-15.8804,-52.264
5101837,Boa Esperança do Norte,BOA ESPERANCA DO NORTE,MT,-13.5067,-55.1486
5101852,Bom Jesus do Araguaia,BOM JESUS DO ARAGUAIA,MT,-12.1706,-51.5032
5101902,Brasnorte,BRASNORTE,MT,-12.1474,-57.9833
5102504,Cáceres,CACERES,MT,-16.0764,-57.6818
5102603,Campinápolis,CAMPINAPOLIS,MT,-14.5162,-52.893
5102637,Campo Novo do Parecis,CAMPO NOVO DO PARECIS,MT,-13.6587,-57.8907
5102678,Campo Verde,CAMPO VERDE,MT,-15.545,-55.1626
5102686,Campos de Júlio,CAMPOS DE JULIO,MT,-13.7242,-59.2858
5102694,Canabrava do Norte,CANABRAVA DO NORTE,MT,-11.0556,-51.8209
5102702,Canarana,CANARANA,MT,-13.5515,-52.2705
5102793,Carlinda,CARLINDA,MT,-9.94912,-55.8417
5102850,Castanheira,CASTANHEIRA,MT,-11.1251,-58.6081
5103007,Chapada dos Guimarães,CHAPADA DOS GUIMARAES,MT,-15.4643,-55.7499
5103056,Cláudia,CLAUDIA,MT,-11.5075,-54.8835
5103106,Cocalinho,COCALINHO,MT,-14.3903,-51.0001
5103205,Colíder,COLIDER,MT,-10.8135,-55.461
5103254,Colniza,COLNIZA,MT,-9.46121,-59.2252
5103304,Comodoro,COMODORO,MT,-13.6614,-59.7848
5103353,Confresa,CONFRESA,MT,-10.6437,-51.5699
5103361,Conquista D'Oeste,CONQUISTA D OESTE,MT,-14.5381,-59.5444
5103379,Cotriguaçu,COTRIGUACU,MT,-9.85656,-58.4192
5103403,Cuiabá,CUIABA,MT,-15.601,-56.0974
5103437,Curvelândia,CURVELANDIA,MT,-15.6084,-57.9133
5103452,Denise,DENISE,MT,-14.7324,-57.0583
5103502,Diamantino,DIAMANTINO,MT,-14.4037,-56.4366
5103601,Dom Aquino,DOM AQUINO,MT,-15.8099,-54.9223
5103700,Feliz Natal,FELIZ NATAL,MT,-12.385,-54.9227
5103809,Figueirópolis D'Oeste,FIGUEIROPOLIS D OESTE,MT,-15.4439,-58.7391
5103858,Gaúcha do Norte,GAUCHA DO NORTE,MT,-13.2443,-53.0809
5103908,General Carneiro,GENERAL CARNEIRO,MT,-15.7094,-52.7574
5103957,Glória D'Oeste,GLORIA D OESTE,MT,-15.768,-58.3108
5104104,Guarantã do Norte,GUARANTA DO NORTE,MT,-9.96218,-54.9121
5104203,Guiratinga,GUIRATINGA,MT,-16.346,-53.7575
5104500,Indiavaí,INDIAVAI,MT,-15.4921,-58.5802
5104526,Ipiranga do Norte,IPIRANGA DO NORTE,MT,-12.2408,-56.1531
5104542,Itanhangá,ITANHANGA,MT,-12.2259,-56.6463
5104559,Itaúba,ITAUBA,MT,-11.0614,-55.2766
5104609,Itiquira,ITIQUIRA,MT,-17.2147,-54.1422
5104807,Jaciara,JACIARA,MT,-15.9548,-54.9733
5104906,Jangada,JANGADA,MT,-15.235,-56.4917
5105002,Jauru,JAURU,MT,-15.3342,-58.8723
5105101,Juara,JUARA,MT,-11.2639,-57.5244
5105150,Juína,JUINA,MT,-11.3728,-58.7483
5105176,Juruena,JURUENA,MT,-10.3178,-58.3592
5105200,Juscimeira,JUSCIMEIRA,MT,-16.0633,-54.8859
5105234,Lambari D'Oeste,LAMBARI D OESTE,MT,-15.3188,-58.0046
5105259,Lucas do Rio Verde,LUCAS DO RIO VERDE,MT,-13.0588,-55.9042
5105309,Luciara,LUCIARA,MT,-11.2219,-50.6676
5105507,Vila Bela da Santíssima Trindade,VILA BELA DA SANTISSIMA TRINDADE,MT,-15.0068,-59.9504
5105580,Marcelândia,MARCELANDIA,MT,-11.0463,-54.4377
5105606,Matupá,MATUPA,MT,-10.1821,-54.9467
5105622,Mirassol d'Oeste,MIRASSOL D OESTE,MT,-15.6759,-58.0951
5105903,Nobres,NOBRES,MT,-14.7192,-56.3284
5106000,Nortelândia,NORTELANDIA,MT,-14.454,-56.7945
5106109,Nossa Senhora do Livramento,NOSSA SENHORA DO LIVRAMENTO,MT,-15.772,-56.3432
5106158,Nova Bandeirantes,NOVA BANDEIRANTES,MT,-9.84977,-57.8139
5106174,Nova Nazaré,NOVA NAZARE,MT,-13.9486,-51.8002
5106182,Nova Lacerda,NOVA LACERDA,MT,-14.4727,-59.6001
5106190,Nova Santa Helena,NOVA SANTA HELENA,MT,-10.8651,-55.1872
5106208,Nova Brasilândia,NOVA BRASILANDIA,MT,-14.9612,-54.9685
5106216,Nova Canaã do Norte,NOVA CANAA DO NORTE,MT,-10.558,-55.953
5106224,Nova Mutum,NOVA MUTUM,MT,-13.8374,-56.0743
5106232,Nova Olímpia,NOVA OLIMPIA,MT,-14.7889,-57.2886
5106240,Nova Ubiratã,NOVA UBIRATA,MT,-12.9834,-55.2556
5106257,Nova Xavantina,NOVA XAVANTINA,MT,-14.6771,-52.3502
5106265,Novo Mundo,NOVO MUNDO,MT,-9.95616,-55.2029
5106273,Novo Horizonte do Norte,NOVO HORIZONTE DO NORTE,MT,-11.4089,-57.3488
5106281,Novo São Joaquim,NOVO SAO JOAQUIM,MT,-14.9054,-53.0194
5106299,Paranaíta,PARANAITA,MT,-9.65835,-56.4786
5106307,Paranatinga,PARANATINGA,MT,-14.4265,-54.0524
5106315,Novo Santo Antônio,NOVO SANTO ANTONIO,MT,-12.2875,-50.9686
5106372,Pedra Preta,PEDRA PRETA,MT,-16.6245,-54.4722
5106422,Peixoto de Azevedo,PEIXOTO DE AZEVEDO,MT,-10.2262,-54.9794
5106455,Planalto da Serra,PLANALTO DA SERRA,MT,-14.6518,-54.7819
5106505,Poconé,POCONE,MT,-16.266,-56.6261
5106653,Pontal do Araguaia,PONTAL DO ARAGUAIA,MT,-15.9274,-52.3273
5106703,Ponte Branca,PONTE BRANCA,MT,-16.7584,-52.8369
5106752,Pontes e Lacerda,PONTES E LACERDA,MT,-15.2219,-59.3435
5106778,Porto Alegre do Norte,PORTO ALEGRE DO NORTE,MT,-10.8761,-51.6357
5106802,Porto dos Gaúchos,PORTO DOS GAUCHOS,MT,-11.533,-57.4132
5106828,Porto Esperidião,PORTO ESPERIDIAO,MT,-15.857,-58.4619
5106851,Porto Estrela,PORTO ESTRELA,MT,-15.3235,-57.2204
5107008,Poxoréu,POXOREU,MT,-15.8299,-54.4208
5107040,Primavera do Leste,PRIMAVERA DO LESTE,MT,-15.544,-54.2811
5107065,Querência,QUERENCIA,MT,-12.6093,-52.1821
5107107,São José dos Quatro Marcos,SAO JOSE DOS QUATRO MARCOS,MT,-15.6276,-58.1772
5107156,Reserva do Cabaçal,RESERVA DO CABACAL,MT,-15.0743,-58.4585
5107180,Ribeirão Cascalheira,RIBEIRAO CASCALHEIRA,MT,-12.9367,-51.8244
5107198,Ribeirãozinho,RIBEIRAOZINHO,MT,-16.4856,-52.6924
5107206,Rio Branco,RIO BRANCO,MT,-15.2483,-58.1259
5107248,Santa Carmem,SANTA CARMEM,MT,-11.9125,-55.2263
5107263,Santo Afonso,SANTO AFONSO,MT,-14.4945,-57.0091
5107297,São José do Povo,SAO JOSE DO POVO,MT,-16.4549,-54.2487
5107305,São José do Rio Claro,SAO JOSE DO RIO CLARO,MT,-13.4398,-56.7218
5107354,São José do Xingu,SAO JOSE DO XINGU,MT,-10.7982,-52.7486
5107404,São Pedro da Cipa,SAO PEDRO DA CIPA,MT,-16.0109,-54.9176
5107578,Rondolândia,RONDOLANDIA,MT,-10.8376,-61.4697
5107602,Rondonópolis,RONDONOPOLIS,MT,-16.4673,-54.6372
5107701,Rosário Oeste,ROSARIO OESTE,MT,-14.8259,-56.4236
5107743,Santa Cruz do Xingu,SANTA CRUZ DO XINGU,MT,-10.1532,-52.3953
5107750,Salto do Céu,SALTO DO CEU,MT,-15.1303,-58.1317
5107768,Santa Rita do Trivelato,SANTA RITA DO TRIVELATO,MT,-13.8146,-55.2706
5107776,Santa Terezinha,SANTA TEREZINHA,MT,-10.4704,-50.514
5107792,Santo Antônio do Leste,SANTO ANTONIO DO LESTE,MT,-14.805,-53.6075
5107800,Santo Antônio do Leverger,SANTO ANTONIO DO LEVERGER,MT,-15.8632,-56.0788
5107859,São Félix do Araguaia,SAO FELIX DO ARAGUAIA,MT,-11.615,-50.6706
5107875,Sapezal,SAPEZAL,MT,-12.9892,-58.7645
5107883,Serra Nova Dourada,SERRA NOVA DOURADA,MT,-12.0896,-51.4025
5107909,Sinop,SINOP,MT,-11.8604,-55.5091
5107925,Sorriso,SORRISO,MT,-12.5425,-55.7211
5107941,Tabaporã,TABAPORA,MT,-11.3007,-56.8312
5107958,Tangará da Serra,TANGARA DA SERRA,MT,-14.6229,-57.4933
5108006,Tapurah,TAPURAH,MT,-12.695,-56.5178
5108055,Terra Nova do Norte,TERRA NOVA DO NORTE,MT,-10.517,-55.231
5108105,Tesouro,TESOURO,MT,-16.0809,-53.559
5108204,Torixoréu,TORIXOREU,MT,-16.2006,-52.5571
5108303,União do Sul,UNIAO DO SUL,MT,-11.5308,-54.3616
5108352,Vale de São Domingos,VALE DE SAO DOMINGOS,MT,-15.286,-59.0683
5108402,Várzea Grande,VARZEA GRANDE,MT,-15.6458,-56.1322
5108501,Vera,VERA,MT,-12.3017,-55.3045
5108600,Vila Rica,VILA RICA,MT,-10.0137,-51.1186
5108808,Nova Guarita,NOVA GUARITA,MT,-10.312,-55.4061
5108857,Nova Marilândia,NOVA MARILANDIA,MT,-14.3568,-56.9696
5108907,Nova Maringá,NOVA MARINGA,MT,-13.0136,-57.0908
5108956,Nova Monte Verde,NOVA MONTE VERDE,MT,-9.99998,-57.5261
5200050,Abadia de Goiás,ABADIA DE GOIAS,GO,-16.7573,-49.4412
5200100,Abadiânia,ABADIANIA,GO,-16.197,-48.7057
5200134,Acreúna,ACREUNA,GO,-17.396,-50.3749
5200159,Adelândia,ADELANDIA,GO,-16.4127,-50.1657
5200175,Água Fria de Goiás,AGUA FRIA DE GOIAS,GO,-14.9778,-47.7823
5200209,Água Limpa,AGUA LIMPA,GO,-18.0771,-48.7603
5200258,Águas Lindas de Goiás,AGUAS LINDAS DE GOIAS,GO,-15.7617,-48.2816
5200308,Alexânia,ALEXANIA,GO,-16.0834,-48.5076
5200506,Aloândia,ALOANDIA,GO,-17.7292,-49.4769
5200555,Alto Horizonte,ALTO HORIZONTE,GO,-14.1978,-49.3378
5200605,Alto Paraíso de Goiás,ALTO PARAISO DE GOIAS,GO,-14.1305,-47.51
5200803,Alvorada do Norte,ALVORADA DO NORTE,GO,-14.4797,-46.491
5200829,Amaralina,AMARALINA,GO,-13.9236,-49.2962
5200852,Americano do Brasil,AMERICANO DO BRASIL,GO,-16.2514,-49.9831
5200902,Amorinópolis,AMORINOPOLIS,GO,-16.6151,-51.0919
5201108,Anápolis,ANAPOLIS,GO,-16.3281,-48.953
5201207,Anhanguera,ANHANGUERA,GO,-18.3339,-48.2204
5201306,Anicuns,ANICUNS,GO,-16.4642,-49.9617
5201405,Aparecida de Goiânia,APARECIDA DE GOIANIA,GO,-16.8198,-49.2469
5201454,Aparecida do Rio Doce,APARECIDA DO RIO DOCE,GO,-18.2941,-51.1516
5201504,Aporé,APORE,GO,-18.9607,-51.9232
5201603,Araçu,ARACU,GO,-16.3563,-49.6804
5201702,Aragarças,ARAGARCAS,GO,-15.8955,-52.2372
5201801,Aragoiânia,ARAGOIANIA,GO,-16.9087,-49.4476
5202155,Araguapaz,ARAGUAPAZ,GO,-15.0909,-50.6315
5202353,Arenópolis,ARENOPOLIS,GO,-16.3837,-51.5563
5202502,Aruanã,ARUANA,GO,-14.9166,-51.075
5202601,Aurilândia,AURILANDIA,GO,-16.6773,-50.4641
5202809,Avelinópolis,AVELINOPOLIS,GO,-16.4672,-49.7579
5203104,Baliza,BALIZA,GO,-16.1966,-52.5393
5203203,Barro Alto,BARRO ALTO,GO,-14.9658,-48.9086
5203302,Bela Vista de Goiás,BELA VISTA DE GOIAS,GO,-16.9693,-48.9513
5203401,Bom Jardim de Goiás,BOM JARDIM DE GOIAS,GO,-16.2063,-52.1728
5203500,Bom Jesus de Goiás,BOM JESUS DE GOIAS,GO,-18.2173,-49.74
5203559,Bonfinópolis,BONFINOPOLIS,GO,-16.6173,-48.9616
5203575,Bonópolis,BONOPOLIS,GO,-13.6329,-49.8106
5203609,Brazabrantes,BRAZABRANTES,GO,-16.4281,-49.3863
5203807,Britânia,BRITANIA,GO,-15.2428,-51.1602
5203906,Buriti Alegre,BURITI ALEGRE,GO,-18.1378,-49.0404
5203939,Buriti de Goiás,BURITI DE GOIAS,GO,-16.1792,-50.4302
5203962,Buritinópolis,BURITINOPOLIS,GO,-14.4772,-46.4076
5204003,Cabeceiras,CABECEIRAS,GO,-15.7995,-46.9265
5204102,Cachoeira Alta,CACHOEIRA ALTA,GO,-18.7618,-50.9432
5204201,Cachoeira de Goiás,CACHOEIRA DE GOIAS,GO,-16.6635,-50.646
5204250,Cachoeira Dourada,CACHOEIRA DOURADA,GO,-18.4859,-49.4766
5204300,Caçu,CACU,GO,-18.5594,-51.1328
5204409,Caiapônia,CAIAPONIA,GO,-16.9539,-51.8091
5204508,Caldas Novas,CALDAS NOVAS,GO,-17.7441,-48.6246
5204557,Caldazinha,CALDAZINHA,GO,-16.7117,-49.0013
5204607,Campestre de Goiás,CAMPESTRE DE GOIAS,GO,-16.7624,-49.695
5204656,Campinaçu,CAMPINACU,GO,-13.787,-48.5704
5204706,Campinorte,CAMPINORTE,GO,-14.3137,-49.1511
5204805,Campo Alegre de Goiás,CAMPO ALEGRE DE GOIAS,GO,-17.6363,-47.7768
5204854,Campo Limpo de Goiás,CAMPO LIMPO DE GOIAS,GO,-16.2971,-49.0895
5204904,Campos Belos,CAMPOS BELOS,GO,-13.035,-46.7681
5204953,Campos Verdes,CAMPOS VERDES,GO,-14.2442,-49.6528
5205000,Carmo do Rio Verde,CARMO DO RIO VERDE,GO,-15.3549,-49.708
5205059,Castelândia,CASTELANDIA,GO,-18.0921,-50.203
5205109,Catalão,CATALAO,GO,-18.1656,-47.944
5205208,Caturaí,CATURAI,GO,-16.4447,-49.4936
5205307,Cavalcante,CAVALCANTE,GO,-13.7976,-47.4566
5205406,Ceres,CERES,GO,-15.3061,-49.6
5205455,Cezarina,CEZARINA,GO,-16.9718,-49.7758
5205471,Chapadão do Céu,CHAPADAO DO CEU,GO,-18.4073,-52.549
5205497,Cidade Ocidental,CIDADE OCIDENTAL,GO,-16.0765,-47.9252
5205513,Cocalzinho de Goiás,COCALZINHO DE GOIAS,GO,-15.7914,-48.7747
5205521,Colinas do Sul,COLINAS DO SUL,GO,-14.1528,-48.076
5205703,Córrego do Ouro,CORREGO DO OURO,GO,-16.2918,-50.5503
5205802,Corumbá de Goiás,CORUMBA DE GOIAS,GO,-15.9245,-48.8117
5205901,Corumbaíba,CORUMBAIBA,GO,-18.1415,-48.5626
5206206,Cristalina,CRISTALINA,GO,-16.7676,-47.6131
5206305,Cristianópolis,CRISTIANOPOLIS,GO,-17.1987,-48.7034
5206404,Crixás,CRIXAS,GO,-14.5412,-49.974
5206503,Cromínia,CROMINIA,GO,-17.2883,-49.3798
5206602,Cumari,CUMARI,GO,-18.2644,-48.1511
5206701,Damianópolis,DAMIANOPOLIS,GO,-14.5604,-46.178
5206800,Damolândia,DAMOLANDIA,GO,-16.2544,-49.3631
5206909,Davinópolis,DAVINOPOLIS,GO,-18.1501,-47.5568
5207105,Diorama,DIORAMA,GO,-16.2329,-51.2543
5207253,Doverlândia,DOVERLANDIA,GO,-16.7188,-52.3189
5207352,Edealina,EDEALINA,GO,-17.4239,-49.6644
5207402,Edéia,EDEIA,GO,-17.3406,-49.9295
5207501,Estrela do Norte,ESTRELA DO NORTE,GO,-13.8665,-49.0716
5207535,Faina,FAINA,GO,-15.4473,-50.3622
5207600,Fazenda Nova,FAZENDA NOVA,GO,-16.1834,-50.7781
5207808,Firminópolis,FIRMINOPOLIS,GO,-16.5778,-50.304
5207907,Flores de Goiás,FLORES DE GOIAS,GO,-14.4451,-47.0417
5208004,Formosa,FORMOSA,GO,-15.54,-47.337
5208103,Formoso,FORMOSO,GO,-13.6499,-48.8775
5208152,Gameleira de Goiás,GAMELEIRA DE GOIAS,GO,-16.4854,-48.6454
5208301,Divinópolis de Goiás,DIVINOPOLIS DE GOIAS,GO,-13.2853,-46.3999
5208400,Goianápolis,GOIANAPOLIS,GO,-16.5098,-49.0234
5208509,Goiandira,GOIANDIRA,GO,-18.1352,-48.0875
5208608,Goianésia,GOIANESIA,GO,-15.3118,-49.1162
5208707,Goiânia,GOIANIA,GO,-16.6864,-49.2643
5208806,Goianira,GOIANIRA,GO,-16.4947,-49.427
5208905,Goiás,GOIAS,GO,-15.9333,-50.14
5209101,Goiatuba,GOIATUBA,GO,-18.0105,-49.3658
5209150,Gouvelândia,GOUVELANDIA,GO,-18.6238,-50.0805
5209200,Guapó,GUAPO,GO,-16.8297,-49.5345
5209291,Guaraíta,GUARAITA,GO,-15.6121,-50.0265
5209408,Guarani de Goiás,GUARANI DE GOIAS,GO,-13.9421,-46.4868
5209457,Guarinos,GUARINOS,GO,-14.7292,-49.7006
5209606,Heitoraí,HEITORAI,GO,-15.719,-49.8268
5209705,Hidrolândia,HIDROLANDIA,GO,-16.9626,-49.2265
5209804,Hidrolina,HIDROLINA,GO,-14.7261,-49.4634
5209903,Iaciara,IACIARA,GO,-14.1011,-46.6335
5209937,Inaciolândia,INACIOLANDIA,GO,-18.4869,-49.9888
5209952,Indiara,INDIARA,GO,-17.1387,-49.9862
5210000,Inhumas,INHUMAS,GO,-16.3611,-49.5001
5210109,Ipameri,IPAMERI,GO,-17.7215,-48.1581
5210158,Ipiranga de Goiás,IPIRANGA DE GOIAS,GO,-15.1689,-49.6695
5210208,Iporá,IPORA,GO,-16.4398,-51.118
5210307,Israelândia,ISRAELANDIA,GO,-16.3144,-50.9087
5210406,Itaberaí,ITABERAI,GO,-16.0206,-49.806
5210562,Itaguari,ITAGUARI,GO,-15.918,-49.6071
5210604,Itaguaru,ITAGUARU,GO,-15.7565,-49.6354
5210802,Itajá,ITAJA,GO,-19.0673,-51.5495
5210901,Itapaci,ITAPACI,GO,-14.9522,-49.5511
5211008,Itapirapuã,ITAPIRAPUA,GO,-15.8205,-50.6094
5211206,Itapuranga,ITAPURANGA,GO,-15.5606,-49.949
5211305,Itarumã,ITARUMA,GO,-18.7646,-51.3485
5211404,Itauçu,ITAUCU,GO,-16.2029,-49.6109
5211503,Itumbiara,ITUMBIARA,GO,-18.4093,-49.2158
5211602,Ivolândia,IVOLANDIA,GO,-16.5995,-50.7921
5211701,Jandaia,JANDAIA,GO,-17.0481,-50.1453
5211800,Jaraguá,JARAGUA,GO,-15.7529,-49.3344
5211909,Jataí,JATAI,GO,-17.8784,-51.7204
5212006,Jaupaci,JAUPACI,GO,-16.1773,-50.9508
5212055,Jesúpolis,JESUPOLIS,GO,-15.9484,-49.3739
5212105,Joviânia,JOVIANIA,GO,-17.802,-49.6197
5212204,Jussara,JUSSARA,GO,-15.8659,-50.8668
5212253,Lagoa Santa,LAGOA SANTA,GO,-19.1832,-51.3998
5212303,Leopoldo de Bulhões,LEOPOLDO DE BULHOES,GO,-16.619,-48.7428
5212501,Luziânia,LUZIANIA,GO,-16.253,-47.95
5212600,Mairipotaba,MAIRIPOTABA,GO,-17.2975,-49.4898
5212709,Mambaí,MAMBAI,GO,-14.4823,-46.1165
5212808,Mara Rosa,MARA ROSA,GO,-14.0148,-49.1777
5212907,Marzagão,MARZAGAO,GO,-17.983,-48.6415
5212956,Matrinchã,MATRINCHA,GO,-15.4342,-50.7456
5213004,Maurilândia,MAURILANDIA,GO,-17.9719,-50.3388
5213053,Mimoso de Goiás,MIMOSO DE GOIAS,GO,-15.0515,-48.1611
5213087,Minaçu,MINACU,GO,-13.5304,-48.2206
5213103,Mineiros,MINEIROS,GO,-17.5654,-52.5537
5213400,Moiporá,MOIPORA,GO,-16.5434,-50.739
5213509,Monte Alegre de Goiás,MONTE ALEGRE DE GOIAS,GO,-13.2552,-46.8928
5213707,Montes Claros de Goiás,MONTES CLAROS DE GOIAS,GO,-16.0059,-51.3979
5213756,Montividiu,MONTIVIDIU,GO,-17.4439,-51.1728
5213772,Montividiu do Norte,MONTIVIDIU DO NORTE,GO,-13.3485,-48.6853
5213806,Morrinhos,MORRINHOS,GO,-17.7334,-49.1059
5213855,Morro Agudo de Goiás,MORRO AGUDO DE GOIAS,GO,-15.3184,-50.0553
5213905,Mossâmedes,MOSSAMEDES,GO,-16.124,-50.2136
5214002,Mozarlândia,MOZARLANDIA,GO,-14.7457,-50.5713
5214051,Mundo Novo,MUNDO NOVO,GO,-13.7729,-50.2814
5214101,Mutunópolis,MUTUNOPOLIS,GO,-13.7303,-49.2745
5214408,Nazário,NAZARIO,GO,-16.5808,-49.8817
5214507,Nerópolis,NEROPOLIS,GO,-16.4047,-49.2227
5214606,Niquelândia,NIQUELANDIA,GO,-14.4662,-48.4599
5214705,Nova América,NOVA AMERICA,GO,-15.0206,-49.8953
5214804,Nova Aurora,NOVA AURORA,GO,-18.0597,-48.2552
5214838,Nova Crixás,NOVA CRIXAS,GO,-14.0957,-50.33
5214861,Nova Glória,NOVA GLORIA,GO,-15.145,-49.5737
5214879,Nova Iguaçu de Goiás,NOVA IGUACU DE GOIAS,GO,-14.2868,-49.3872
5214903,Nova Roma,NOVA ROMA,GO,-13.7388,-46.8734
5215009,Nova Veneza,NOVA VENEZA,GO,-16.3695,-49.3168
5215207,Novo Brasil,NOVO BRASIL,GO,-16.0313,-50.7113
5215231,Novo Gama,NOVO GAMA,GO,-16.0592,-48.0417
5215256,Novo Planalto,NOVO PLANALTO,GO,-13.2424,-49.506
5215306,Orizona,ORIZONA,GO,-17.0334,-48.2964
5215405,Ouro Verde de Goiás,OURO VERDE DE GOIAS,GO,-16.2181,-49.1942
5215504,Ouvidor,OUVIDOR,GO,-18.2277,-47.8355
5215603,Padre Bernardo,PADRE BERNARDO,GO,-15.1605,-48.2833
5215652,Palestina de Goiás,PALESTINA DE GOIAS,GO,-16.7392,-51.5309
5215702,Palmeiras de Goiás,PALMEIRAS DE GOIAS,GO,-16.8044,-49.924
5215801,Palmelo,PALMELO,GO,-17.3258,-48.426
5215900,Palminópolis,PALMINOPOLIS,GO,-16.7924,-50.1652
5216007,Panamá,PANAMA,GO,-18.1783,-49.355
5216304,Paranaiguara,PARANAIGUARA,GO,-18.9141,-50.6539
5216403,Paraúna,PARAUNA,GO,-16.9463,-50.4484
5216452,Perolândia,PEROLANDIA,GO,-17.5258,-52.065
5216809,Petrolina de Goiás,PETROLINA DE GOIAS,GO,-16.0968,-49.3364
5216908,Pilar de Goiás,PILAR DE GOIAS,GO,-14.7608,-49.5784
5217104,Piracanjuba,PIRACANJUBA,GO,-17.302,-49.017
5217203,Piranhas,PIRANHAS,GO,-16.4258,-51.8235
5217302,Pirenópolis,PIRENOPOLIS,GO,-15.8507,-48.9584
5217401,Pires do Rio,PIRES DO RIO,GO,-17.3019,-48.2768
5217609,Planaltina,PLANALTINA,GO,-15.452,-47.6089
5217708,Pontalina,PONTALINA,GO,-17.5225,-49.4489
5218003,Porangatu,PORANGATU,GO,-13.4391,-49.1503
5218052,Porteirão,PORTEIRAO,GO,-17.8143,-50.1653
5218102,Portelândia,PORTELANDIA,GO,-17.3554,-52.6799
5218300,Posse,POSSE,GO,-14.0859,-46.3704
5218391,Professor Jamil,PROFESSOR JAMIL,GO,-17.2497,-49.244
5218508,Quirinópolis,QUIRINOPOLIS,GO,-18.4472,-50.4547
5218607,Rialma,RIALMA,GO,-15.3145,-49.5814
5218706,Rianápolis,RIANAPOLIS,GO,-15.4456,-49.5114
5218789,Rio Quente,RIO QUENTE,GO,-17.774,-48.7725
5218805,Rio Verde,RIO VERDE,GO,-17.7923,-50.9192
5218904,Rubiataba,RUBIATABA,GO,-15.1617,-49.8048
5219001,Sanclerlândia,SANCLERLANDIA,GO,-16.197,-50.3124
5219100,Santa Bárbara de Goiás,SANTA BARBARA DE GOIAS,GO,-16.5714,-49.6954
5219209,Santa Cruz de Goiás,SANTA CRUZ DE GOIAS,GO,-17.3155,-48.4809
5219258,Santa Fé de Goiás,SANTA FE DE GOIAS,GO,-15.7664,-51.1037
5219308,Santa Helena de Goiás,SANTA HELENA DE GOIAS,GO,-17.8115,-50.5977
5219357,Santa Isabel,SANTA ISABEL,GO,-15.2958,-49.4259
5219407,Santa Rita do Araguaia,SANTA RITA DO ARAGUAIA,GO,-17.3269,-53.2012
5219456,Santa Rita do Novo Destino,SANTA RITA DO NOVO DESTINO,GO,-15.1351,-49.1203
5219506,Santa Rosa de Goiás,SANTA ROSA DE GOIAS,GO,-16.084,-49.4953
5219605,Santa Tereza de Goiás,SANTA TEREZA DE GOIAS,GO,-13.7138,-49.0144
5219704,Santa Terezinha de Goiás,SANTA TEREZINHA DE GOIAS,GO,-14.4326,-49.7091
5219712,Santo Antônio da Barra,SANTO ANTONIO DA BARRA,GO,-17.5585,-50.6345
5219738,Santo Antônio de Goiás,SANTO ANTONIO DE GOIAS,GO,-16.4815,-49.3096
5219753,Santo Antônio do Descoberto,SANTO ANTONIO DO DESCOBERTO,GO,-15.9412,-48.2578
5219803,São Domingos,SAO DOMINGOS,GO,-13.621,-46.7415
5219902,São Francisco de Goiás,SAO FRANCISCO DE GOIAS,GO,-15.9256,-49.2605
5220009,São João d'Aliança,SAO JOAO D ALIANCA,GO,-14.7048,-47.5228
5220058,São João da Paraúna,SAO JOAO DA PARAUNA,GO,-16.8126,-50.4092
5220108,São Luís de Montes Belos,SAO LUIS DE MONTES BELOS,GO,-16.5211,-50.3726
5220157,São Luiz do Norte,SAO LUIZ DO NORTE,GO,-14.8608,-49.3285
5220207,São Miguel do Araguaia,SAO MIGUEL DO ARAGUAIA,GO,-13.2731,-50.1634
5220264,São Miguel do Passa Quatro,SAO MIGUEL DO PASSA QUATRO,GO,-17.0582,-48.662
5220280,São Patrício,SAO PATRICIO,GO,-15.35,-49.818
5220405,São Simão,SAO SIMAO,GO,-18.996,-50.547
5220454,Senador Canedo,SENADOR CANEDO,GO,-16.7084,-49.0914
5220504,Serranópolis,SERRANOPOLIS,GO,-18.3067,-51.9586
5220603,Silvânia,SILVANIA,GO,-16.66,-48.6083
5220686,Simolândia,SIMOLANDIA,GO,-14.4644,-46.4847
5220702,Sítio d'Abadia,SITIO D ABADIA,GO,-14.7992,-46.2506
5221007,Taquaral de Goiás,TAQUARAL DE GOIAS,GO,-16.0521,-49.6039
5221080,Teresina de Goiás,TERESINA DE GOIAS,GO,-13.7801,-47.2659
5221197,Terezópolis de Goiás,TEREZOPOLIS DE GOIAS,GO,-16.3945,-49.0797
5221304,Três Ranchos,TRES RANCHOS,GO,-18.3539,-47.776
5221403,Trindade,TRINDADE,GO,-16.6517,-49.4927
5221452,Trombas,TROMBAS,GO,-13.5079,-48.7417
5221502,Turvânia,TURVANIA,GO,-16.6125,-50.1369
5221551,Turvelândia,TURVELANDIA,GO,-17.8502,-50.3024
5221577,Uirapuru,UIRAPURU,GO,-14.2835,-49.9201
5221601,Uruaçu,URUACU,GO,-14.5238,-49.1396
5221700,Uruana,URUANA,GO,-15.4993,-49.6861
5221809,Urutaí,URUTAI,GO,-17.4651,-48.2015
5221858,Valparaíso de Goiás,VALPARAISO DE GOIAS,GO,-16.0651,-47.9757
5221908,Varjão,VARJAO,GO,-17.0471,-49.6312
5222005,Vianópolis,VIANOPOLIS,GO,-16.7405,-48.5159
5222054,Vicentinópolis,VICENTINOPOLIS,GO,-17.7322,-49.8047
5222203,Vila Boa,VILA BOA,GO,-15.0387,-47.052
5222302,Vila Propício,VILA PROPICIO,GO,-15.4542,-48.8819
5300108,Brasília,BRASILIA,DF,-15.7795,-47.9297
